amount,freq_per_hr,gas_price,contract_call,hour,label,from_addr,to_addr,nonce,timestamp
24.976687779216768,5,41.24016420648134,1,5,0,0x8ef577d40568f1bc1904121a3a289b16ead2973d,0xd6dc46220462490d6caee7703810ff5dccaa050e,88708,2025-10-21 12:21:08
10.492088646316471,1,51.469045232565655,0,17,0,0x38a26069a1bdd5ec8520bbe33fc799fdc69f66b1,0x5e8cf43733ac80b2a3702dd15b89c8e942788a0f,4883,2025-10-21 12:21:08
22.281922188975145,4,65.51246943269463,0,18,0,0x8510a0033db8cbbf022715a3c95c4b880205fbf2,0xbe94c9b8a268dc114794738c34bbb68e4d6cc311,53586,2025-10-21 12:21:08
10.226513904858274,4,52.88291656636004,0,21,0,0xd05f4bb7d17b4f7bf93e39ee3fdae538826b4eb8,0x41de113764f65e7de7645aa976f49f73c53b4921,61622,2025-10-21 12:21:08
23.584171338198814,6,34.476705303968046,1,11,0,0x1294bf49bedd6cfd77d0d020097f0818d68200ae,0xa02ca0d5a12c74b112274738215afe31fd539a3c,17089,2025-10-21 12:21:08
16.455446258552517,2,35.3922044175511,0,20,0,0x956854fd117e07a9a6642666fbeea1223bf89ef0,0x933708d244336d392a8d339b7bfa63d791cc81d9,70087,2025-10-21 12:21:08
11.650306055678179,3,52.69135779310033,0,7,0,0xeeb66a3ca02f4b16d996b94ebf9e5033a7e10654,0xdd2fc5687a5ee7aca499cdffbb830ecd74c8287d,50292,2025-10-21 12:21:08
17.389398775747345,2,43.83428653546672,0,18,0,0xbccc7aec11805cc2ec476cb37fafaff9ad1f64fa,0xe5eaf99a776d626b2acff8af4a7b22c2ce78cdf6,7013,2025-10-21 12:21:08
15.277486831411435,3,24.859367257622367,0,15,0,0x52fa9661f091b7a92a3725120835e617b8d9a141,0x052f09d1cb265ef1fb402d021f34f29d4a69c87e,95942,2025-10-21 12:21:08
9.66924888566882,3,47.2909483164638,1,11,0,0xa4653d16b98026fefd8c46e963417bee01b265d6,0xbb5eed8f7b3a18597739408e6f0a99fd28aab054,64284,2025-10-21 12:21:08
47.58015272290146,3,37.89863393162618,1,14,0,0xa4d3ee62c961bb7b5bfe2242f5f17caba8ce6d2a,0xd3060f01807c0a087d067131cd54aa4bfd7bc09f,1063,2025-10-21 12:21:08
13.608992424416739,4,30.10715735559782,0,16,0,0xdf93fb918fd4b1956c1e0c60231640bfbf796f31,0x10319a6fb440e14606ab1e18f793f483f9cb7c40,98283,2025-10-21 12:21:08
16.65438353294576,2,34.68893946705737,0,14,0,0xef6a15f0d66b33e941893a8d280636fd9ef53376,0xe69aa267f3aed596726465c4e29121d210894fd8,58833,2025-10-21 12:21:08
14.600782744171605,4,48.36583045459035,0,23,0,0x3a550c1f355071c4344e9796bd8bace0551a75ac,0xf7d6b5af3f996fc60fd8d3681c7a3d32f93808ca,85558,2025-10-21 12:21:08
7.329620706212403,6,36.62619210317533,1,23,0,0x989465ae453f2c005d87b187fddb83f81c0c8976,0x980c857c7d7fa7fb006abcb8ad97acff4786a9ac,73577,2025-10-21 12:21:08
16.0749487921126,5,44.67518964157905,0,17,0,0xdc7b0d8bf9a8eba8cfd53c1a360d82cc3b4bc234,0xe284a7a00ff2e14a8c87425756bdbc6e688024a3,40377,2025-10-21 12:21:08
10.20378932668695,4,49.72639762990012,1,2,0,0xb0fd89c9cfd3cf83d0b4c824f2b201186718c29c,0xb00c34314926ff31a7fc91a67925fb3b1718f8a7,31912,2025-10-21 12:21:08
4.38403939805042,5,47.52194854234287,0,3,0,0x1b087cebaf36bd2f23f1d93927a1fa823c9de9ee,0x9274e9d41b27d0358794cffd67b8d2a7e20cc368,68362,2025-10-21 12:21:08
14.822650117987354,2,56.572445477310254,0,3,0,0x2277cc53037512b6aa33efe47dd68fe4035589c4,0x969addfd4ce0f0b832a466e47493d5237992acf9,68039,2025-10-21 12:21:08
15.320032279679786,4,38.276064156734975,0,9,0,0x45a5257b5ffbfa42045d5d52e3e2176a7c5aebed,0xc2579109c061893d644f68388a709faae827452a,59841,2025-10-21 12:21:08
8.112069526921706,2,44.58508895422621,0,21,0,0x60943921dd879e15f22466a90a6655cfc122c218,0x61c21cfa8adcd275c0ace579d2fd6d501fda4635,7880,2025-10-21 12:21:08
4.411549161159736,2,32.409350885518066,0,13,0,0xf51295365e5b2a7851022f7f40a3649ecf5d9318,0x149e2058fdd9737a4236e4322957e303be47dc61,34344,2025-10-21 12:21:08
18.49913212622731,1,38.36835409873817,0,22,0,0xe11cb10cbb2560d4403f90cde0be6626219e3d92,0x8e280861960a26214e2c86a005e308d1f02ee9bf,64133,2025-10-21 12:21:08
12.041370188863624,3,32.37037063132677,1,18,0,0xb6bb05ed17d4296daee14af7fca0e02f2c6563a1,0xb0c3f35b2ce85d6581ad741c6b4ff7d9a56ab018,11164,2025-10-21 12:21:08
5.545009092629553,2,64.82470450168927,1,13,0,0x190dcd8dd6921d264b2816e955df651fa42879fa,0xe663cfc3293b95fa29705c1fad0b3bc56a025cc5,9229,2025-10-21 12:21:08
6.6535344748529,4,51.56929066342088,0,23,0,0x1e0e33b9a16ce266053a7ff723e0916edfabe6c8,0xf956a6b9e7a19d09dec6fb010dbb02344f1a2df7,22247,2025-10-21 12:21:08
21.87005999344597,2,36.101552290588586,0,18,0,0x988578bd63d35da3a677d71d9111f343e436f90d,0x13682267d3d04ade3da7c6153686e175864f76f0,85582,2025-10-21 12:21:08
13.844914442590444,1,38.21505269512778,0,17,0,0xc01c0be9bb9cda25f9a505f465bb61b0d681b625,0xaf46f96adf247e8d8f94f17634bf9bbaa918dbe5,53938,2025-10-21 12:21:08
14.244975663071804,1,42.48448099815864,0,0,0,0x2c9caaa4e17d7650707a179b36f4f7be5de40298,0x870c883f035f383971b67d59c57218794c455162,58158,2025-10-21 12:21:08
7.88177956982969,6,32.89257373370835,0,1,0,0xed84254e01b4d8b38205e9d63943f20cf594fffa,0xf7825759238bbfab03907e6619e577e47c1df391,59126,2025-10-21 12:21:08
21.340185677372652,2,42.734725276171616,1,2,0,0x045940d490a2bc1c031490b90a936dd11045fc51,0x4fa2565a11e3d674d90d8ec7e0f8f4d799b168f6,94127,2025-10-21 12:21:08
11.211347214960218,1,43.8641188637895,1,7,0,0xfbb657589164023b16f02b8ad143b24f50102773,0xf8346f011eee98280a29e11054deb4a85836cfa3,78126,2025-10-21 12:21:08
8.231781541457318,3,38.751653815655175,0,22,0,0x5b8d61a1f279e8cd28bb9fb74a92a68b52f467cf,0x0314a1c1badb36c2ab6a8e23060cb2d8b499af18,94538,2025-10-21 12:21:08
35.254979083857606,20,145.8154179691469,1,2,1,0xdb319f1b270d65d18cb4126690e9daab357f2fd2,0x58bad3f5b6ad53f751cb50e8e9b67baf37b0af35,74596,2025-10-21 12:21:08
16.833080474958592,3,39.12262030680102,0,12,0,0x7770771b867f1fff365607c6c30e79679048f4cd,0x96b2991809d09140c5d791421d5f0b7e53bf4175,45398,2025-10-21 12:21:08
8.83621725787205,4,57.02249003361171,0,7,0,0xd9b28cf83f3a76a45e2de5c79fdfca827b214d3c,0x5207b6b0bc791af747ab5e16aeace538cc3f0c2a,10864,2025-10-21 12:21:08
4.129334245105044,2,54.219363780076165,0,15,0,0x45e20e351108213f50887531f76bd32e5ee016a2,0x72dd6a0ed338ba0abec897e95fa3a5516872739f,46481,2025-10-21 12:21:08
5.211030113636186,6,30.75832399812401,1,3,0,0xdcf0199fd866d97ebb7f81d77cf443d4114ac208,0x02049ea86f26b7f321d726aaa14487791e1b96ee,29050,2025-10-21 12:21:08
4.2408185639504055,1,33.32242584100079,0,14,0,0x1dbd91d316eb9e0a1a4e1838ab000df3876e028e,0xbcc3e2fc26035e8b00166ed43ce9c57b61a15b04,66297,2025-10-21 12:21:08
6.204127180716417,1,52.2651162233606,0,3,0,0x84fbcff5afc59304c00a446f1e51ec943a941775,0xffd062840937d658bbd39bd0db953092a047bdc1,67630,2025-10-21 12:21:08
13.624540141016308,4,31.884508621013183,0,23,0,0x230f894d7233f7eb8268132738003229b1d99170,0xbd5546093a5d351a8f3fc4e6706981a1af3b08b4,95316,2025-10-21 12:21:08
14.574184009152864,1,36.93490370974418,0,15,0,0xde79218f4ed4c536f6a85fc08bc984603b93f453,0x2563dedcd1b4ebd699211eabeba33d42ad0cee30,20165,2025-10-21 12:21:08
13.701525171965727,4,35.114709921340996,1,20,0,0x5962870c1198b8806ebac2a87208c90e2c55da93,0xcb7e41b44047917c7b03f49720639b4530a7ac82,57317,2025-10-21 12:21:08
15.132388239656924,3,69.5987198502938,1,18,0,0xf1fc9594c56af8bbd6394fec5cf8446f12b199bd,0x9349c84620f5c9057d87c465837ba8f6b618be49,61317,2025-10-21 12:21:08
14.012218216500305,3,41.87071032809986,0,16,0,0x1254aefdc411b02bbafd6a46f8f5100f98d553bd,0x23c9125fedcb01305b3f193b75a0c4a5332c995b,96651,2025-10-21 12:21:08
353.4029216468936,22,118.66461250806381,0,2,1,0x1922756801e8f4308ac83f89c0e403ffb4da215a,0x8c68fbd5c1561d0c5eb7fa5755d72ee2536a681a,52993,2025-10-21 12:21:08
8.599344075991269,4,46.87107100125092,1,3,0,0xc290ac41fe1e33f360c7bc9f89cde5359f65a047,0x15d8c6547b1b2fbf50b7daa81cf84700bb30bd0b,54008,2025-10-21 12:21:08
11.732849316331961,4,41.44065082913029,0,11,0,0xe7b9839564ea727ed40c51e6ee82d9d333248ea7,0x4137a51213e4bde86f76a97ca42b6d02f6c36995,64972,2025-10-21 12:21:08
7.363049635696653,3,65.40133885996919,0,18,0,0x91bf8b9164ec64b570cacb04e029e8dc6b577533,0x367d76174d85e3803a43ce8028b64a53474917b2,14923,2025-10-21 12:21:08
7.3933922058186425,3,49.00641638339837,1,19,0,0xf350b15dda08b56db07bfbbbb44d56640a8e5c8a,0x4cba50d20e6c196bed2206b7ffaf38dc394a5887,37016,2025-10-21 12:21:08
17.15919714281245,5,44.35227740202124,0,22,0,0xf31cc2b39fb72753d6edac448c29e34067e58214,0x9b1b990b1d5ad6d50000f9ed9d0113f234322356,47166,2025-10-21 12:21:08
16.196884998852926,2,31.532143378845653,0,16,0,0xc8fa009292435b77ea30cfdd65435752823c4a1a,0x37fe54750fa0dc99578e3a68bc7bc7095a8e714a,52141,2025-10-21 12:21:08
15.411013301059338,1,58.906435959499575,0,16,0,0xf9ea915ed19079fd9c09d5bdf07d424efc00bd38,0x378b28e0675336e95e3493035ea168beea9161f8,14496,2025-10-21 12:21:08
8.239159491984202,4,37.486545303966295,1,11,0,0xd802cbf316200253061b4f76ab7c9dfa5f6858ef,0xfb0c3cbe10ec1954bc0e2b954575ad4a34ca8d9a,81350,2025-10-21 12:21:08
17.410861145699094,4,47.11879178828884,0,9,0,0xcb1c1d1512c77abf38707f0e39569c37f7ddd8d5,0x54aa744f787ee8e87d6efec6b0ee6e95fdb09c97,24330,2025-10-21 12:21:08
15.007484198208491,0,35.1334097227589,0,0,0,0x31e6f92acb2231fcc4294bc681895b5a2d9c8342,0x8aa1c3fa6dbcacf07b8cc71771a806cfe177374f,73733,2025-10-21 12:21:08
14.032397100488692,2,56.83549102581605,0,14,0,0x477d75ee0fa9fb5fba96d8b7ab7e610e1e5c193e,0x80c4dc8e530c9ebfd5ad668334bd8ee13d85d564,75743,2025-10-21 12:21:08
10.653860649890682,3,48.959142209580456,0,0,0,0x925bbcd7a514ac58594094456cc36453b781ba3f,0x3a2164038e7a640b4e73b474d3ae3c5903d0eb57,32088,2025-10-21 12:21:08
4.789675253104354,3,37.67700450262912,0,18,0,0xa77e82080228e0616ee0c9979c912d720f87e37d,0xf37d14ede2d6c80e73c9a4b048775b8352184a14,73265,2025-10-21 12:21:08
12.138199376327657,7,45.6589160860224,1,10,0,0x42f0c94a53626d060ca0113c0313f3880463b412,0x57f4eb1c64ca1b5a6f72a3b52a58bf4191da6d38,83140,2025-10-21 12:21:08
12.156189653205397,1,35.604348327460414,0,0,0,0x69ce63b00f3356889beb49a22e50624f66f80287,0x8f59c464c88e6e30e3bd20c9361cbbe6e58a1de5,64107,2025-10-21 12:21:08
16.38584925031308,4,72.68373605625943,1,11,0,0x1771726c83ea58afa4b02ae8f2aa9134668c7cef,0xca55258dbca217cdce2febe441151d5bb6fc393c,83531,2025-10-21 12:21:08
14.412511669756778,3,33.60938492383649,1,10,0,0x1b774ec28b6079c4589ed7dadd2c4f3d0496035a,0x2f03274622a5937240d0e7f6051b09441b4de631,68334,2025-10-21 12:21:08
9.281871255697599,5,51.77969970896528,0,4,0,0xb8a71a29c4a62b64955aadb3b7818ab35fd637cd,0xce4a5c7d8a976885b2dba7f20cb3d8c7dd5226d4,75967,2025-10-21 12:21:08
16.015110186587357,2,55.270604268730175,0,0,0,0x97079db2f4d97a53e3b356c49d7f67e37c52c7c6,0x2bbb0a8abb4afe69e83cecba426ce072c39e3a6d,70599,2025-10-21 12:21:08
7.913008164855152,0,45.64791350123381,0,7,0,0x94a309217d7b4fd4fea300c5e332d827130a41ac,0xb63579fd3c061ac2711359a18b18fe6a28851633,29262,2025-10-21 12:21:08
8.75668061310036,3,25.74432639667123,0,1,0,0x0014bee85b3e27203ac4f4f47f7bc3e8f0444782,0x64026c8864385c9f126e36cbb409283b4e19ea70,70416,2025-10-21 12:21:08
23.184974138131288,4,69.01583661030352,1,12,0,0x8ca721e3ecb1341b702690cae12dfd11ba565a5e,0xda3573130782d78fbc7d119c30b23b1b6c9266cc,77637,2025-10-21 12:21:08
15.936788128693726,4,63.64199525887349,0,21,0,0x87d7548b1656b3861c341970e2ed0e47681fb77d,0xa8330eeda5568999841011b0b729dd9fb7f50cdc,41749,2025-10-21 12:21:08
9.314821699110878,4,40.44657576854687,0,5,0,0x521d75344c8cc877fb1d2df7c46d75e470f0029c,0x6288319e84aeb78a0a26d1d336de177cef531e22,63766,2025-10-21 12:21:08
7.3630149298217775,4,43.1080981872492,1,20,0,0xb554ccd64d13063c3c3273780e357d5b5938f6da,0xfb23ee689ce3fc695f987125411440e9a28fe9c2,27365,2025-10-21 12:21:08
6.731818638195163,4,37.76831561170607,0,9,0,0x501b5afe0eeaf40c2bbb64ebe900fe7adc86c2b5,0x5516887d47f800ac46c88d202f764a9be8c35b45,12333,2025-10-21 12:21:08
21.42294861823537,3,60.14280735720484,1,5,0,0x293b32954a882c8cb2304b8e1391d782ce8556b4,0xe32e44da19f3c2d64e5dae6193de5259e0794ddd,89648,2025-10-21 12:21:08
21.59368817994576,1,39.50075167535654,1,22,0,0x5a02bf8b447aac1c686b4cff53db6032fcf30bc1,0xad0d99ea0a9eb2517a96a106fcc6f2d9c7746252,32965,2025-10-21 12:21:08
13.580201163274854,2,48.14971871555332,1,6,0,0xbafc8e6c510161276baada8b360aa16e15c9bf8a,0xab86078910eea385acb97644fd5fe5472848428f,54163,2025-10-21 12:21:08
11.422884021106668,3,38.03538910213312,0,12,0,0x496c078ec45caff731e9714ec54552aaf2822ad1,0xff1bfc4263fed7f04715659256c2b912bd0632d5,5529,2025-10-21 12:21:08
11.984537488690782,2,40.10585765505579,0,1,0,0x6993054da15023c2ec5a3d0448f7e747d960b6a7,0xd2ba928f1e49e9f1536c071ee3ac6de7f8488267,99774,2025-10-21 12:21:08
7.606940179817896,4,41.02451303454222,0,13,0,0x2871532a59ce8199945361610a417bbb703d84ba,0xf0a94021c13f4a0a5aa4c35f175e2f3bc1383c72,86245,2025-10-21 12:21:08
52.84965517886084,0,48.808264183452536,1,10,0,0x9c524dbccc07ae5fb133884fb20570a0eaf66121,0xce41d8f8d9613e58c530ef66524f6564b09a4199,24701,2025-10-21 12:21:08
13.935722244018963,2,49.10383276786892,0,4,0,0x5cc77fe0a8a78cdc8ab520a792c6c9525b2cecd8,0x13d5469e790ce7fd29bd91d14c132e78afdbddd5,24338,2025-10-21 12:21:08
18.04050294738119,2,42.31631200862619,1,18,0,0xc0c74e308cf8c4da8e9d8670399e3b82eb9e90ea,0x3aad1a7ed213c1286ae09448fb00df966afe73d6,44803,2025-10-21 12:21:08
33.310157728539096,2,56.42207392885558,0,21,0,0x46b3855299495df3c246a51044bfffb52f0e3391,0x5e017567bfe4413a16ddea8a13ae78376c435512,35911,2025-10-21 12:21:08
16.579385129412557,5,30.396975647907773,0,22,0,0xd75b2ef0ba273f2cfa3afe313ab83bf000d45b5f,0xa532c35e20d5e18f50a34b72ac88feb9a436c856,99127,2025-10-21 12:21:08
4.731132986307097,3,31.85121335595588,0,8,0,0x58095c7f7befe2c493b0841b1a63041e6fe8c0b1,0x03e10ca6a93146f162d7608e5bec3fe511794605,17115,2025-10-21 12:21:08
16.960569785189463,1,39.58226763988398,0,17,0,0xaf5768d1bf83ae264c4bc155b346d754b26724a1,0xaa96969c2b8b848fca66819e47724b3315b07b98,81186,2025-10-21 12:21:08
16.48462138984172,3,46.26312514586999,0,10,0,0x99b3b3bc724fa4183881881fac58f316e85afad3,0xa4c5050d4c84eed2bed323bb9ed52d4602a59176,89947,2025-10-21 12:21:08
11.442453947827445,3,21.569608983481594,0,15,0,0x0326aca94b2d1c14cc77db4cf1c36d596417db1b,0xb14ce3e138919f9c537c38e926e4da0f28c84df4,52138,2025-10-21 12:21:08
36.557094068092326,1,48.454141816438536,0,12,0,0x7fe62c3c638600e3ddc8c3c40ed1a3b3a95c57bc,0xa3de331620ba928b896059012aad5a67865491fe,34295,2025-10-21 12:21:08
12.603694117780687,1,33.110588819466514,1,4,0,0x8d00e53a308ba2e49072de0950ee243f65b2fa77,0x7491299bee697497cd9c951fbdb1737858ff5ad2,41113,2025-10-21 12:21:08
5.1398978874227925,5,38.992520693614324,0,11,0,0xd1f6d017b01b04655574e962892dd520023d18ea,0x705ee299286cd15bc39a636576f8384ca8eda3e2,57135,2025-10-21 12:21:08
7.9892280846086585,4,59.79481761860873,1,18,0,0x7bcff263438fa6c3fc716a07cdbdce5b48828cec,0xed6f3425c3017fe3bfeef91cb36a150b284dffa7,56479,2025-10-21 12:21:08
13.627094570598418,4,35.61532894258915,0,10,0,0x814a1063435a17372bbaf4b2befc6e2eb78cb12b,0x03f298e6b2d0ce492a124497f317ce79c7bcda0e,94578,2025-10-21 12:21:08
12.933111672015826,4,55.31380525277331,0,21,0,0xc64961dd30ef470666e0ba2a1ee41cfd44f3a695,0xb8337b753c24cd76a7edba0ac3c85db97dc74a7f,29533,2025-10-21 12:21:08
15.552655134903366,1,74.14109215768362,0,3,0,0xf1e3cfda688b208f765de96a85eddf92cd239cde,0x35655e7de478b3e24c99b4d62ca9d8dc5d980191,21042,2025-10-21 12:21:08
26.857860156285234,6,34.26809725932951,1,2,0,0xd9798d7a9133b1c7216e0eff5cc2c2e4d2b3cce2,0xa736337da932a9824fa085437a1d9f4f70b26aea,28788,2025-10-21 12:21:08
14.101489474054057,2,40.709627519073344,0,20,0,0xf6f2d93118a0f0f90d212d481fbaed0a52c65af6,0x9b498bd0ad69b5f93aba9959a88b1d8c15c6d8ac,15775,2025-10-21 12:21:08
18.225178022223993,6,51.44388453538182,0,20,0,0xcc40d226edc2a433c606ef72e23ec5d60ec3b6fa,0x5fcf79eb2951e0b5b2ab45cf95b9c6ef6aff5b07,43731,2025-10-21 12:21:08
13.74478429332241,5,30.544818522546766,0,15,0,0x1009dd5b4092ea6b8c8e520291a474f02b464d94,0x9d309c12511d5b34a724093dd4dc3bd87abc181f,16384,2025-10-21 12:21:08
40.69571169994963,1,60.42806773769682,0,8,0,0x6ce7d76cd2a105c8248dd86d3a1130d3bda5f564,0x5155a69c4b2bfe1c3cdb0ab17f442da05efedb03,70826,2025-10-21 12:21:08
3.061323384780115,3,49.45677907081924,0,23,0,0x8113e3303b482e2d4952097b012533e85b16ec28,0xd3a23d55da553fa661bf5490d28ca8f98a94583a,73750,2025-10-21 12:21:08
8.272428744493594,4,48.78046260427883,1,14,0,0x5f7cfc0152054c8540e0a065df4f3adcca7a74e3,0x3b8b6595ce4ba32d641248b5ea17bd55cd7e6fef,48923,2025-10-21 12:21:08
12.68213652318877,4,30.752343462785106,0,19,0,0xe164288aea9dfaf70b21f31ba7034d9371811c1b,0xce4ad80c3e9ba8f1cfc225e224c24217f25af107,93360,2025-10-21 12:21:08
10.828592511344072,4,35.05143647532459,1,17,0,0xf9729ad9ed76936a7552491b446f3da583ad5cb8,0xb21145ad15083fcdc42506721bfd37a7dbac71c3,87945,2025-10-21 12:21:08
11.553989296727979,1,53.26838630709114,0,8,0,0x9bf070f323d6cd8890e9083bcd2c84b50f0cdf69,0x9e0a6e95a69b45b558d3189645a64457c1ea98d9,50620,2025-10-21 12:21:08
17.36389236051629,3,57.1644738727708,1,19,0,0xe7fa7dc6ca801c2cbc433e77a609e30fad422316,0x437314f432a4f88857f0e06bf413f357c2bbd6e1,78680,2025-10-21 12:21:08
13.872037922090813,8,46.94955092412187,0,18,0,0xbc34bdf158f771e37a0727561e05b23ce821f115,0x8b6e0c3194824a91e3176f66815ebcfd3cb9a58a,2335,2025-10-21 12:21:08
16.530960455698082,2,40.340490219279495,0,14,0,0x1af666dc16977d14d5859599e589600d3eb12b6d,0x01f5febb6c206b1bc53f9386039513100f8cda83,43926,2025-10-21 12:21:08
7.168421939582871,1,51.25318334021503,0,10,0,0x6db2c1ecc08928ee3e95c69d505ad54292a9c67d,0xdc7b9fa64e91863fe9d112ceed5d049d2669eb4e,99026,2025-10-21 12:21:08
14.759237537476846,3,51.39902957152084,0,8,0,0x2269b6a8d5ec6a9061628c467cffb1a06e551232,0x8ac978a5791471e1213f305b66db4314e37e9064,37110,2025-10-21 12:21:08
17.32267402904515,5,40.56570581764964,1,1,0,0x12d58350b5bf28363a5d61957ecceb5130e67919,0x940fe8ce61a47dea6d165bc78d6d7b9660f494e3,23696,2025-10-21 12:21:08
24.62192759493453,5,37.33533568980212,1,18,0,0xe4a7a7e47d5ee4cda34b30276be6a28fe57723d5,0xecd06743b82d2c3617131d8c3481350065cf3448,44724,2025-10-21 12:21:08
5.016101602139988,3,49.700136612466615,0,4,0,0x1bbabf61a4b38cce16c6f6071ee41fc465ceb437,0xf416ee9867cfe92ac8693b9c62af9d621f0a5fcd,25968,2025-10-21 12:21:08
5.398120930752096,2,48.68497586839039,0,20,0,0xad70912c0a29b7f3cc66fa4bf0936d41d71a7caf,0x29bad1a27231e758de7cf3cc7e0a8f434c01c1ea,49971,2025-10-21 12:21:08
20.31704117980229,1,36.48819517552515,0,0,0,0x1aff430db79fb2c334283d9eafa35e7c633494b0,0xce8523c0e66c7081c0072c55a11f080cc5b85a53,70441,2025-10-21 12:21:08
18.54473511816442,4,29.549435925935647,0,0,0,0xc79c4223fb6f40dbc4d45d64ecad1d1c306c0296,0x4c0f2a510c0d099b0c5d933d3764de6797a66cd8,68721,2025-10-21 12:21:08
6.7833836997235535,4,54.5300949821405,1,6,0,0xabb5ee64f75b3da01b53266f17eeaf0a96f9b0cb,0xaee471bfec7080d7e2d3ecafc96e9fc2f8277d2c,60477,2025-10-21 12:21:08
5.189554079117766,3,47.01738654796044,0,7,0,0xed2ff29d1d9c43c51d3b60ca20189f4c3b37b2eb,0x2947544ab575686df89c025fe2ad1404ca789c53,73751,2025-10-21 12:21:08
3.7441178920259643,4,44.026888492984085,0,13,0,0xfb315bf8b3a53d1cd5b63ba6ca7a2e141949ec57,0x27be176111e0676e3aeb8c14ef1217e9dc544f81,95288,2025-10-21 12:21:08
8.684612847525942,2,27.952140942098854,1,17,0,0x532fdd1c011e480396ad9272f7c143a82ba4f98c,0xc05775221c116e98f9dfac6b7bb41d74fcd85c60,49541,2025-10-21 12:21:08
21.21652182972651,3,26.570630937523244,1,9,0,0x5f10ba06db16039eeca3e4dfd9ee06a1befaecac,0x7666e6ea0b866acfb0597d4bb0c4e113dfba3e96,3154,2025-10-21 12:21:08
11.990224283333335,4,53.406067127833836,0,0,0,0x17e85a00da672833278010d396d6b5caf4a3bcfd,0x8ab17d7a788d96f46d69967e1c3b831653c75731,51826,2025-10-21 12:21:08
6.589568744003843,3,37.493731780232444,1,19,0,0x76aa905d13475a14e45072462d9ece5469ea2cd1,0xb58b8efac8d229244c479b7ed7fd8951850bb46d,97874,2025-10-21 12:21:08
41.94875502704447,2,41.60469843334013,1,15,0,0x32e3643de56bda4b626be2d5f7ce59a2b487f5f8,0xbb0e6a441b38b187ec3b15e6e17845591ca0da45,56812,2025-10-21 12:21:08
107.54916261805107,16,130.37041703493313,1,4,1,0x1ca89c95f8b341203b1bef109b135cb666e3b4df,0xdfbd07447d78a329fa10d9457de5e174c2d5b526,2674,2025-10-21 12:21:08
176.80504471791681,14,126.9391579359507,0,3,1,0xab20d79a6d8d93beb44c6c876d0b9c59ee8c6082,0xf667a6c34d316c2c008a268d6a75a2f09d75e1bc,77899,2025-10-21 12:21:08
9.882926964516779,5,49.28352913771449,1,11,0,0xd83e8ce7f638305392b4f2a8b5e247df754e40f1,0xf97398eb8835d39946695b93ecbce4e48defa535,8351,2025-10-21 12:21:08
18.12474994871536,0,35.153663129820444,0,2,0,0xeba35a60f7b08e3be6ad5ec8fd1eea6a4c60aa98,0x669f25ad6e036b90d75d5f2538c35acefcdc5a03,24639,2025-10-21 12:21:08
23.94929812851256,3,46.32597672026101,0,9,0,0x0d4d7061668536631ca8d74d40a8ad9a7495b9af,0x8daf95b36d9643e3e65321e36d1cb8d8f5805254,66271,2025-10-21 12:21:08
11.047010204600301,1,44.99391517677711,0,2,0,0x9f759d326c160c94e8cec07887f3dd606540790f,0xb4d0d4ca5ee09fcd6cf06adb86dfb9eb42657d79,74243,2025-10-21 12:21:08
30.830458719898935,2,59.91673858801808,1,21,0,0x0de2c7f7de64e717ba19f4ac3ec04601bed8b4dc,0xa562d3652e9629cd7c6305e4d89ffe502e1f20a1,31910,2025-10-21 12:21:08
4.746817097767306,0,38.28692408628914,0,7,0,0x616f66481317ba0f8bcd4ab2ba30f2a7b118440c,0x7d28aa31b684f08860302607c93f3bb0477d6677,17814,2025-10-21 12:21:08
17.32437130801999,2,42.848036764398195,0,9,0,0xf575de6d310fb5894b1023f687869770bdebe81b,0xe0197088cbef91b5ee396e1c9f0fe8fbb8b84b25,15046,2025-10-21 12:21:08
7.080963775592367,6,38.631176110610426,1,19,0,0xad6c99c43002de072a9153fccdadcac311a54834,0x90fd97931a3d0f9e9c7e50c01612ba8085fe8bf9,93267,2025-10-21 12:21:08
12.274886662851978,3,57.14666780132902,0,5,0,0xe0bb124b43df928056939278c0eeeeab9860649c,0xa76965cad78784233880dece414a42369c32f9f3,44579,2025-10-21 12:21:08
51.52408411862116,4,45.967549184388005,1,22,0,0xc6fb87517bd37e637aaba1856902d94eb6084cb2,0xa104880b0766d8b476d11c30944043bd9af43882,58043,2025-10-21 12:21:08
8.384462478629944,0,52.413198169079145,1,6,0,0x69f799266f398004c29c84601eab3e84487160f9,0x2260c38b72759cda2b89cf679a1c2c615ff6aaf5,69044,2025-10-21 12:21:08
27.48784802863186,5,55.578010075419186,0,17,0,0xaae82c13f32f1434cbb7afe189f07b41749ed9cd,0x4824c4770d5b5ea9c14c5208f13887df30aa617d,16400,2025-10-21 12:21:08
122.16905788044109,13,128.75287088372764,1,3,1,0x263afa9be59701dc7e698175e03de168f534a0c3,0xe99da192e531023884b4672feb46ea1826b8821a,57594,2025-10-21 12:21:08
2.7649244196178944,5,53.81062187380665,1,14,0,0xc9285e32bec37b4cea047aebf3d1ceff2da8d624,0xd44dc75b6a78343f8b1cee7ad6ecf67caa0061b3,53863,2025-10-21 12:21:08
18.29733686589524,4,49.076897368371775,1,11,0,0x293b7d22aa79c96691b69a92d6c3c775cb2552a3,0xb5f44a5961ba3f64adbf9e85c3aabdf93c2cd570,13142,2025-10-21 12:21:08
8.24032505393591,4,50.10600690410313,1,23,0,0xe1e0169f4f821e31a6957c41c3013533da9f91f8,0xe136b1ab9bf72e1f6ab9831894c9694bc4547aba,22857,2025-10-21 12:21:08
18.783958577197986,4,48.38758162280366,0,14,0,0xb977425d876dae7f35eed4b172d47ae8cfe8d416,0x32d217cd651190db918f0cff9314d970f8644881,79296,2025-10-21 12:21:08
13.222516854621011,2,41.75823138959359,0,23,0,0xfaa6ebc77ff4e0cac33ea272c415e5770419b49b,0x74df18346147bda0ba713ab2199f1952933131d3,28408,2025-10-21 12:21:08
13.333122370206564,6,40.51091612686994,0,9,0,0x83707575a2ebea74b9f4eb65862aab48ace9d10a,0xc7ee8e33ed606c83e1cee31965cba1e58afdf784,18285,2025-10-21 12:21:08
7.193734565523849,3,43.73335972652337,0,9,0,0x771dc741662d0af313710adfee296cb5567229c7,0xde9149d2dadcde361d5ea09f2a6ab4b766d00c5c,3536,2025-10-21 12:21:08
198.73162027866005,16,130.7689581477326,0,4,1,0xffbcdc694f358570bd5dd12513545e57845551f3,0x72770a48a9d9afb28ca8012dff3b449a42538b1a,65831,2025-10-21 12:21:08
17.342272925295866,0,48.88424613677506,0,5,0,0x0dbf006f0ff5155ba2e7a3c630548edde8bac7e6,0x06ef8982beace0867afe595ae310d5899f100d6d,13517,2025-10-21 12:21:08
29.977763027010518,0,46.97675566954245,1,17,0,0xd1d72596b54318df663df45bab13ec3bc36c6661,0x088a2a18dd213e6c37b4d1c93cfbc6c062f62bb7,53552,2025-10-21 12:21:08
8.158934207965352,2,38.46862610070059,0,9,0,0x491f4b5f25e4398affd7b6ae08f856cf2460b048,0x30f0384c424624b2052f12c448bfa81a5c88a500,77136,2025-10-21 12:21:08
52.65975195805036,3,44.50089766958838,1,19,0,0x60cceffb4e77b1694f820c3601fdf4f8d0b3bd2d,0x8e2450e03576fd1347637a73abb1ed24d0f434bb,36617,2025-10-21 12:21:08
4.895801594685402,3,37.49589872245344,0,13,0,0x4491484ea916fe5679416676f96dc87e1169eace,0x09698f4285b5f99c2d0f3d32cda4cdf887b95c3d,29905,2025-10-21 12:21:08
3.382433671685629,5,47.83130822319525,0,6,0,0x9208fdedd2053d0f37fa6eb09b85f1262c2422a4,0x1fbcf9f28f0f695141d8453e0e24271be10bd037,28834,2025-10-21 12:21:08
26.126054079102637,3,49.28967948548517,0,13,0,0xd4fb80d0ad8431b85e8436477c1ce497262e5155,0x77a0d0669d4750d6e7b7f9ce82d17da31114dc78,75145,2025-10-21 12:21:08
17.025056723573087,3,40.953041431366735,0,5,0,0x74d0e7b804b53da14dd3c6528d3efa4d27a6aae6,0xa57e50a89612187436dd877a1bb98174a5987454,4906,2025-10-21 12:21:08
4.492928908230384,2,33.83549144815952,1,16,0,0x76221c04b3feca10dd2c5c19ec6a6a2d08a41e7b,0x8ab450f7d7d7cdb665684f8d8387da4f9ea28222,86035,2025-10-21 12:21:08
11.9315847845475,0,47.16689097497673,0,17,0,0x993a9b6dc4c297104a3af9e6ec8f5a0ef7132514,0x0529e286fed707f7bbd759d43a86bfedfe0a0038,74447,2025-10-21 12:21:08
12.005768524315442,2,27.31943280825603,0,17,0,0xaf8e211e8512ed01e1a162ceda314d8b86b7cd44,0xf290fd02ceae673b16895d1868a193f596d2dc9a,54672,2025-10-21 12:21:08
14.91789646514513,2,54.714123576723594,0,8,0,0xb2502a168367916fcb2f7527ac28a2ff0c13cfa1,0xa4a3455d65d5ff31966a2de45982c2412ee52066,58918,2025-10-21 12:21:08
20.14778717352025,4,61.65142382543782,0,7,0,0x333f089a612c76338fe4dca4e6021a95ab590dd5,0x148c27321dec8a48f723b5a9bf4992448373912c,2097,2025-10-21 12:21:08
12.533927942082762,5,60.200917409911014,0,13,0,0x9f1a3522bf2f383c3364b1f62a08490a00b8fc7a,0x378bb5d7b9447ee3c29e1ecb7bdbe4b5dc8dc2e3,36680,2025-10-21 12:21:08
29.56283649355352,3,44.33834065453565,1,1,0,0xcec59ee553492296474b3d2b1267e4a023f9ccb3,0xb15ecf8fb1490cbc3f7231842aa9b6a086c03e63,64979,2025-10-21 12:21:08
44.34098747692986,4,46.73947208412811,0,8,0,0xb098b9ee31fc8d33a574b70c302a6040582aadbe,0x623b2c3b9c29d9432498a0dd3c637e6493701496,80072,2025-10-21 12:21:08
13.568474754175426,2,32.41735370632712,1,5,0,0x53513cc6fa58a605a2f7c0912fd26c7e867ae510,0x824a1553dc1fe77ec013cdbb05af12a863b9f0c3,4512,2025-10-21 12:21:08
10.430376460820842,0,23.97399308078978,0,22,0,0x28fc61d01e2fd5b8798aa765751c88281bfd2fd5,0x9c57a8ec3511f5823a88aec48446ef59a691df85,35618,2025-10-21 12:21:08
7.9949091855508625,3,50.58695282921819,0,15,0,0xd370c515df0e1857688a36463b9aa03ec9e2843f,0x8f016b151df945f6ec01102b5ba82be21cff1635,7062,2025-10-21 12:21:08
18.83016253505048,6,38.510014795268425,0,3,0,0x7e4f2f1e7b1d7f47f40bcada1df52742b96d73cc,0x7dd4c21fe5ab7cac9d312ff2e8935c8bd97fcb85,72749,2025-10-21 12:21:08
15.757081766727033,4,53.22682426574144,1,21,0,0xa85d044665ee71dcfc69e63b9133bb5d62e90280,0xdc1f49229b0a3c6265db0d4a5a895a710de0d6ef,74840,2025-10-21 12:21:08
17.31924673699757,2,60.184220306521794,1,18,0,0xc7152613985319d8e38d16aa47ad7dd3c3e72677,0xee7f7b24e6dced84ecdce3e358dc00f03e3a7d4d,50038,2025-10-21 12:21:08
15.198610137114212,2,52.589816954601126,0,18,0,0xa938e93754e34ecea067b8c2e894950885734466,0x9376d5f14cb158f8539b847b8453fb00426c3335,14086,2025-10-21 12:21:08
14.241968065239076,2,44.475261439369504,1,23,0,0x64370051b23df196e9021c8f7242dacbaba54a1d,0x8bbc8ca4cac73b7f9e8b77d8cf9d73d49548ccec,6158,2025-10-21 12:21:08
30.875427561886493,5,44.83945960751414,0,22,0,0x9f75de2cec04ba1c18ace965ec0ed91a6e2157e7,0x15c91ae774eb9743873111dabdcec9bf750bc932,86983,2025-10-21 12:21:08
10.582987087301442,4,52.98091048661561,0,10,0,0xaf15b463bc1f92897c84c4660bfed476a1d7190a,0x9ad6940bff539ee56805ca739833bd8c3807174c,76964,2025-10-21 12:21:08
11.677929970784733,1,46.7560354980437,0,21,0,0xada2f25b26f7280e2bf26aa4316269bf6af16593,0xcd00c5f0c1ade2eaa189b5843bd1371b71036f1a,59849,2025-10-21 12:21:08
8.542529571548194,2,49.79625319551573,1,16,0,0xa4b742155673b7b05528bbf4e069ed299fa357c3,0x2b51f8e55b70f921df0abefa5df3576eb225027c,67899,2025-10-21 12:21:08
37.56517737159448,6,48.30783806538236,0,9,0,0xeb87995671f4c6742e54788bb5e3383784c52b44,0x20cc9cdfb81672cd693f13f7ef1f592d25de2d1c,26545,2025-10-21 12:21:08
7.803073141346198,3,40.54204686173183,1,4,0,0xedf1958ae6d71acd8294d636f7ec9d93fe4a2472,0x121c5302fe9cad23501e924ab60bc1c3e90a0a85,2668,2025-10-21 12:21:08
19.211193350760304,2,41.64221382259578,0,2,0,0xefdc490120cafba884d343b46a71376845ea7ebd,0x1969d5a579c291d84c5a6c1a5b08b5a6b413b4a9,4364,2025-10-21 12:21:08
24.548953768937857,2,46.633346806775386,0,3,0,0xeafe4d837bd24e7e9b60b311ce6bb22ef550eee0,0x1811114d60db8ad5bf008f80d04f4639059c26d0,26770,2025-10-21 12:21:08
12.04428502028334,3,40.98790793455322,0,11,0,0xa5683fd95b2ccaf38dd04eea62e1cfa104c2ab60,0xd39b8e9d5158af0b4c7ecf691789d7b5873ceb54,96751,2025-10-21 12:21:08
10.143825318703026,4,66.71802667396602,1,11,0,0x8d1793586e7e618e0d122d9f3450dc759846a355,0x98afe30da8a864a682427fa036ecd89a1d8d5634,39216,2025-10-21 12:21:08
17.774721458420387,3,41.94367557593205,0,22,0,0xc357a418a33a69d95d3526520bf94916fc6f3501,0x037f5606531bc16219291dfad249ff994d69a2a2,27926,2025-10-21 12:21:08
286.1233518689658,10,163.5281194710107,1,3,1,0xe51bba3f398e96d6ba0a42f2537d37dbfffebf32,0x6d553acdd3de1a59a25eb220eece419b1e81a1f5,32654,2025-10-21 12:21:08
48.85199124060578,1,53.30498133985952,1,7,0,0x4bc4990e777d93cdf8f92658bdc33572a7d7dd66,0x9a07c083be267bd42d395b4325615297fd1f4d78,91319,2025-10-21 12:21:08
15.484085755834935,3,56.23427287095762,1,23,0,0x41bde1cb9b7a5720c5f1be844c97528f9393bc12,0xc68d8e76f5fcbca272ea8f8fc99d838b10f7ef5c,50291,2025-10-21 12:21:08
35.25052354122459,5,58.286464115446435,0,22,0,0x36c277f9a13700fdd3a1f07132e172e89482b4d9,0xa98821c64c9543039ccc22d40fa51c0a7e9e2d51,30055,2025-10-21 12:21:08
11.680263921046585,1,44.80681695728164,0,3,0,0xf58711c4443f7a40f9d4030550b7d31cd0fa269a,0x4f8632e83459480aff5f332d4736d7e49f079239,55480,2025-10-21 12:21:08
19.390445253863092,2,41.18862303326581,1,17,0,0x97461bbeff35bbfbbdbb4ff5b167cda856cbc085,0x683c35839721d3dc36d689132b2f6b9527e768d2,73261,2025-10-21 12:21:08
482.232787214144,11,166.72273815102534,0,3,1,0xb398b0f120fff1169c5b8d48dcfb9dfdf81ebf82,0x458f3fe48ba3e18ab2a5f8278223c01df02f5747,76704,2025-10-21 12:21:08
18.34160144441322,2,40.050354491092996,1,9,0,0xa2bfade8e6edae7687d31dca4f13db145a0eb71d,0x502d15753380132f84f73a3d9ca2891afba2e2aa,25143,2025-10-21 12:21:08
5.641808473752494,2,41.92951659074899,0,23,0,0xf4a74250076f99aa27ae7dd0961b11c463ab38d9,0xe234548666cba617eb905ba25573b21b52c386d0,99948,2025-10-21 12:21:08
24.078982970597103,3,45.92935652682978,0,5,0,0x86de9e37922b6cab8caf330f0cd2bc6ce831558e,0xd3fa79309fc145047e7181393367c73c35e841cd,88337,2025-10-21 12:21:08
11.241246085231559,4,47.839110587363805,0,13,0,0x37cdc218e5fa7a980c0a48661231984fc6a84e5f,0x8b8a086011e70a2cf04e327b630624b7f8e9a965,93763,2025-10-21 12:21:08
112.17392482399936,18,164.74200838634286,1,4,1,0x3d7004f981ae27f425f5d44515121f0b08c349de,0x4f4feca360db2590ec616fd38f40ba3ac3be3b22,31034,2025-10-21 12:21:08
6.310626433057467,3,34.92805012473022,0,0,0,0x6e1ba98b399cc07362ab8ec442a821ac8bb89bc3,0x9e44a19b9c82e3e1762eaa4b0b595b48e31b6466,17539,2025-10-21 12:21:08
10.983823725457572,3,36.934801675434386,0,13,0,0x3ca9ecc587925ec6ee5f2ddfdcc8318254dce108,0x62c4c05312ee2d069d269f9be8cfeefc57aa077b,28814,2025-10-21 12:21:08
15.133368121039606,3,42.832682108435385,0,5,0,0x2688bf957825466805f439bfad039a6f30900a94,0x25fdedd562e90c854e1349393a5ee3cb8b14df27,44702,2025-10-21 12:21:08
13.9193542393686,2,19.791529934272653,0,23,0,0x6f87183b9ea4ba43c5013378b3533bab8d3c5dc8,0xdfe2771ac9c6a5a0f13f142e58d96d4000e26ec8,78593,2025-10-21 12:21:08
8.618725342649308,3,41.90490114072771,0,20,0,0x26f60a1475ddccf6ee2582dccc5649c77562c663,0xd56da2a7952cb18a6d9f9fec8335190d92bda418,59083,2025-10-21 12:21:08
8.248228512283786,1,44.16866474278506,0,3,0,0x9fdc3d296425b5f51ca9b6c69b3af53f358bce61,0xcc0fc2e40390aaba60f2e33edc6e4ea72d7aac8d,97853,2025-10-21 12:21:08
35.281225185008964,0,33.43003544335636,0,5,0,0xd5d45c77e28568edc6980cf02c8004713e5e0e33,0x88dec0d87ce1262138e109ed6da05d4a722039f9,34976,2025-10-21 12:21:08
8.265219340980511,6,50.303691889987995,0,2,0,0x8857b9397e21547e0fab926cf9db39f4700b6ecb,0x546eba902ad3e536d9e9e27c62f8c9c4187e70df,81147,2025-10-21 12:21:08
10.540715312050775,2,54.6793194876499,0,21,0,0x8379e6d1d48cc82ab2165e46348feaf83512857e,0x365b8e7837db58905991eb284f409bdb1f86c36e,91569,2025-10-21 12:21:08
10.7523748858194,6,50.354587474096334,0,21,0,0xa416f5ae15c7c0f301f05a503ddd37514393b742,0x9b1b4b8ea1e24f4e762474d1910507f07582fdd6,35265,2025-10-21 12:21:08
7.244880569323139,2,34.04160836996042,0,22,0,0xff9be305ace9351f4a872f0927a241e0a9ed4451,0x14b04792e5c37cd145ae7186f9cd391711ce8369,97254,2025-10-21 12:21:08
5.355468627733586,4,43.914721574351525,0,19,0,0x811be48351dc3eb8e1ff03e303e2c1c9e376870b,0xd340e9099d2f5fbe0bb3811e1996651f4ec5595e,79168,2025-10-21 12:21:08
26.222004835228287,4,47.37829540758336,1,1,0,0x1b1b7b3f81d3ccee0258a0e4b1634712a49342fc,0x50b30cbec2bafdaaa1150382781454546f44b629,70483,2025-10-21 12:21:08
37.5510936716697,2,46.358559015662905,1,1,0,0xfb87fd5ed0369f4387e2d5bfddfb3600debb59ac,0x6743145da855575aacd00e9ebd1c02f235cc9f6d,58359,2025-10-21 12:21:08
12.75091756436346,1,26.403369594502017,0,3,0,0xcfd6fc8ef6f89d8dd76b2ad2a46cb960ff70cda3,0x87e583a561b0d97fc7a688b2f0e80b0bccce41e1,535,2025-10-21 12:21:08
12.730373856867285,3,42.12890495137657,0,1,0,0x1453fdbc36a31360e3f577c84d12185fdfab0266,0x465428f7da262a52f7242df79d8fe5ed93934bae,75917,2025-10-21 12:21:08
3.346670368892937,1,52.475461257864595,0,21,0,0x4f2ce645256d711d574d0a0983b90a71b1008c05,0x2af3dbe30082410698332e212c4774fea09d179e,48740,2025-10-21 12:21:08
13.933979349263696,2,31.338016623310825,0,16,0,0xb634339ee05d9d966765be72823c9fd5bdb72c95,0xd8fa68b8dffa5560a807919eaccef647ca9f6719,10152,2025-10-21 12:21:08
10.889698147146982,4,36.80613169501209,1,4,0,0x4448c6b8e8cd5d537d1409d1051b3cf4690baf4e,0xa8fb5a550d61e14c50fbdd00de6b08f2eb9c15e1,97436,2025-10-21 12:21:08
20.527461027810293,6,49.87218194630427,0,2,0,0x36d96733944af244767c4ba1781fdf0b520c5b7f,0x448bddc37660559757c5748b35a1232bce6852fd,56468,2025-10-21 12:21:08
20.25603970845276,1,45.954620413582965,0,15,0,0x8c5bf50426b8fca546a8f4e49346238eb1784650,0xcec8f0e4dcaae9e941400ad3ee5fcfdaf14a9423,60191,2025-10-21 12:21:08
8.488164350247075,3,40.153714353999185,1,12,0,0xef789a0e72b59747666855a8e5f6e61cb7ba53ac,0xac1c6c2c58631bed67f2ad6f0fa765aeee2370c1,28287,2025-10-21 12:21:08
30.522084373226882,3,37.01793923641846,0,3,0,0x6f709cc339f8c53fc07a8449f774ff359478c08c,0xd0354fc51e40c53cbc9f8bc22e8fed369d109ffc,42981,2025-10-21 12:21:08
8.091462157975858,2,40.41776970743499,0,4,0,0x85a946a7889a2c706bfe4cc1174dba20a6ab26b1,0xdf0531c67dd69809578fa7577f07677b9da95829,57847,2025-10-21 12:21:08
6.669304222033986,6,52.74022774071052,1,6,0,0x3134ed71929bc4abb8f9a4ed8f394e834433a4b5,0x0d8d9d9f12fa37a8211a8b71c7354f4c9f9674c3,2646,2025-10-21 12:21:08
17.787340754862118,1,45.23980019015593,1,17,0,0xf6e5e0e16d2b9ac15a3bea4e52022536cea1b37a,0x14705f1175558dec21d458f8188c50a777cc7f94,66268,2025-10-21 12:21:08
247.81486981892846,11,78.56336205191671,0,3,1,0x5929b1e2001d2c87beaae8664f634b0a32117078,0x18ba520eb43ccc38c578c066ded8f0f1fd534e49,47309,2025-10-21 12:21:08
25.435858599772097,2,55.467127137757636,0,12,0,0x509b6ee4e864c1d318111087114fbcdbfd3177c3,0x00c6f2474983e6ce76ec379af9c9d39cb7734442,19142,2025-10-21 12:21:08
7.414561727287607,2,39.09181651908571,0,6,0,0xd383e9a82f1efa7b2c1ca7ef748a54b26de83a6b,0xc1fd0a2f861a7acdf76ba5ef1ef306ea15844f30,78928,2025-10-21 12:21:08
7.059452699077979,2,42.56589697432092,0,2,0,0x2a1ca0541cc2826068baf769d7fc3e1dda8e2da3,0x38dff86cf3c84bfb9c1854a9b71497f399a86b6f,44964,2025-10-21 12:21:08
8.586176590561086,3,42.59275696010949,0,10,0,0x61de7b97b487f08cdd48899f276e6b9111fca1d3,0x82feddcc2cc9619dee25ce8d3e4e521353b78d7d,19844,2025-10-21 12:21:08
9.649334296441998,4,47.23994968901049,0,7,0,0x614d687862096ca510bf93d35a4878f9682818c5,0x6191943336214c5d7aee2dde33363d63de974f1c,43049,2025-10-21 12:21:08
7.736295433480981,2,51.3572652644055,0,5,0,0x3bdbca1c92486abca2c3dba1d752c44b0c4599aa,0x8e8e0429a43264030e2a9e945a098cd806f3cdf1,67820,2025-10-21 12:21:08
6.284428961571328,1,38.07934801335308,1,12,0,0xac12f94dc2447987bf2e0de20ca8bcf2d75287f2,0xbaa15e542a62ca61e711390a61eded5d4d4c3d4b,2759,2025-10-21 12:21:08
19.208581914273765,2,24.351347223163586,1,8,0,0x641fdf703facabc3c9d430fdf69a1924797df185,0xa8ccbb01bfe6825c4f8e8ceb92991c93bb823104,14843,2025-10-21 12:21:08
4.998116887180238,0,45.72288347124869,1,23,0,0x8d32dd4f4f3c67e4ef86cc67b3f9cc540edc815e,0x391f540f9230bbca72e4fb23e8cc2f7550ba6e37,57943,2025-10-21 12:21:08
8.26823854107622,4,24.27864883903513,1,14,0,0xef724d63db403dfd6fb96993b5c407b6fef4c996,0x817a75d241dd5df23894c6b8c40122e08d8b3837,75053,2025-10-21 12:21:08
5.517840076730659,1,39.96277663170547,0,23,0,0xe92741136d9381535989b8882bad82924580e7dd,0x28afa3ec7c1f61484d37488198a7df9653aee6be,41055,2025-10-21 12:21:08
14.59864046291708,2,31.760489157804372,0,0,0,0x3965e563524ccdec12c852149d4026843f29c8d6,0xb5702718c1c8b63279eccfadd69bd0a600ea49f4,95878,2025-10-21 12:21:08
11.471980156379814,2,52.73557706206813,0,4,0,0xb6dc790a3cc44021b6fcd42a700d50350c8e388c,0xb162eaa06fa332616b97176972506fa33bbd8675,6767,2025-10-21 12:21:08
9.51504110087731,2,32.04741379332879,0,9,0,0x5c6efc04299c53ecdc86ede3ca51df2efa6ab3df,0x1f231a0c8cb9d1a46ca159a7ddc6e5ba7f13e3c6,7302,2025-10-21 12:21:08
12.71700077946343,2,39.85911195632102,0,8,0,0xb9f68dc4d045da17c1ed8dc127a50ef34da202c8,0xd62307fbb3a440d06bfebb0c85c0c04ea277975e,20908,2025-10-21 12:21:08
6.601258480516238,7,47.48893969133256,1,16,0,0x106c641d0c4938f4a9bb13cb8727fc12d4abd997,0x4455c9865a962bf1962c3a14b4ac99e0e326f451,81799,2025-10-21 12:21:08
30.88591626469706,3,49.03299604166824,0,7,0,0x03f00b45e0a54f39478afdb152e1bdc03724d944,0x0292f96a69ed5ddc379a1607d45506e21e698364,75907,2025-10-21 12:21:08
30.558514315973277,4,50.2748083302773,0,16,0,0xa8e77cc001d790e3812a5cea92ee38894687a6b7,0x99a60ac985e78f04bf6bbaf72740f3f1b431611c,19867,2025-10-21 12:21:08
17.176628794591867,1,27.952242557719558,1,21,0,0x444f054771a5ba99e520694bfb94a7b4401462be,0x34d9bac2da895af747956154bf74f631cac2a9b3,67629,2025-10-21 12:21:08
23.370435770730875,2,47.262380886674215,0,8,0,0x0ab12fb87e37c82f57968608bf451fe1c3346cab,0x26b4228cbb8419fe435e955613ec8405d4e1d22b,25276,2025-10-21 12:21:08
12.290331751637682,7,44.9293709544917,0,5,0,0xe0f93c8ff725a87660e46dc1e5d1202e643eecb7,0x6c4ebb80297ce22792a12cb1d7eb4d2afd7d7a3d,4975,2025-10-21 12:21:08
21.130493108215255,3,45.23385214658508,0,13,0,0x7f08fd8117ba52b14e75b2bb879501f312fdf785,0x8b06b4bb69dfa72d2f0470ff11dfeb91496b2f08,88783,2025-10-21 12:21:08
15.669552000732605,3,37.24393638562397,0,11,0,0x3a169a69849395b11fb866c4689480ceb263e1bd,0xe834f3e70e33b23642d5fb9821e849f4c6e19a47,78375,2025-10-21 12:21:08
14.889765146294009,2,59.90137522099841,0,5,0,0x267a85983b40d8882ce99f972c5472d0b898213d,0x7964b3bcc11ae22650bc5fb4f570ca5bb38db976,69409,2025-10-21 12:21:08
78.17861912757184,14,127.48552833660808,1,4,1,0xf75f9ee0e74c54942d34aa1513bf03d6edf7120e,0x2acf8cc25d17007898b79c737dc689d7b9ee17df,43379,2025-10-21 12:21:08
8.521592389672866,2,30.068101877910685,0,13,0,0xf63a97485a9100fbbddf802b1eeefb30e03ccd36,0x79c98eb27793ef4c1dfe59d8257190c52c1a9e78,64794,2025-10-21 12:21:08
7.254380825638052,3,41.71624740583198,0,16,0,0x7c77ddbd808970683cec8f0853bfb4e69c37210d,0xf68cbec620c0b489dfb5f15a389269bd7196406f,26521,2025-10-21 12:21:08
14.65352705853722,0,31.487095973015656,1,16,0,0xc517efa9c3833fcb7bc742b1e8d84fdce762b4ec,0x97cfd03f3443ad084d020c699c9658646ecc939c,8586,2025-10-21 12:21:08
9.740574590169114,3,29.764021893318333,0,19,0,0x832674c74864c847b38b55d2c23050af3ec6b573,0x853f4765ff1ef2c02a19dbc53ba9e274f3bc53f9,23040,2025-10-21 12:21:08
29.797833279012266,2,41.98420192208895,1,21,0,0x897de4d54e503831512630f85824851e080de404,0x9b4ea381068f8e330b005a5eafa49bfa915bdc02,28820,2025-10-21 12:21:08
7.0172348543453085,2,34.63670803161837,0,11,0,0x466a90804f6b71d03be39b50d024b54ccc481bb0,0xeceb4fdf94a64fc9e5c61220d8f988b8fdf74a86,22742,2025-10-21 12:21:08
2.6693299513098756,0,36.44517304074419,0,21,0,0x5867493520a3830d36295ed0a32d0f2e345115f4,0x16366b22995fd1b77318ed819305afacda0b688a,34371,2025-10-21 12:21:08
25.985805900786445,3,37.03013331186123,0,6,0,0x02a4ecbb10f8e4193260e9bb36a9c433abd17fbf,0x1ca7a2435abb68941b3c1e01a6134239c2797288,85331,2025-10-21 12:21:08
19.58216431900752,4,43.39925513391695,0,5,0,0x318ddfcb9c6fe2e60b03338525116d262bb13e32,0x6c0b9a27f58aa9ffcda805caa2f40afdad65b941,94171,2025-10-21 12:21:08
10.667991673936159,1,44.31797469667331,1,11,0,0x8f54cbb5ca74cec36bd4f3d4fa37f70fdb2a3f1d,0x74e1f397e729798c15a243c7e66fabbffee0ef5f,38709,2025-10-21 12:21:08
17.87057445995249,4,47.071394367785686,0,19,0,0xc4a7b1d8c657d1d437c0b297435b42cad4300de6,0x175d8907b1f6eabecb2f609856890fde7aefdf6c,12778,2025-10-21 12:21:08
6.41935886244689,3,63.31177135565888,0,17,0,0x305abefabaa07bc8a26ce424f966873e449b1b66,0x109d0a346c7f1c8da65aeed710486c6ee8446abb,44681,2025-10-21 12:21:08
45.89305511592317,2,30.80122835729071,0,7,0,0x8c83469e6a9a771b8fa300464ec2a6f0a0b10836,0x59e573e129e341e7bb4686327edc8459bbc95c2b,75848,2025-10-21 12:21:08
21.13625819517852,4,55.27151035893151,0,15,0,0x4df6ccfe6f00a291d6268ba0ef2caee5ec8427cd,0x3a85bd4878cda83798a4390291fb63881279d23a,15362,2025-10-21 12:21:08
7.105855844360634,5,34.801986663054066,1,21,0,0xb4e5c130edcf303d15578f70c2507d5f09159d74,0x2bcd1028df78944d7dc4380f56de5fbfe97a74cb,34590,2025-10-21 12:21:08
24.85442895105972,3,40.959046881676,1,8,0,0x0d913361666c25b53081870a6c92f9c9ddd84a27,0xecf3a68fc1b652e101b407329f107822fff8f6bb,61538,2025-10-21 12:21:08
13.745284138291598,4,42.835812883616285,0,12,0,0xb26d6f6db0a4ba06cc7602e9f2e63b2f5b9594be,0x816dcf7a3c9a3b113349d9c98ea86594313ffa60,40323,2025-10-21 12:21:08
20.049445347960013,3,33.41396736340515,0,0,0,0x52dec9483a142be23b3463a68243fe8491ff906a,0x2f36230b09b26fca5e47a7395b09edb98d4ede7e,70278,2025-10-21 12:21:08
29.025847630272583,7,43.05508515135224,0,13,0,0x07e86895ee62dd8253808bf39f4ac0d059ecee0c,0x990d3c11117581c0d79dc2274719f81895bb4e6e,98063,2025-10-21 12:21:08
19.840340644745858,3,31.27590262438693,0,1,0,0xff1cd26f148bb97b7a1089b38adba6b59c893d04,0xd63622e607a10536b2a1befa33a326e4a3463bfc,60006,2025-10-21 12:21:08
4.622431708510196,1,33.902498721117254,0,9,0,0xc55b0e67b411a466c3afd28bdd610a1cbf24de29,0xd94e55bb69fc2fb7403a3d7c982eba90facca783,67953,2025-10-21 12:21:08
14.649111900891189,1,42.36838727940173,1,2,0,0x89363290db8ca0ac0e0d4f669f0585e3e98fc2c9,0x433ac293865b8acb1387e08c91019a51d04da1a3,58091,2025-10-21 12:21:08
23.152207746160126,5,47.14110982286134,0,13,0,0x3335cfaeea6d8da27704c9f4b77bff12f10195b0,0xadeaa79a57410b70983f552059438c309c5fc608,65196,2025-10-21 12:21:08
10.646381934775446,3,44.68738585845754,0,6,0,0x5017d580468da83c3e3274695d8d2521f2119a69,0x916a770909319b3529b2a0b4be6baf5b35226803,89283,2025-10-21 12:21:08
5.943368294171245,2,52.927110177336644,1,11,0,0xfe27cf1aa6286e8154d1337c6c4803472db42c69,0xfbd941f9ba2472bd25706c6228e9baed001e5df7,12511,2025-10-21 12:21:08
3.406422312868652,1,38.00399191297636,0,21,0,0x26d168b4b5c9a2c94cfe4275c2090ca9b19f4600,0xa9c0b01bf6f30736a701c1af4451ffe708497718,40573,2025-10-21 12:21:08
316.4370525560861,12,180.73985391694666,1,4,1,0xf3c9e580a94876fffc9f18bcf7cae9988826fb08,0x52082047ccd64dc1125bc3febec825ee300caeca,44011,2025-10-21 12:21:08
10.644958618384997,5,27.953780418228842,1,2,0,0xde824bc75998dc2b6c5fde4f34c326538008f61a,0xcf72107df807a091eb0ceccd1bdb1b4c9cf2ec09,7867,2025-10-21 12:21:08
12.544923003756214,2,44.65058499541367,0,10,0,0x94c30ffbc8e5acdb53c17ee726d6d4e4e7300830,0x1b36b041cb713589336dbe044c05cffc861f3b70,95492,2025-10-21 12:21:08
20.092634250990905,1,43.453502934391665,1,23,0,0xfc196109d8d4dc33edacf02c044f8c7446b1c6f0,0xc52cf2bd0d740c4d4a8b92b87918adde47cc730a,79480,2025-10-21 12:21:08
6.800566783853103,1,32.22915437668881,0,15,0,0xd4ebeb5cad90e88ff03e71ccac79cbdc88d083bb,0xfd8513a94f54c89a1eabb29ea2c2ce57f4a50923,65377,2025-10-21 12:21:08
895.4468536179329,13,160.8272726178079,1,4,1,0x7cd8252095f42dd31b99cd3f32508a9f22b26710,0xa6abfc40ff2a1542e10e1448529a22fb7820da79,77671,2025-10-21 12:21:08
24.19757510632668,4,47.252566819836,0,19,0,0x4f7d252e5b3dae6a90ff0e48437c406ae394c5c6,0xf1668f7a80b232764434b4346860821b98bfbfa1,81656,2025-10-21 12:21:08
13.610045822981451,2,57.6871389457657,0,21,0,0xa1ede0b29b0354ca36caa528e4c90c54973b0a17,0xde9cb84566c3c3b48dfc9b07765ae2cea76717c6,68964,2025-10-21 12:21:08
11.942743032273103,4,43.926213815899544,0,22,0,0x97fcd451ab8e5b8a9259f4f8c9e0840976d51421,0xc58be7cf448cde7b3c8aeefece5496d8b08c9484,9863,2025-10-21 12:21:08
7.85729167171969,4,28.162674323859513,0,17,0,0xd9081ca0d685f7ea686c5089f4c1edba7cf3d2c0,0x6d68eb4643c0a4b3a090d4bb807c8eaa93c7c039,20910,2025-10-21 12:21:08
7.122334982691827,6,35.230542606181174,1,19,0,0x42e3fe8ad6a47591602b0de0e45fb2d22040992c,0x19de3d1dd20926ac7506cfefb2dfec8faf189b11,7377,2025-10-21 12:21:08
7.581532278107508,5,34.18586619260713,0,3,0,0x5a52f87a244ed42443318e6041956b1a5ec28e32,0xbf3162adcc3e0e9f3f3f3fa82ec63ab0e9289b57,54344,2025-10-21 12:21:08
5.1817927559203385,6,52.35132113054091,0,13,0,0xcfa21b874ddc8c1f565e29d9f98deb7e77807130,0x874e591bca8576ebcf91de1ce4209ac269ef8fac,71593,2025-10-21 12:21:08
10.718104033370157,1,32.1049993027602,0,6,0,0xb590b4e8083275684cf122396b952ed639aa7e66,0x37532427ab5ea56bd67f4c4531d111e416a394f1,2546,2025-10-21 12:21:08
12.61548756623622,3,58.52362545926151,0,16,0,0x87b0f6e2b3547144e2d9eec43a4986028339522e,0xb085c441f73f37303ce9051afec8c9f3feacf7a1,7931,2025-10-21 12:21:08
4.2298896564924835,1,59.273286515947696,0,6,0,0x8c4d6457e71a89bbbd56235654db1bee64b8ca3d,0xf4ba705140b329d4e784893b4caf8a814d70f379,73354,2025-10-21 12:21:08
14.949699284571148,1,47.307117490749626,0,3,0,0x9b1660adcff42886b8b1a97999c02f7af7d97aeb,0xfb10be55029cb7d8b70ffac3eb80bda396ed66f9,89345,2025-10-21 12:21:08
56.53837275333849,4,51.149612320467746,0,19,0,0xa61281cf602cdf05304d3fda9fda91c6be7382c5,0x372d85683409714ee4ee93e3b1ce291038ed57e1,63323,2025-10-21 12:21:08
12.749381172243503,2,48.32081461416811,0,6,0,0xadefd6658e0c8c83cbebf426e17858529214cd3b,0xd11a704b3a0b96f05b0acc82bf1f606839138fe7,44190,2025-10-21 12:21:08
16.0467774508327,5,26.867065279828417,0,3,0,0x5f4f53dc204544b53db3ac7a7b26e44bc21c2e62,0xb47632f0dd278f843f5bd6d54c12869b1bc000d5,17161,2025-10-21 12:21:08
10.294347455636384,3,34.32566067039501,0,7,0,0xfeafc13b4c60d792da53d49be51ce2e77097a199,0x46b480e8b3961e234b165fe8699d1227727e4afc,68949,2025-10-21 12:21:08
13.76429859374409,4,46.470768274459736,0,7,0,0xc7b9407b4e0e3c0c8917381b219d4a0b209ed7ef,0x3eba33e0a6a9931020a45a5560399ee89b1c7a66,77264,2025-10-21 12:21:08
11.125458378973873,5,48.56412583534376,0,19,0,0xb327c875ffde27c44b8067a9270763fa69daf6c9,0xc2fec11bce2d291615ca46aa6739c49c3ce6e291,29242,2025-10-21 12:21:08
30.65580190436177,3,52.81497239460632,0,7,0,0xcb026ac4862e04fdec9c46d091a57322f210ef49,0xf3fd4a027a4037c71f890977c50ebc8ee92d06dc,35178,2025-10-21 12:21:08
21.628705485656525,4,47.68850786400992,0,20,0,0x4f43e2b2143ff51175242a1f20d6545722b44da0,0x941fc0505066936ec77bbfb2dd7c2caee40b6de9,37093,2025-10-21 12:21:08
11.990171163401293,2,49.891305566492875,1,1,0,0xff3872446786e177acd1c5c90a691ef4fd69faee,0x73f665d493e46f734a5ea895672430fb3131cb33,15985,2025-10-21 12:21:08
6.661799019343413,4,36.18039235732826,0,3,0,0x8df0f8a45d7eafd1b6b38f5f6a5a7567e0e9b350,0xca248069cedff09efbefb0d195ad82479521c254,33926,2025-10-21 12:21:08
13.826824092850904,0,62.62979652537399,0,2,0,0x356c5a3bc69fd15418c6fd2e6aa563ccf9c776c6,0x791db13ce84665b58316e53035a2cec0bf1505e0,69924,2025-10-21 12:21:08
14.680859042545013,1,41.47546268362258,0,13,0,0x9cc70510b9654e488bb5ce26f346ebf6e9704eb8,0x05fc0fb81844970f8d04704cb27c2b7aaee19d2c,40716,2025-10-21 12:21:08
4.366225755447375,6,41.998712131718,0,11,0,0xfe6abc107894dfa5fe1a4b377d4a7f595cec39ba,0x0034d2f1020995ca2b379e4a4799bdbac93c7945,68469,2025-10-21 12:21:08
14.205338442165006,3,43.546505776861146,0,12,0,0x2849935d3e597f7bf50c0d2100bbb56e72047fba,0x08306934a66f886b98418558ece0fe1a2031f2fb,65433,2025-10-21 12:21:08
12.917792945742065,2,43.55133244853906,0,8,0,0xdfa31f8bc826c077c2ffbe436a6a74ca474cdc0a,0x7a3f85efb056be37eebe9266e30bf9ff95ef9bbb,11266,2025-10-21 12:21:08
23.300351244581513,4,53.91840579594813,1,11,0,0x21b94c7fe88000080658a838deffcd548e684392,0x62b476136da8679bb8ace0257ade6bf537935db2,76582,2025-10-21 12:21:08
13.804983977738736,1,60.3739673068429,1,6,0,0x482ff019425eea75f98e5d4315ff1f40294cc676,0xbb6fbe56e441f5f0621a6805714efccb39bf2971,99209,2025-10-21 12:21:08
13.662562674256861,1,63.48109104105552,0,16,0,0x6ae154ae8b9a3b6a7d52a40dc7bbbaf1c9680c36,0xf009483ef6129a8452c5acfa9f7df9097763091b,85924,2025-10-21 12:21:08
26.053358616687152,6,49.58389009957068,0,3,0,0xdf8115232c0dd5afac11647d1c976c9d7af27e51,0xc9242edc7521d21b28ef0261cbf25b1091abc340,12054,2025-10-21 12:21:08
14.439575318090887,6,43.63577849722384,1,5,0,0x54206100f6b0853b3ecbd4141b39ad45583cd453,0x343103d1d983fd2e6ade29b7430487dd3861a6e3,82691,2025-10-21 12:21:08
17.833934608129557,6,50.3289172022704,0,22,0,0x51bc62d938eebfec489c99b95744261ab2e1fec7,0xcf40aed318bbd7266c52885234f828451f1dbb16,75679,2025-10-21 12:21:08
18.737471707311897,1,38.839287846636765,0,3,0,0x3977777fb8f187a90d4a194ce78806fba792cf5a,0xcaa56c23a52ebd059a91c6c4d0f811e9931ec9e5,32364,2025-10-21 12:21:08
12.20477919215357,3,52.460239529828165,1,6,0,0x28c218eacfd7715cc4db1438b056eb54b34849e7,0xc4992c15d1a3e4cfa7b06d5f299e9010f2094950,93353,2025-10-21 12:21:08
29.352838724835106,3,40.673624836664715,0,10,0,0xf639465c29e21fd2a9c0c81bc24f9fb3c4f54905,0xd0b33796687bcaabbeffb2f37d4cfe477c5d839e,4497,2025-10-21 12:21:08
30.89799160883526,2,42.162932716352685,0,11,0,0x8f2e15fbd235fbcb5b1cc2c81283e0ac1e28e8fa,0x091038af5fcfdd5500241ab08a0ccdaada389f19,28800,2025-10-21 12:21:08
5.838889368914792,4,44.86496755407023,1,23,0,0xe5da524ea399b8807e84393184a2588bc473466c,0x23b11b5aea94fa486ace80149d676f8ea2a4fb5d,4182,2025-10-21 12:21:08
8.005787320505306,1,48.849664160476344,0,19,0,0x67a4e0a88e6b5cc44e29057d177979e297faebff,0x96b630790bd08c9e9b289a9dbd064bb3fab4d096,24427,2025-10-21 12:21:08
6.332914479745429,2,50.043650657184095,1,3,0,0xbd32a879cc1ccecdff7aa29bd5478a65504d75b0,0xab1db844ed2917ec82bdac75ba893260ef26b68d,84428,2025-10-21 12:21:08
10.364182787680448,3,50.09295323642008,0,12,0,0xee4cab4fb27e8551915b718cfbd8ed333a471a4d,0x9e8aa6ad2e2d48008b6acfd3e0f5854e0880b3b0,99203,2025-10-21 12:21:08
7.020320218086933,5,58.46941244388996,0,5,0,0x1eaa70fe623de72bccf6b0f8c52f6ec477b853c1,0x9367f2294a5c259b6c5f5c1fca309fc4fcc9223b,37093,2025-10-21 12:21:08
14.111357119915892,1,40.64922758423684,0,18,0,0x247b914d81e7f2733b6436b2e8dc4b216b6bc43c,0x8a59a7abd4c52aaa6baea8862f498a82c40ed619,98276,2025-10-21 12:21:08
16.40209602036663,3,34.018136162218504,0,18,0,0xa116963d33a1cc80e75ec96b455cf8f9c3babc43,0x959b5f627493eaeeb8e8102f9734c4a10e79b416,76461,2025-10-21 12:21:08
15.042340496381888,4,47.91732725378309,0,16,0,0x095435b421c53aec92d7b8e617acca4eeea964f1,0xd158f340fc084ba2f196321aaa99389c60f2b46d,50511,2025-10-21 12:21:08
30.349790999935323,2,49.47696266395012,0,18,0,0xfbbb3ca4549afe00e28a19486a714800f9718983,0x486ebd05152db12a93c03e54cd48e886ce98cb77,4456,2025-10-21 12:21:08
17.995481647015097,2,39.840190106509205,0,21,0,0x129024229522e81097cd261aab7f8777d6174530,0xe4876786f87125561b0ab4da182b1bfb65782731,84221,2025-10-21 12:21:08
32.29159808170449,6,56.20685706422595,0,11,0,0xc4283913224f047ee9b8b0d1150a01ebc31322e8,0x33797c6310a11e294046bd03a171ee0ddf193413,32148,2025-10-21 12:21:08
28.92666903106233,4,46.52525882897616,0,3,0,0x7bb980b4bb3ad8d2479e4815486f76c994acd4ca,0x647980027091d0d0bc8b9036bef49c4655c7f98c,79735,2025-10-21 12:21:08
3.3476735577967767,1,32.905646710409414,0,16,0,0x31d899b992aa22750bced23c1ff59b0073ee0689,0xa1bb9e398dd909c7a0ae3834eedce8f702328527,29844,2025-10-21 12:21:08
6.69237445037728,4,34.24349516425113,0,3,0,0x600b0e7f6d22b21dd368296be3047293e2e9ddf7,0x893c42d411ac4e6020715af58595ca06ddb5cd70,51905,2025-10-21 12:21:08
645.9453417874823,11,151.86885693728178,1,3,1,0x97d3a1b223ac112b0752020235668f7c35a07517,0x770a666bfccee22a777bef23b1a2f423620cd030,55807,2025-10-21 12:21:08
12.526694520699003,5,50.40017801723141,0,7,0,0x38306949ab43502ab6a7b8031104f138a2e79c59,0x534510c9fbb1df5ce98f79a04f6760b33e8eb554,15667,2025-10-21 12:21:08
59.111721548619656,2,43.604579570720965,0,5,0,0x41ac27ebb8aa60fbbcc56b59ac1c825f5f7c3e50,0x4819f4e0433c32525f5a9e1f89e7dfc68787c290,36678,2025-10-21 12:21:08
13.020871289084084,2,26.51741469921585,0,21,0,0x8b86ac02b434680422a15d520617f2098409a592,0xa5bdf2259b8d4f096d891e84c0e372414fdb8b26,93284,2025-10-21 12:21:08
13.494061954065698,5,43.742537025042274,1,1,0,0xae37e4b593529b05dcf09b2b76799196d30a24d9,0xc51d69f3d568628fc53b949f0b3d25f8c2db4187,67912,2025-10-21 12:21:08
12.872026467835468,4,34.959203670449725,0,4,0,0x7117d89cc0d1e3b203aca1940df79f1a2236c820,0x93a7f93f18100dc2965bce2f495912cf37ca080b,58879,2025-10-21 12:21:08
26.274787180667733,6,41.46141037179896,0,4,0,0xea9e0ba549662687294ccd71dd6a996abdc707d0,0x22822e13a7504cba9a705a6cee43fd6f832d9348,55680,2025-10-21 12:21:08
12.084234451605287,4,61.15872490122314,1,20,0,0x2f839c8072a61c6681f7f498722ab97812dd7174,0xaf0887ec9773c6ed12ee73e9a5beda7f74fade60,30735,2025-10-21 12:21:08
11.388489703294201,2,56.20936512406246,0,8,0,0x5d9eb3278efcfe7804b67da1bad3640cd1f450b2,0xe42c30023c21a698ea2f874dab50c58684d445ed,26605,2025-10-21 12:21:08
14.882667237478653,3,56.87713384138455,0,3,0,0x5569bdd2f0c6ba243be0b6dc3ff0a53c3e1f0294,0xee39dd86e296a223b17cb090a030262b1cd9ec5f,7895,2025-10-21 12:21:08
23.84906341759468,2,48.2717055287779,0,22,0,0xb8de637b35b0d5f94d10c5a1880e4732447f5e1a,0x73b3a14e9fc7f010e36a2f75188fc69790d585f2,72585,2025-10-21 12:21:08
6.81969203121527,2,44.10796702308332,1,0,0,0x0c2132ee8e43f98f35d90ec1e3855a8b326be68e,0x17a3be07c0107f28ab65a59079fa222a84136be9,7206,2025-10-21 12:21:08
7.4453569430969635,2,47.3604306382437,1,0,0,0x515e758ef32a42ab11328d65f9fb782bf968098d,0x01772479dee8a1e972844a370b5673b8eb279eea,35311,2025-10-21 12:21:08
22.926219942280778,3,44.590824648049306,0,20,0,0x69d3ceab5aa55e14652ab4cf7a4b928a21575070,0x94b4646f8bf41958cccdd8bffcd4a15b33c2b0e8,61450,2025-10-21 12:21:08
10.29031812935484,3,47.8378802783808,0,20,0,0x875e1c87c3f1cde5060ec54bf9d253db53e04759,0x59ab2053c093e1df29e96649c1c8c885b0bc5a73,22557,2025-10-21 12:21:08
4.132207374559697,1,52.33950478364238,0,1,0,0x839872d530f83ad423c8ef672e2efd67d40242ed,0x5a75c36f4aca022031b90bc56c348cd7fdffc1d9,90279,2025-10-21 12:21:08
37.05693596670917,4,42.004505888008076,0,16,0,0x0609c55d6ba0a2b81d42bbc46f02acf5692354a8,0x2f840879d6c67a36f7a921168dcfb799f6ef839c,8096,2025-10-21 12:21:08
6.595083590253261,2,31.875326965514503,1,12,0,0xcb0ec4a076f45f38d216c1cf5a72f220f8484608,0xe640930062f8afe6a51473d78f751730c4226b02,73606,2025-10-21 12:21:08
13.071005152352036,3,50.84622952486741,1,21,0,0x0e36aeb80bfdcaecf5a9ae42910e1bc35b4fd37b,0x95fd75ea379495bc03a3bb4b03a6594a07b4dccd,77290,2025-10-21 12:21:08
11.482763910056825,5,25.231784310524095,0,19,0,0x6d39fcc4b942c8a4bfc91ce3b347401e22f95890,0x7da56e99d0522257b224556c6ca2d4f001bb164c,39291,2025-10-21 12:21:08
57.05500953179582,4,47.959332403460955,0,23,0,0x58392c55c1e40c8824e26ce0e45dafbd62639ad5,0x2f6b2234e78c47f2a62bb923165a20b92390712c,89523,2025-10-21 12:21:08
80.95193065754187,18,198.66784116165366,1,2,1,0x435cb224a48e34bf83cee266733dd8962ec8c430,0xfe4852273ff43a8f7dc638a779145583684a50fc,76720,2025-10-21 12:21:08
13.852368744288391,4,51.76357047674908,1,10,0,0x85fa1c62e57f2cbb4d509639ae66a47744653172,0x6f4320427beffc32b0be919107417d9e49d41d7c,68628,2025-10-21 12:21:08
8.886621886058276,4,42.90624386688087,0,12,0,0x1fbe96957cd5619d158fd2a9ddc7e4c5f5ab9ac2,0xc23498c174a889be2b86d86dff73dd4ffb53dc7c,64835,2025-10-21 12:21:08
8.647693224502792,2,33.79103026231841,0,13,0,0xaaf4b019e23c8022cecf5423a6287c14d3bc429e,0xd420d0cddfc72a936050ff23aed6ff17591dd235,17262,2025-10-21 12:21:08
17.103887680046835,4,44.48045229099222,1,8,0,0xaf07873b13df8984492de5f6be9deb862bc6c013,0xc047b6da2da1194755602a4e6508c2b6b0ef0a0f,24922,2025-10-21 12:21:08
9.104619037679754,2,51.134601656718374,0,2,0,0x6e8e4e764c22c59a3232cebfee9aacb5c6322a2f,0xcbe30cfd08d74c16b0a8025314900ea5a89693d7,69922,2025-10-21 12:21:08
11.708933773439558,1,59.78121226099484,1,9,0,0x8aaddbe2273627240b45611d8eef9011efce9658,0x0dc41a2930f495a0c310d4ba0d714efe2557a444,99963,2025-10-21 12:21:08
476.97696797153105,8,180.43818288525082,0,3,1,0xae622070ad1ab60b387eadc7fb24e3ab7af6d699,0x812e3c69b0f29671a2d6c6f294627be3ad6145cc,85391,2025-10-21 12:21:08
29.52430227599247,1,66.48296863786959,1,10,0,0x60ce63b2cfbce417bb842f9609281ad8a03b9fc5,0x0fad8d8348e9af1f4311de89bf799774d39c2194,34334,2025-10-21 12:21:08
11.543916444323543,7,34.01320626565615,0,13,0,0xec6ee28347ebed27dda07dceaaeb975485e0b505,0xd7464f9877f048a7089d04e9e0e7a15110543db3,62522,2025-10-21 12:21:08
17.524606355885997,2,36.796715388675324,0,0,0,0x25c50c87ee114e91a014ae9d640f65614d7cb65c,0x8a196d4ed9cd835ecc10b03a82bcff2eebb67a50,20197,2025-10-21 12:21:08
37.74117915265285,3,57.69613262599843,0,3,0,0x5b0f0625bf42527de684be0a9ea7150534e96c50,0x5747b0b3feb894c9b9d2280a559fe7d706907412,22033,2025-10-21 12:21:08
8.731003258020497,1,43.069179259933875,0,7,0,0x8558b94ae556844393fb7c1971e09ce8a7531729,0xade81367a29987f5db7ea97267b5f56cc39cee98,96548,2025-10-21 12:21:08
9.38120460666574,3,39.791070960962365,0,17,0,0x34c3a78ddfd01fb30a5febf4c6b5dd2428158964,0x26f876ec41c134b3dad13ac435c9648c3a91a97d,55928,2025-10-21 12:21:08
21.874620341445187,2,43.04565153477236,1,14,0,0x1f139b1bcc796626740e0baffd316fc2b381b702,0x332b831ad0b07cc04cc7d66d7fa2414c419dcb50,29488,2025-10-21 12:21:08
17.89472034882809,1,42.17240672370632,1,6,0,0x3d50d71f4572bf8b473b87420e4439972b98f235,0x7a02ed0df166cfa44d69aeb94d72193e682a2a60,14614,2025-10-21 12:21:08
8.502535496603356,5,23.58569119680295,1,20,0,0x8911145221a508ea93d1cfb542c24341a04a027e,0x619ed098079de6fe98b420f1578710e93de4f953,71186,2025-10-21 12:21:08
10.732986575214882,3,52.654374943750156,0,18,0,0xa7803564c6ae9795a30af49f99343822e96187bd,0x4e7920f8e8e127225c5f693492d12b2c1f0aff2f,30064,2025-10-21 12:21:08
31.14912620039728,3,56.35620585491476,0,4,0,0x5dc8a2360c00b7c52f96542dff3eccaa0f841ba8,0x074b5bc96635f756dcd2d89f1da77b1829e5fa3d,27126,2025-10-21 12:21:08
20.43882101584781,3,66.16803054963853,0,8,0,0xb6dd7c2fd6a0595a9b525d2986dc325e8275342d,0x42b979fb976619b53a8456d1e0fe586bb8ba2c4f,68393,2025-10-21 12:21:08
24.41401487195949,5,61.26430734608859,1,23,0,0x18c2549a74a7a4a9c5e4199f5d6e22b6ea93e18f,0x554d1a9258e9777ca5cbadd24ec7fc20bdefcfd0,96134,2025-10-21 12:21:08
7.4564592482951495,3,31.550722129348276,1,23,0,0xedc85df124aae4c892f1976b8254497002a11130,0x65477a0f6da1c301c98b0636efd6eac9ef2ec12e,84701,2025-10-21 12:21:08
19.121861736198326,4,41.2257659886967,1,13,0,0x9e8d448d4ccad7a003720fab88881ddaaffa3e16,0xe4c7a83f53eddd84104e7eaadc5ab683f482078a,59301,2025-10-21 12:21:08
20.954656828530986,1,33.16914484750235,0,0,0,0xaff28f67876e8a0ae3347905897fe1641a01a95a,0xd9abde93ffcbff566756de8f5dce1347e30017f2,54973,2025-10-21 12:21:08
6.828096403298951,6,60.154138153482094,0,20,0,0xb724ea1bf73a9fb52ae7f72b89c4f986eee92591,0x56a0416bbc2801e862a74e1905310630c90640a8,53611,2025-10-21 12:21:08
13.587085595555893,3,23.853064009262646,0,15,0,0x5b4fcf2de6a3ad58bd53e9e18ed33f1e4c5952be,0xe290ffec195297007a0eda3acc50f3c4c0115158,15813,2025-10-21 12:21:08
13.198781871466396,2,43.37937897963176,0,7,0,0xed86cd23f6fa753b19708e72939f31bfa94cb2ba,0xe16da08343e98fed095cb4f71b347c067045ff94,39371,2025-10-21 12:21:08
15.90703717495474,4,59.84641861876508,1,4,0,0xf01afb6e0ebcc1d9606c7acd136054a5f7aa0f2a,0xde83d1811b58491b50d99229def5d3caa7684a44,8970,2025-10-21 12:21:08
7.675366627324114,4,47.299243454179376,0,10,0,0xfc8ffb73adf986100cf2cfde913ded74f45cbfee,0x81f69278aad98f49aab8cc2763b8e67a726728c9,68225,2025-10-21 12:21:08
9.321186617535606,2,44.048518769226796,1,15,0,0x44ed65ccffd9a1c00315fbb89aed973cb10692d5,0x3c9fef67ef7467cccac193e5816191085cd1933b,6988,2025-10-21 12:21:08
14.753859450958222,2,56.94214483013992,1,15,0,0x44b1d8a39018f691f6d391b34cd3e2507b479334,0x6634abbf85e1c12caeef6103ee9646f6b6cac0a7,72555,2025-10-21 12:21:08
7.909728637737187,3,34.43888430812913,0,0,0,0x4a544c751334ee5a4fddfa573a282a79b4f82997,0x5fe5e93b8cee9dcdc8da5a806845549842550a39,5143,2025-10-21 12:21:08
11.904243322732802,2,28.244195503759055,0,2,0,0xdcc6b6da98b72dc5a5428635401088f47930cc36,0xb9051425c8eb284c19bf99e9b8d285d00cea2454,56908,2025-10-21 12:21:08
12.374706984156937,0,50.5982844882806,0,2,0,0xa1158269ed8ac8a31e05456899a55ce2c780f56a,0x7514b6c14b47df8e2eb3bdf8821affbb63e219ad,31642,2025-10-21 12:21:08
8.056565178273315,0,40.86551296528205,0,12,0,0x7eb9fea767a896eef2fe80d75a285e6fa1002a27,0xb76efaa4fc6ee087ac30b3057a4891b135d55e5c,76942,2025-10-21 12:21:08
16.258332377359014,1,53.83606785994169,0,9,0,0x6ef970379167d86b81a0f0ab30672d0215a68430,0x00cbde21f65471aeb6d93dabe2091e62a4a26bf3,18644,2025-10-21 12:21:08
12.835672913304252,0,53.06676402164363,0,22,0,0xafd5a730dd4941598d5792913b882bc0033afbfe,0x7973b16d0cb8f493d3abb80f35fc71d78e7dd4db,40073,2025-10-21 12:21:08
20.125907627078057,15,155.5540656244276,1,3,1,0x95459669d98e571783e44148392d67cc955c4fa5,0xa050fa38eb46834509eeb4d930df3480578a4104,23249,2025-10-21 12:21:08
16.294696558755607,5,55.24774112281728,0,5,0,0x8e19ae20315ece07958fb5964d779f8bf508286d,0xa258ca0def33b61f7c53e29b68a171ab5d706855,51890,2025-10-21 12:21:08
8.859397289150001,2,64.92094407497453,0,17,0,0xbc28d6661a397b1c397efbf2b5b177bc02de166f,0x8e13dda7482552504176f693d12ee9322cd0e077,32228,2025-10-21 12:21:08
24.834111786568332,2,55.74529790229931,0,17,0,0x3bb72d84dced180a75b0d32665d9d9b76f36e02f,0x03101f04e9eebd5b797d32b47496318a911d795f,53999,2025-10-21 12:21:08
6.580368983951483,1,36.8559717900681,1,5,0,0x168f48bc70da154ea68d3732b17ea7ab20c547e5,0x426f78af17e40d96de6f9fb2ea23444e50ff6b3c,35831,2025-10-21 12:21:08
7.417720409786544,0,39.488837599593715,0,2,0,0x3f99beba174be7e45ce9df4a2972351df64b9c44,0x47c7b4ac2971b859332a45928df7b54a22759eed,44988,2025-10-21 12:21:08
44.05162383560551,3,45.19545844798182,1,9,0,0xcc1aceeb982b64994e39566abe74f6fbfde3e8ff,0xa532e50ac46e0ce9eb31c00b6560e9b269985786,92945,2025-10-21 12:21:08
11.282461553734125,5,33.78865987242078,0,20,0,0x4248cca7045ec9ca1de5d8d3281b8a9aa1dcade9,0x8a9c38f81a82a6cacb2bac4fb1992f939bb5a5fc,2164,2025-10-21 12:21:08
6.123860903452574,3,41.90289188193427,0,6,0,0x2c61f08f58bf229b21ca524ca4922052e0cddc9f,0x2289f134775f19ec90690a2ff857dfb8f6734c68,24940,2025-10-21 12:21:08
8.490738936714237,4,54.14077164224034,0,3,0,0xf8a044ef1fddc05e6aa8f79280c5cd919887ca6d,0x763fa00b4d6ab763ead6578017e662639f91f074,706,2025-10-21 12:21:08
16.81029760848563,5,49.34263649922072,0,23,0,0x51fd396dc58cc4bb59f5d7757604ae99c949d866,0x93d8dfc4918968467b3762daa731e8732251a209,30995,2025-10-21 12:21:08
27.79693746472812,3,54.76506589063165,0,12,0,0x9e1f7f2e8e58e869b714fe20c5fcfbe8187a84c1,0x4c2a68411bd39bdd8a14c69b3e661118fc056e82,27938,2025-10-21 12:21:08
65.38814322023299,13,128.41126216405837,0,4,1,0x99562df55703fe071727506c65e04f0f0f5701e4,0x86d4b4695799852fb8e14e9c31fd5b961c2d48e6,49245,2025-10-21 12:21:08
4.787567702330152,2,36.2035632444876,0,15,0,0x7a3ed494254e1d9d3a36e68e9b15f181575be24f,0xebb2936a03e0d4bb18c24b7d78b22356bb012023,11074,2025-10-21 12:21:08
4.235556450790095,3,42.72107441234166,1,18,0,0x3f049b46eb61d30c4439bb65c92f1e38940a2f86,0xad5d4a5c80edec2d78a1d9d4cf291cbaa848b030,55566,2025-10-21 12:21:08
32.461634638927784,6,59.10692320420895,0,18,0,0x2038bf64cad506fb4644247d71a01a6273997d1c,0x4ba4cf6675928e4842c68026f83473161fd56740,9361,2025-10-21 12:21:08
25.729832477788058,4,42.24104278559826,1,11,0,0xde450ed0d84eed3d0e2c3afa4d9bd497cc26dfc5,0xf29e8e5a40ff341c427e9dacee03bfae8b055a10,8674,2025-10-21 12:21:08
6.420398911039326,2,42.61394468285373,0,12,0,0x9a99a598de6ca6ad0f088bfa92efaa780bd2cf5e,0x09cce4a4a96833aa6d8679fe685a82381bf197a9,73019,2025-10-21 12:21:08
13.478240708955735,1,50.30801583672729,0,0,0,0xf37e86a0fd10839d744f4a425d07c3511f7d07e9,0x5410d2a5caabbeb45eaf662a977ea2580a11f4c5,25609,2025-10-21 12:21:08
6.3684875202511275,3,34.42485329706568,0,4,0,0xf9e0e803808d7f4543bff9eedcb3fd977829e7e2,0x239bc1b2b7e419e9ae138d50da3d205900f60ac2,81962,2025-10-21 12:21:08
8.739128028566189,7,41.75142073501454,0,23,0,0x11834186256fdb59a95ce7d74d3a48b9522d0ee4,0x42e5edd8163fca59b95e76c46ebbd5c483b6cf62,68199,2025-10-21 12:21:08
3.410596015392094,1,48.79699677417113,0,16,0,0x57a8606983fab680fb983b721cb772cf7aa5989c,0x78ae4004dff11bc54dac1d4a350db247177f54f6,95047,2025-10-21 12:21:08
9.183211835865462,7,31.70992362776552,1,6,0,0x571f0991b398f688875da96e1a0c47264b9c75f5,0x5e81b5ab6e0ed8c74de48153372a7e9c41eb4385,38697,2025-10-21 12:21:08
5.017274238106752,0,40.90659424781376,0,19,0,0x663f9fb99ec75ac76036f81e4f88568dd97d9556,0xac21d60443f2e8d3d86811fbb7db8c15d56429df,34676,2025-10-21 12:21:08
4.709860576079561,1,43.288206302036,0,12,0,0x6183cc98eebae92446bf3afecb3fcec053ae994d,0xa2eb50cef76652db89a5bf5555b3107fc4282415,95003,2025-10-21 12:21:08
77.2717542905874,0,53.71555966288142,0,10,0,0xeea8f30ea849cbca623b989c0ba4796dd3605823,0x80ae2f90e4434ff7d75bf3fac3e44c1b5c629383,50744,2025-10-21 12:21:08
10.514624844569186,7,43.15710998167288,0,19,0,0x7b44e0f5d1f054cf48be99c2f0fdfdf7eb4a477a,0x9a6145d10867440df2ed6d98cc7fab4f28382609,57568,2025-10-21 12:21:08
17.570514054082874,5,50.935394322931906,0,10,0,0x1299f0e2b3a68b4bf0191f89610f4b0821dc5249,0xabe48a85a52db80621441fb7ed175932d8ed54dc,98444,2025-10-21 12:21:08
14.870634170184871,5,37.09982903184792,0,18,0,0xd791bc4a7099dacbcb34d9bda2b1b2ea461ced65,0xc9225933fa715cef824a60753a5137341d2e2f1b,42470,2025-10-21 12:21:08
9.2148261589156,1,55.179570524293595,0,20,0,0xd6686dbc597653f6b77bb398282c634ce21b7d6f,0x7a2a01700ca09cc7563b7c1830e17f843f9c616d,15378,2025-10-21 12:21:08
20.380850803819534,3,44.06096431286953,1,1,0,0x67c0fb79bdd478c1258d997dc5f4dcf2b3cc662f,0xb81b755cf3876be44142c68fc9ecbdf5bbaf9b6b,365,2025-10-21 12:21:08
169.83192306485117,14,172.941968585074,1,2,1,0x32ee156347869d0ad2a42e0176c923dc2c37868d,0x66d356d9eedbea38a8b377158704fcc4814f0771,7206,2025-10-21 12:21:08
21.35758692188805,1,62.37984985123521,0,9,0,0x8f667b9fbb270ce516c2fa94910f48e86d832a3e,0x9c0286693e461e22a66a509ae79ef9e3760634c5,86452,2025-10-21 12:21:08
8.752055352402563,2,54.926281029794296,0,13,0,0x67144c8ccec2b5e9b4113b3e6dbd0faf5ac81b49,0x4fb1f77d4d4b6140fc3b70e90dc39f48ed40ea23,40816,2025-10-21 12:21:08
16.619810912911973,4,47.37642656299959,1,0,0,0xea9f337d56ab8c2a12e7c894f7da6bdbc83ec928,0xe6137452381211a8e76d8e78168cdc87027f2391,1102,2025-10-21 12:21:08
4.646583451100405,5,65.37210639718359,0,18,0,0x7e6018408074dab501614a84b2ac569da9a7e2a3,0x24baf556b975951c2f555e3ea171208215730d6d,71610,2025-10-21 12:21:08
12.039793886154591,1,29.12811930321546,0,5,0,0x931e6fb33eecb755a8380a8fe0e65689f3ffb829,0xd24a1ef7ff280f52d3a3e78e4ba9928f00217490,49418,2025-10-21 12:21:08
36.94290663467312,7,47.078605010670806,0,3,0,0xaa8c0d4e94002865833244bd96f6e536d1cbf861,0x22c18fcf0f948b29260c86dbb71e2d8def3f4897,13408,2025-10-21 12:21:08
11.67020770512801,3,37.40197868012225,0,2,0,0x91c5a68e37d9fec153781667cf4ac203215696b7,0x4a122b6f567a4cec50d353cf0fd2223a88d7d2b1,90511,2025-10-21 12:21:08
9.878986468414437,4,53.582704301818715,0,14,0,0xcd1dab9c5c59b01c87bc351b41ec46682b38fd7b,0xc2eade4615aa1c0ea2df312b5d81603dcd1c3127,9088,2025-10-21 12:21:08
18.38676065480446,3,56.46487158733038,0,10,0,0x678b3486d35a008e7ecf0cea1c30f14f75e5312c,0x35b8c7ded1dff12121e587539b434f1e708b0480,12693,2025-10-21 12:21:08
11.06776558331899,0,56.63000969705304,1,1,0,0x5545af5c0547f8d5cbb932f9fb064f3869c739fb,0xfdd02f72bed1594cbea8ad2d3a9ff7a14cdb8af8,23760,2025-10-21 12:21:08
32.36796915063663,4,56.433615302058286,1,7,0,0x973e0ae70cb262c742447b85f9f21a286eaa8ce5,0x98ad00073e8a5270b170bca421d31473648ec1e1,57529,2025-10-21 12:21:08
17.434308921371063,3,45.310634263989314,0,10,0,0x79a82681b647f30ace97e5c7277b036cda02254b,0x03cd7443e69785b8ae0e20a475bc9b40b04b4716,58031,2025-10-21 12:21:08
36.891537829331135,4,51.5863195279051,0,14,0,0xae62a0ae27f4e2d75e2d405edbcd8b6eac75a4eb,0x4d14b8bcd44a181fc4115929c8b5991d0ef19516,50997,2025-10-21 12:21:08
18.697695789495015,1,43.828279950256245,0,5,0,0x56f874e670f7a6abb11b5f20e763fdf01832736e,0x60bd547781a0951400d45a6a334f578692585ba9,18066,2025-10-21 12:21:08
24.446720411549983,2,55.331898643631476,0,23,0,0xcddd44a5bc315c423223139a1d979f4c6a395cbd,0x7d73f6667e1b1e5a54172f00b66554b5d141d24e,28790,2025-10-21 12:21:08
22.00870369032423,4,38.58178596055659,1,2,0,0x93eff50551fb998e5beac611f19ca82c3003d1f7,0x0eae29b512c8726bde3dd64bcbe150502fa9e6d1,68927,2025-10-21 12:21:08
15.521684623638182,3,43.59724414449572,1,21,0,0xc3f225bc55577809742a925791b84405caa466f3,0x8f22df60492069df68d6ecd325f516e08125af6d,33345,2025-10-21 12:21:08
6.325647122238512,2,46.20634760893454,0,12,0,0x49df710d5ad3c92ff67ab3bbe9baae5caae175a8,0x02534cb2fd70a96ff17ef231ed483679f054990f,47614,2025-10-21 12:21:08
7.408314817819339,6,55.48203967675276,0,3,0,0xafcc55b1f480399d200e00ec1a413821f383eb43,0x8a96c0b1398a1de008b0e34d5526d70c8c50a838,64527,2025-10-21 12:21:08
5.845287844221191,5,49.15802725720445,0,9,0,0xc7dcee31b318ad7830260a7874badbce8380ba23,0xf9b4f5d8dfedf5001aabb1f5994dd679999d2802,5030,2025-10-21 12:21:08
11.117473926924479,5,56.95177411511416,1,14,0,0xa90b5cfe330485e7fa38f6dd67f1b56270092561,0x1e5fccbf07b9b9b2514f16e475c7b8608ec891d1,44436,2025-10-21 12:21:08
5.773088338742896,3,51.85619374218483,1,3,0,0xd5b4e50d967d6ff8098aace215a4e3379c2c0472,0x6ed4405f73c29903ff14b908840264a834e27c25,14124,2025-10-21 12:21:08
10.429694893220324,2,37.21691446993496,1,6,0,0x10c3fa1d7ace9b8c90e15c9b617c9f878e5a6562,0x6c16e22e4e396280dcb1fa8a7684c2c15c174a15,23232,2025-10-21 12:21:08
18.20695254854502,3,50.61472629826133,0,8,0,0x3821bca6525e650bd085b1ea0ab174661f316401,0x5df7b5f271850f302de95e2477c8be3d436b85aa,96278,2025-10-21 12:21:08
461.97089758560884,20,146.23753430204033,1,3,1,0x5d36e1cb1b57c040eaf565fdc8272aebcc6dc4bc,0x162728d05a9625acd9d285a7374ee7cefcf1dc2f,47997,2025-10-21 12:21:08
8.871376683180348,4,46.9286184315019,0,1,0,0x0eab3dcae8fe72e1a808b6b1a4d1e4f641ad4bb9,0x930426f1ddadc0129457c3e3c122fef10147e4b2,18345,2025-10-21 12:21:08
17.80837976197462,4,51.792938199823496,0,14,0,0xd5e4155b1cfc3f6ff00daba56b4eb97a3f26d30a,0x6367290f75280789084f4a4a0f4bdd9ce954ff5c,52694,2025-10-21 12:21:08
8.141919631987912,3,59.937097590055345,0,15,0,0x74c77b476c2e3abc635b1b12962b2cd3e95057be,0xeb86ac4ef9844a57087d6f40682bf7fdd2b265d4,42067,2025-10-21 12:21:08
20.011556855089225,1,48.06347533932023,0,10,0,0xe755c2d1679cd54308a9313ca4162dfe73ba42ca,0xfa6809c0e4766284adb92f5f773ce38ddc91c8cc,18472,2025-10-21 12:21:08
18.64172325996356,1,48.422255794243455,1,7,0,0x48affcd16ee972a3ca91e9fc82e8c65aba2a6ead,0xd7c2f1f1098d0164ca03b5719b2ed6060759d61e,46710,2025-10-21 12:21:08
14.578903941052584,3,41.882144267439756,0,21,0,0x2ca574aac25e792bcdaa48dd9ee92cba1acd7ddd,0x5428473c533840ea62a2be52056e4c01197771bb,68151,2025-10-21 12:21:08
17.80438265265989,1,51.255845936750006,0,17,0,0x6b8e3f29f4af04cc20244e9b7a064232f7321265,0x44377bc830a803a9022f6b259358b607f37e29bd,73933,2025-10-21 12:21:08
19.815906304403306,2,49.33749685960962,0,13,0,0x9bc47a0211bab0442bb8b5d9df595d1ae9975ced,0x42bacd2232fdb1cd504a5b006daf583257422059,95621,2025-10-21 12:21:08
5.253472898198207,5,43.750784046764345,1,11,0,0x298162ebe54c57d2f170190f47133aa608259d43,0x6857512aedc04ba55cb106f38a75f927b9be0a89,57380,2025-10-21 12:21:08
19.291183287074283,3,40.42315438320922,1,5,0,0x8abd806984f0745696cdb6e06a249476656d6e44,0xc8f97938a8b9a45fad68a60fa8519f8048bfd01a,39275,2025-10-21 12:21:08
9.49558782891338,2,42.009309147699454,0,4,0,0x3d3498dabf578bd3bc643b620681f691cc2c9db9,0x69ba18d8adcb971b9f2c27c75f607c6441cb0e89,58624,2025-10-21 12:21:08
24.721271625631765,0,41.15818334293024,0,18,0,0x2bc352c8165de1a25930027a3a07950b9950e992,0x2ba4a7b669f9cfb9ca39395936e1627e4d83b4fa,80642,2025-10-21 12:21:08
13.092228318511221,3,43.67395921759503,0,4,0,0x131ac435de6bf117cc84f6cb8d07998896fbbbb9,0x02e3f871f53fa498f3fc46a65c20b8e520bbc520,69122,2025-10-21 12:21:08
4.412852131160177,5,39.54038072885072,0,1,0,0xfe2cc4c1a9296024ad325b538a5e8ca991e5d314,0xc4022eee53727cb61bcd708657d8ec75f3877f2f,11285,2025-10-21 12:21:08
13.709880009881893,3,31.50394744288072,1,0,0,0xde25aed73b345a656839e0e86397b6b1086d90c3,0x98ed6f01a100365cb6bf77bfbbf26f5ccdca72da,92728,2025-10-21 12:21:08
30.382732779422625,1,60.920248985760836,0,20,0,0xe44ddd4af243e464dedd7724b3dd4734f62c58a3,0x8413600b820ec6c6dd1c7bebc2ec2fdb4d131ffb,46270,2025-10-21 12:21:08
11.40707888650761,0,39.16834282744044,1,13,0,0x3552d0277f561821ff404f93fb5b484c7fbc1222,0x85087126370930680f7e9a557e08a52fc0dfe343,41547,2025-10-21 12:21:08
7.111031972600709,5,61.97623779709341,0,6,0,0x5f66b6b2f052fcfe2e2e8bfe3429ceb0eb3e0aa6,0xa6e5c94ce28222bd7f13cef7aed023516b2df718,47055,2025-10-21 12:21:08
165.9667670594773,13,136.96372783747233,1,2,1,0x6e3e496c5c33191b343d2a13dfa4f0ec054a30bd,0x3d735745134065332b0545e90f1eef68554a4519,75436,2025-10-21 12:21:08
13.09430468793877,3,44.880026553722765,0,4,0,0x6e32df6190a3c7c5800a457252f7baaf31b8e9ef,0x53d2c6def492f7f4a2cfdadf81220b6acdf5b556,26783,2025-10-21 12:21:08
13.51646477806956,5,47.33865101009247,0,1,0,0xc7e521c330e8f976523f161de9053e7085fd1744,0x5b84dbfa00e0fd1356c46152b89934db4bcd1c36,14467,2025-10-21 12:21:08
6.440227612913966,1,38.60806466249842,1,5,0,0x4669a6b9170fcd1a63a998a8d2cdc28c9eb7056d,0xab14f4469d6bcead7a020f6419e164c3d72c2712,21253,2025-10-21 12:21:08
15.221174596910489,2,38.43902763994359,0,23,0,0xad7bb1d030123ffbb5f78e30d4f48549947a040e,0x392b752632177ef18b6a522c3ae871c4ee95d408,17784,2025-10-21 12:21:08
9.117205740073233,2,34.26307153802536,0,16,0,0x6de6c97d6a87f72e9ef33051e8d00ac9a5c0be2f,0x9b5e4a528b35fc5ce1f819b4af1817aa0ed26a5a,5988,2025-10-21 12:21:08
7.4563617192908405,2,55.103793132832635,1,5,0,0x91ca8f45175fab77de061ea7b131c64cafca84a7,0x18150a24628e38e2ab2c31d48ee7777d5cc6ae9b,24613,2025-10-21 12:21:08
12.79904288557363,2,45.47298743128728,1,8,0,0x125a6d97e2679e53c5f82e14f6243a61bac6b124,0xd45249b249009e573ece6414eb1d802dd04be3af,39573,2025-10-21 12:21:08
7.0118098167580385,5,44.05730929235099,0,1,0,0x6cf5b6a5cb0e4b063407e3203278b4806ad653ca,0x546d69a490816295f45d94c8cb7d0d81e459c0bd,60788,2025-10-21 12:21:08
32.44176975121806,3,38.41617282059555,0,19,0,0x8d2aea0e1215ced64465b781b1e06aed3e85b6c6,0x670a9f31e4f188e944309b236d6a66a383b50050,1555,2025-10-21 12:21:08
4.906464056767369,3,50.73447493355399,0,9,0,0x732297bece271e44648280235976755d52d9e3a5,0xe0578e50b6d169930a8fcf06de569005c7ea29da,12807,2025-10-21 12:21:08
30.206884015724544,2,46.030782215308484,0,7,0,0xc62350ae6cea0acbcbc9afea898a8316c3d40ab9,0x137ec8ca56ee04ce5d9d5563458336df0ba67b13,42266,2025-10-21 12:21:08
22.145373680281683,2,46.27927202374579,0,6,0,0xc5be6291cbbf96f0123e4f3e920e6b95112779e9,0xcd39956632389ba6e2f2474c5885bff4c7f0a257,47767,2025-10-21 12:21:08
22.245055044813625,1,41.11431779508797,1,23,0,0x9fb9adb76d105a702e0986d7829a15435e5b2d18,0xf5d953b66cf0bf2e8c5c37b6df9df53372a873bc,25178,2025-10-21 12:21:08
9.250424499217514,5,35.08908864668386,0,11,0,0x7d352fa721e6df2c8e2e7180b2ad1cdcbe64e717,0xe2c3fafeb1e5ec22bb0778cabf4a38237cc12cac,94803,2025-10-21 12:21:08
5.251096106070165,0,32.75612726642046,0,17,0,0x6ba419a6933758ae14573a6a63f021ccb24ab041,0x2a7a1760d7a0ed8047350e2b4108c72e57d572ee,36969,2025-10-21 12:21:08
7.593781956953462,1,51.992124386719865,1,22,0,0xfd35ff8959cab174f8e983c0ad8874495f0846af,0xb37a9a9ec759edcd58726b8b9a2a84980c3ba8ce,90825,2025-10-21 12:21:08
13.6113182951462,3,42.71527456190459,0,6,0,0xe74256cd38da3a9183390d1b26b8b43c1dcbdf65,0xcbcbbed859529e4d71138f42e7efebfa68f951f0,76788,2025-10-21 12:21:08
16.116732039688713,2,40.42323007011567,1,12,0,0xbb67894a43a2c6cc46e188c8cc4d9b8019445d7b,0x4b661f50bb014991d9dd284dc242ad4ce95abf81,24403,2025-10-21 12:21:08
424.07535521750214,9,165.11002616346585,1,2,1,0x09b837becb40d874dead3f786365ab2920dc47b5,0xefdf25179d6fd044d05124ebf5da132035965b04,87754,2025-10-21 12:21:08
18.955731474051593,4,5.775997483816575,0,8,0,0x76173a4ac744f5efe68fda65eb93da9b1acae89a,0x45e485ea832cf509415f2fcd810640430f7f3965,25152,2025-10-21 12:21:08
24.277839894299202,3,41.089753331344234,1,23,0,0x4f4ab2cf20ba42ea1af8cd9526b88e0e1e7ea0ab,0x80987ecba42918cd23545143c0d3a1e664b0f0ea,97777,2025-10-21 12:21:08
14.338486738720848,4,38.15012820856252,1,16,0,0xead2a674d1e28efcac96c0286efbcccdee158e3f,0x69e01e34a0c02024b2b97f4eae45b34c5b5d4db9,60266,2025-10-21 12:21:08
28.208215405462465,0,55.52547310734749,1,13,0,0x9126364d7746a5c78f46fd0a7205dc7a2f02e4af,0xb587313c596a3caa20dc60fc747d12313e5afc65,3147,2025-10-21 12:21:08
14.486485459993453,4,31.353236740994582,1,9,0,0x78cb8f37a4241aaa505c4c8cd65eab69f40e8435,0x610cde86cca1ddd63234838e30abafa033960b49,2441,2025-10-21 12:21:08
8.832357203304028,5,51.568987063196474,1,3,0,0x4013746174385ed37f2dc916dbe339810e6eb721,0x776360e5ec6b2777afe4fc6f4c78a3f3fa66bda7,62524,2025-10-21 12:21:08
13.553171792493652,4,38.21665370664507,1,6,0,0xf31b1494781025d4771d8dd3d0d1da54fb68ff55,0xff665e5923e9385b92ba3c5b5cbb4dd0a95d3790,68176,2025-10-21 12:21:08
12.855200128651537,3,54.09962540860559,0,18,0,0x161c67b08784cd308d3e33f1bac317f6a91d110c,0xfbc434862260c72c77c1d2c905280de7df6b6af7,37317,2025-10-21 12:21:08
17.941731202737362,3,39.86872753635717,0,7,0,0x550a05a532d85020214e26761996926ef01b9f08,0x8750f0ca6a22a8e93f2c148deb77087daddc278e,28045,2025-10-21 12:21:08
23.2901107566162,3,36.8531434676233,0,7,0,0xcce1156dc1d32c481c4753e9723a845bfa187684,0xb1e0ee00413016e8599c49a68cd1529b93449741,69841,2025-10-21 12:21:08
15.752266478645275,1,43.43723663294957,0,13,0,0x4aa8a480e99a72fc74183dd6b76a5edb63904795,0xd1b010e242a69fa14c213b885602e1e89729d797,47586,2025-10-21 12:21:08
10.546612951298876,1,35.641687702094345,0,2,0,0x419b49b2cfe1d231d33e5b46a62866f1ebf9ff22,0xad7369e79ec4d8e822c7c68c1ef16c72096da5ce,42073,2025-10-21 12:21:08
24.265787233936006,6,29.658753065511483,0,5,0,0xbc5330577e74f9543b333de5e54badaf8795a849,0xd08aaa5c42c863c0b325a0ae30055f8dda652245,79430,2025-10-21 12:21:08
20.173543452820773,2,48.18808339628256,1,4,0,0xef3d537f6495af6f1867d4e21e120069ba75f60d,0x577cc024f83f4061cfb0ddcc170e00ad1d01a609,31209,2025-10-21 12:21:08
4.061775778621573,2,49.259109671014116,0,7,0,0x0846530399f7cfbac017e1acbe9822528a73573e,0x1212c612530767882fea8a5991c03810c16c4fe4,97419,2025-10-21 12:21:08
2.087081793441768,1,50.49574316064444,0,20,0,0xc46767f3054fae3108bf185c5152e6c93f84b920,0x9eccf307b09b2f11884ad1967b83066f033bd062,6796,2025-10-21 12:21:08
14.299579904427182,4,34.64395943954606,1,12,0,0x0c3e9938735697304fd0aa366081450fdb16555d,0xb0fbfd62f2cc2f34d02bd0223b9b04b3c452e2c4,27479,2025-10-21 12:21:08
10.361272306763057,1,49.96634614979895,1,15,0,0xd69bddb88e11496bdbec2ee232ee276c6ed91a8c,0x486e5189ee267c8fd45e54c60e4a95b213c2553b,39863,2025-10-21 12:21:08
8.693015911390653,4,44.487641644678085,1,9,0,0x5d2885c9577e563037bc7d1fe6c01d7a9ecc3fd2,0x3c9f9ac9a168c891e84eab50dec6ef7453e22195,72606,2025-10-21 12:21:08
31.957514398517368,1,45.63702359765771,0,12,0,0xd1a532292b788409408c9ce7611d38d8d7aef4d6,0x8de209f03ed09133ab73e234f4c39129924a1fe1,47299,2025-10-21 12:21:08
13.54293397117103,4,46.803050513375034,0,13,0,0xb8231f8654b624146ea9a6827460034c92524ace,0xafbf91a5f79ff5373a87cbe36ca9a850c57f80c4,77069,2025-10-21 12:21:08
11.755071757098792,4,59.01500346552158,0,8,0,0x026246c123f4b88f3d8319063b77b758d3434149,0xef476f4ceb5759490b77c566efbfaf1dfd567c19,13558,2025-10-21 12:21:08
438.2775031164962,10,159.49562334099787,1,3,1,0x7866d519ba9c8fd450f459fa16d3424b3bd9512b,0x7ae18ff1eeee27a5c8e795e22179c48447e7b17c,383,2025-10-21 12:21:08
8.370071100044543,3,36.64129744381694,1,15,0,0xe906816e24573127654a40d5c87b9e0ac52585e7,0x6bfb5c24c1adf847498ba05c7b6e1c1fa90f0e2e,87362,2025-10-21 12:21:08
7.5722296137298315,5,51.65334534508875,0,9,0,0xde55fe6ac9fa3cc7e3e60b8986719ddbe9602544,0x2a7840d1af38eb48cc0f8f7cdda06d49731e0608,91072,2025-10-21 12:21:08
11.983024903926166,3,43.82018905392622,0,0,0,0x852fe1d8e9d3a48461137196fcc0895a095d4db4,0x051eae55f4476430d1969a0cc8545c01656b56f6,3806,2025-10-21 12:21:08
7.7519876216459345,4,40.48554609675067,0,18,0,0x436ec8c31f1163303513a6c817d571da06c88ef1,0x57ed68c4bbd7e7738935a51b6c60c4894968bcc0,85596,2025-10-21 12:21:08
12.15785332953133,3,34.248969518832446,0,13,0,0xf3c0a613b1065f1d3ba2b22a300642849280d8d4,0x83e0f7e2a755787b62c38a375e4f6092432d2842,43204,2025-10-21 12:21:08
12.920173048125688,3,56.17933822727152,1,9,0,0x517ef206b23e40aa861c0ffda12b27482f537b03,0xa4b82fd417d5b70166ba8bb5b6318af05989911b,26622,2025-10-21 12:21:08
12.071099088556434,0,35.13559500900753,0,16,0,0x68c07133d7a16284dbe7e4089ab6ff3649d8135a,0x8c9983e77a135e36c9b435545ee46d43a8451026,14726,2025-10-21 12:21:08
10.126739791479679,1,48.58917583740659,0,10,0,0x40882f33975e13023f7240c31342d5be143f4c85,0x00f7217cb9d1ce9d669500ada2bcbbac38fb6035,16950,2025-10-21 12:21:08
9.576074201003902,2,49.11357631151439,0,17,0,0x6da7e8d471981ceb4f5f379e2ac4127a4d248f2b,0xdc56850205e6eebeeb298006b4f44aab41d04987,8789,2025-10-21 12:21:08
42.319182877975784,2,46.87459382088911,0,0,0,0xe967f42a5cb281c26dd97444385cbfc774fb81d7,0x82e146c3e185ee2bfa0fe0d7a384476c7d3b915d,64689,2025-10-21 12:21:08
15.768668868529954,1,48.36499788820901,0,9,0,0x26c8da4ea73ed0057f91fa32c82a7d60787990ea,0xc6522461ffba3cb72e6d92760f36bbc42f189590,90743,2025-10-21 12:21:08
10.555433388731064,9,63.96123276254347,1,1,0,0xca6c8d41d7e86bc47e5b30572b6cb68047cc24fd,0x4b674bebc9bc90b13ed903ec5d510b7886b31f65,77834,2025-10-21 12:21:08
11.250580779591116,1,51.54388134060763,0,15,0,0x0f8342d1bfd6a4a9d2e195952ec8f02c061aab33,0xcddf60d30659717f71fcaad624c7009c752a7789,88584,2025-10-21 12:21:08
61.92790078611671,15,121.56448126012225,1,3,1,0xdc7a329b2456c463458f59da0ba6daca251edbff,0x95b6ca528045ef507d027c7afa0feac0c71474be,2423,2025-10-21 12:21:08
3.3498338888927104,2,58.61006704769774,0,18,0,0x60c188614311974711aa2a97e7206324bff5fd0b,0x6edf54ea258d69046d6eca6cdd5ca1cb195af0d5,57098,2025-10-21 12:21:08
25.60966560341759,3,49.20268529056561,0,4,0,0xbf8520c81d955b2a5df1f7c05fd08cc8558d484d,0x4c0438a0921a0e1fa6413a5e75f554455065f506,70699,2025-10-21 12:21:08
12.539090040229384,3,26.195644559369185,1,14,0,0xd311ec09df20c5dac68d63d3730f82d08aadec9d,0xd591ffbcab77ed6b6beda6fd3080bb4e9cd8e1f4,39290,2025-10-21 12:21:08
14.40266005353577,2,30.777654984931264,0,22,0,0x9ff4bed825abab64b79f5fffb5c67bc168c0cfeb,0xaaa010e230901d3c117a76a36d560e4463c02d34,79046,2025-10-21 12:21:08
14.798115054744944,1,27.552396123946984,0,8,0,0x06cd40dfec01a98bb285c9569a7ae27e55ad2f5a,0xedb77b193d1431c2e2fd630455edb9a143da462d,159,2025-10-21 12:21:08
28.931795260756175,2,41.89603196244031,0,21,0,0xc7c69e9629d24b48c894bd45cc75daccfbdf580d,0xf7abfb8008de901269281285aba8ed431b0a40f5,73564,2025-10-21 12:21:08
33.460198060901,3,48.834550148542164,0,22,0,0x3f9c9b1829a173a136edf60cbb0212f3d616e4ef,0xa5d685c2f7f47726f3869105e5f94e1e8536df87,34985,2025-10-21 12:21:08
10.025192448786678,3,29.991979847378254,0,1,0,0x77497bd86566255a80cf6f09cf3c6554a68d5968,0x02912c45214c34933e7ff5e12e70c5f289ca0d15,30999,2025-10-21 12:21:08
8.711525261262972,2,47.440984435023864,0,17,0,0x652d09ff86e29f822cd619d660c9a14d3d29da76,0xb3b90931c865cdb8c712de693a586d2d560c6d4d,59111,2025-10-21 12:21:08
16.880516596484576,3,35.66880911313858,1,9,0,0x8ff2908f8bb0fd7dd905825f2ad4ad6a9b33640a,0x6dcce6e5c28cf48e2d64dd6f7a74adb4c7d55169,31608,2025-10-21 12:21:08
8.987494353426559,1,41.88324114234766,0,9,0,0xe9cebce15cb863ebbec13fd410f3ac500841afd1,0x65dda1ac45fb39d54a9b8a5f09f9011cda3dc9b1,69274,2025-10-21 12:21:08
11.373386320600508,2,51.13265544661144,0,5,0,0x3a13eac5653923b43202a4cde5bfdc309c6fc8ec,0xd77a18888bd68797e6c11ff711c660a6bc4e4bf1,58757,2025-10-21 12:21:08
17.274969810710335,2,31.24914766832915,0,17,0,0x5d5f83f44dbf47a09ae9a2e7ea81b3df7f40f5d8,0x5f36c1747ff6288c12ad99a002b24539a623a478,31238,2025-10-21 12:21:08
8.553847192954855,1,27.201248917918328,0,6,0,0x8a030621d78e659ca584415dbbb553ae6ef8029e,0x201121a0ba5f6b08f6bda3252ff3849481665d36,16090,2025-10-21 12:21:08
11.853798801644276,3,42.04943810194358,1,8,0,0xe8d45787f290acbc4610f32301023c0f519bca47,0xcf2805054a4a9b57824dedf5c00f0135282c33ae,70793,2025-10-21 12:21:08
21.14783128979428,3,50.2252076644239,1,22,0,0xbc3481bb1552b8c0b277f37a9c7ff020e132cea5,0x4f41584086e6a50a6f34621a07769d89a024d16b,24168,2025-10-21 12:21:08
9.116519729250987,1,52.81942535451918,1,20,0,0xbb4496687210eff95cc3f2aa11a3059a49818898,0x5ba91723d45b8b88f744d3def6a3e4d8687ab22b,93049,2025-10-21 12:21:08
26.689911633640495,0,48.16067869729951,0,4,0,0xf99347d70f90956114847747e7e443081054ae06,0xe1b2d9ed22ea58bc6660383615491bade222d498,42114,2025-10-21 12:21:08
25.879565367461044,1,42.86073533648835,1,13,0,0x627e53999bce20c1f1eca431afe86771e429885c,0xc653c45b7817e7c6f3b86435e586ef0334f493e2,62357,2025-10-21 12:21:08
17.96837238822108,4,34.22279254208398,0,19,0,0x3742cad7fddb5402620764b9456fc2abdeb30691,0x5ad1b85ea4f235296e4908803b3971672fcf9287,98762,2025-10-21 12:21:08
11.269585858869535,1,36.69929504870763,1,18,0,0x653fa1f6f64828418d00fec6276acf60f0bfd11a,0x0e13ea5ecf23fd396663b43d830f7c51f09dd6d7,27678,2025-10-21 12:21:08
8.686458061382146,4,64.26285854855394,0,13,0,0x4f86d14478f7dc13153e6c18d40bea232f5fcc59,0xfd98a364d1279a4e27666f4355e5fa759f399b34,39469,2025-10-21 12:21:08
34.91360248151533,2,47.820362104622205,0,18,0,0xcea6d8f986ae0249ba55458cd008d7869581e31d,0xf6fac00f44ab06631131007181aa3669a720b3f2,8195,2025-10-21 12:21:08
5.762261912815207,5,60.37551319034343,0,23,0,0x506f66d3e7414b9890a1f97c4b85cf7eb0f88207,0xa35f0c0cbbffb199b2b4f8547e06f7c8da8bc79e,91457,2025-10-21 12:21:08
20.56092401688147,3,28.80826943484135,0,13,0,0x7b8fd5f8b98bc3a455913b8e685a68dbfe38e2db,0x25421199938e1f4c79a1fd6b50fc6e980160c121,96852,2025-10-21 12:21:08
1328.1426742069743,13,181.7770514363297,0,4,1,0xdabd722289d25ad3de1bfb24ef934cba03a92cee,0xc116933740e1e9edb2d38d99e4acad5ada2c115e,93998,2025-10-21 12:21:08
11.783159848447157,3,25.296914186485992,1,17,0,0x1f698f0b6ab0402f7ce3b007ed73e39a11b5f766,0xc5b6d82e66742aac13b7d40bb24d51c7fcb66ea6,10419,2025-10-21 12:21:08
5.147353552478364,2,29.48462579031873,1,15,0,0x2b196e30034402596ae073c8aa5e012196b08137,0x4172211d1cf572528e0678d45494aa6deb3eced5,65187,2025-10-21 12:21:08
5.9288019215927035,4,27.444944112953724,0,0,0,0xa286e9bb22e4494bcf885aa697857197eca17126,0x3c11bc3a4024735b34bf6ece7cb99e7acbd63318,82647,2025-10-21 12:21:08
11.782898463056979,5,45.81291425042481,0,0,0,0xa82486fd144810330961aecf86cecbbd6e0df89f,0x5ca2e2ccaabfd0148265a2a3caa41f7bb6e87b6f,8834,2025-10-21 12:21:08
14.13893517524428,3,40.76098927667404,0,15,0,0x8fe1f981c1ccc72de26e9565d817a5ede355b927,0xe894258ee5dbed214770bddf2aa40c53819d4454,87222,2025-10-21 12:21:08
22.86038581457253,5,29.622921914699976,0,14,0,0x4a9a3ddfc1d90ec69a2229bc215d9209cc8f5598,0x998d0c75a896bfef2f7df92bdc23eb2e5a6f22c6,37933,2025-10-21 12:21:08
10.916355130448409,3,46.57346567673078,0,17,0,0x198deb22209e69c6153a6fdd6e3268356924fbd0,0x98fc2b54787d067436b5bf1ffb8da2e0fb2ed0b9,61662,2025-10-21 12:21:08
7.774958170618509,4,51.928152103009225,0,6,0,0x546e8a38c54107bb5d659fcd68d40084dccaec1e,0x6a5b7d35235f4fc18cc17c465ae13fbf860cc39e,34889,2025-10-21 12:21:08
12.257522579175449,2,31.522907696905968,1,5,0,0x205b52e26e04c24ad35b8f197dc13836a4c17a9e,0x2d048316b7a1aa9a8c973bc340e6b30330df87fd,16841,2025-10-21 12:21:08
20.775584546764787,1,53.81058892057433,1,15,0,0x912964f9a2ffb1a590744d16474e84c2c149c94f,0x86db4dc61963b4a614b195976b4f2f315de77e84,69068,2025-10-21 12:21:08
5.717145414413991,1,55.07304357473262,0,15,0,0x5f14e02f22e27e0550fc02ef75349d2edeaa5558,0xb9ea5193d2d8f5535ca0824613ec5054154cd0cd,44269,2025-10-21 12:21:08
26.222192471809404,3,60.84494375157058,1,12,0,0xde9ca7513e58a1e5f9a996dde7c8488cea617b4c,0xba56f8ac15f50c74143697007abd3768c6d3b461,73786,2025-10-21 12:21:08
2.7192512619608014,4,41.769242573229754,0,16,0,0xa71d6439cf54580cfa0c51765ff3866e40dd17a4,0xc22df813d708d5b346ab7462119b25fea9022c1e,36670,2025-10-21 12:21:08
19.015552998950312,3,53.766058798421795,0,17,0,0x1b473f24cf6f10ca4cc6fc7a798aab069759fdb3,0x0c0d0758ba2c658e8ad8f6f8681169f554061f79,5986,2025-10-21 12:21:08
10.690882528282762,1,35.72626994304066,0,13,0,0x62151592d1c73ebd367bc897d319f461e3579c55,0xe6fbc1197bb470875ecd70a7d0fb39b2ae2987e9,24602,2025-10-21 12:21:08
8.85871594575994,1,38.09723766762795,0,22,0,0x53cf201196ad5e784a23da7216d3c7074b10c5d8,0xb7fa67795716274a420ccd1cb161de601f661b9c,90361,2025-10-21 12:21:08
15.712186582150226,5,35.19235156337462,0,4,0,0x88a35db95416ec05447869c7d11bef757d88fa5f,0xfd6d87fd53da272ba4a28a629c6f3f03a9aa7fd5,97214,2025-10-21 12:21:08
27.692979530540658,3,42.11467099318204,0,2,0,0x7e172d06f0da003cfdbecdbf3d9a5b9b2ef95c6a,0x0f03efaf53a81d563b4d41df4f9a44393c65eae7,14786,2025-10-21 12:21:08
21.582332220414635,3,36.63805149295829,0,22,0,0xf0dfd5906e949d308e613371a497f534142fb262,0x0f91aa1125262ec5112b7816ec0e356c2b2c428f,12758,2025-10-21 12:21:08
22.171464205864673,1,53.30161372346304,1,5,0,0x36d299c196fe40b9c72a659bced5ceecf7ccbce3,0x19dcfb6627babde240e93d1bcfdf4333dff4883a,9708,2025-10-21 12:21:08
11.826251622230751,3,57.78280947459486,0,7,0,0x3b20d92e0572db346ba516f7dbfd05a864cd9a98,0x87c47dc619ec781ab19802d25a62e7f1ad2c911b,66667,2025-10-21 12:21:08
14.43344337280265,3,48.740620881310434,0,0,0,0x168ef1ca95e8ed27d4f6cb271c7161605963afa0,0xa522808ba114570b4b9d7a198e93a60c10e708b6,32502,2025-10-21 12:21:08
17.293953144691507,6,33.434447829326636,1,12,0,0xb53e23541fe12a5bd0a676a25ed342457b58e99d,0xe403c26fb093a4f24348db7712ffa39b0dd8e1be,19271,2025-10-21 12:21:08
11.913433846919077,3,37.89984557108448,0,20,0,0x9931b8af2a63bb07cb3a5679189c20f1795a0a8e,0x1f79ee801f9489465d51ec9d75d3686512d6ac0c,34837,2025-10-21 12:21:08
6.200975210021851,2,47.67475388898061,0,23,0,0x69a2c6527f0472ac9ab59a181429fb8869486190,0x02dad4fddb2861992eb28de6aea2a0a348391042,55129,2025-10-21 12:21:08
4.58813919286907,4,47.92828843586683,1,3,0,0x99d3975d148f5f56fca4e22ff434d843c3093bd3,0x8221c28612d7dd979007b7ad1b70494cd779b31e,25710,2025-10-21 12:21:08
5.3875261832176315,3,55.6216744758866,1,17,0,0x8a360df6d1ba7092797ac4479480422126e7eb7a,0xf5ac318861287a9141aeb08ece6322fc69b8b6c1,20167,2025-10-21 12:21:08
11.614045274975956,3,36.71819436126492,0,21,0,0x70da61ae934b0d3388cca9073341e04698bbc1b7,0xf576b1f6eb8abe2a2ee48a0663509a3a2bb47c40,11230,2025-10-21 12:21:08
6.407470025190775,2,39.107462692049324,0,9,0,0x6146e2159c5a3040ada71f882586321990af9a0b,0x118c9c6e38ce86a88648dd2ef3e56e97e38d22b4,29622,2025-10-21 12:21:08
7.144132155581432,1,31.355291463827193,0,0,0,0x33890fa328c4e89f5a8f0c33d9959eec094e2052,0x108e7b2a471683ecf18905719db66c293e75acc1,84689,2025-10-21 12:21:08
10.485277089568816,1,62.81684786466852,0,6,0,0x3b81095bee00d6133159d1b730f6e5bd5a296599,0xf5677f7ef750fc3f1c96049736f40aa14c6682fd,60363,2025-10-21 12:21:08
14.655714441917139,2,33.30684734913531,0,10,0,0x82232350195bc5bd05dab87e94c35adb4c5dd9a2,0x3d2cb7eb8d7190ec4128208195acbda68bbf753d,98425,2025-10-21 12:21:08
18.822584877745292,5,55.77293673015693,0,20,0,0xe6744b3e94b9a748cbce064e32b96b14165c9e6b,0x3dd3af91604ea318b03539f9f31eab9880c0d78a,68198,2025-10-21 12:21:08
14.05560698225005,3,47.2740507899162,1,0,0,0x8c1861f9131059dae4b2a08755b3fc1b3d1c6e8c,0x2c218f16c1d99520516b8034cf8254419421dfa5,92574,2025-10-21 12:21:08
8.112213602317063,2,44.62436490633809,0,13,0,0x188704fd9cca36caed7d9afc712c9e9635776cb1,0xd05d7296eefdb2cd56a2a4fd234b633c142d3afb,7741,2025-10-21 12:21:08
8.785024828865966,2,27.848200292965796,1,3,0,0x12304d6b9a4d64a976fd0a0bf4df181b891e3253,0xf735203584b6fbdcaa07c3f78235282d66aee450,93671,2025-10-21 12:21:08
24.481023129903875,2,67.14329942556597,1,3,0,0x88c9d8223f8d5f876c4ce83ed37363a098322879,0xeb22108f376cb5024c00b9e803785eb75768aee8,9644,2025-10-21 12:21:08
61.15741842052376,12,99.05903176562165,1,2,1,0x6632b35bcd331ed6514543aa82a18e789fa20a02,0x14b1537935bdc0335e7cfdd332adacf753cdf418,78609,2025-10-21 12:21:08
17.69152970555128,3,41.927537743382686,0,17,0,0x317dceb2cd359c5c1534e66ff59e553202f28d27,0x7e175dd09e3419b4010ad1caa16661fdf2e1d4c2,91164,2025-10-21 12:21:08
7.345236756555432,2,52.013898938095,0,18,0,0x7299bfc5efb779f988e7692631d710bfb49c84a1,0x955a41d7c51bc05d13bf3fcd8bda99d6850cae9b,51281,2025-10-21 12:21:08
16.42490819069217,1,35.13057263498443,0,16,0,0x937643df46476687cb7567c491d6929a75afd31c,0x739f72a5393c1a3f0040ccf229f3eed0b63640fa,74953,2025-10-21 12:21:08
18.389063524284843,8,27.205610745765693,1,3,0,0x606c9c969cf23b33f859f8b36cb9ebbf8f92c257,0x34facbdb36085b778477ced59a74a979d23ac244,98372,2025-10-21 12:21:08
9.140826673019943,2,46.4880876167959,0,15,0,0x03c75df17cd0b06fd92bb7f87005b07ecdf54c53,0x4bb18be6b71996246bdc8f905d5e19ff84df8af3,59425,2025-10-21 12:21:08
11.008932250797447,1,38.859618384505886,0,17,0,0x06983c3f8e3937a38a7487d93303bc7bb4f53df4,0xbe4448076d0103b980e2fa63ce56b571062d3fd6,97248,2025-10-21 12:21:08
7.741170505776352,2,53.29149035059542,0,15,0,0x9f7bf82930a43e55c952de625ccde9f0ede76b8e,0x1c6380276146e49fa049209af36e6e1c101ed8fa,62674,2025-10-21 12:21:08
12.930636048469472,5,43.61664717983622,0,20,0,0xde2b7180b96d9d0e50c36123f5cb83e5b63524bb,0xb86a273c4941f8ed5df501e3bce77f80fdbeab73,82478,2025-10-21 12:21:08
21.869037858431064,2,41.79216138148001,1,7,0,0xa9365f65fb1d6f7633b4d8414ec29799c1da34b3,0xa494da6e24d6517c8881ee92315bf680b64f2ae4,54989,2025-10-21 12:21:08
8.22962292750023,2,57.12090719322736,0,0,0,0xfcdf49fac3c20d380f62f75c0e94dbc7aef2bb36,0x53b980b95d9aabda1cfe68b5aea9a8ba74747ddf,74431,2025-10-21 12:21:08
57.27278775306754,4,43.95990772275305,0,14,0,0xeaf5ed6c881235e45a71f5840fc737ce3a784418,0x6b47c56a4e7a7079765a926ae37a4ec25f557f0c,79193,2025-10-21 12:21:08
4.76875619332927,2,45.01803506356414,0,0,0,0xa3212f3859e4c87526ec95fbfeadfe7b5da939fb,0x9096a272c5016b5096308d2d8dd6d769a8e27b13,42534,2025-10-21 12:21:08
5.235660378511851,4,23.435546229949672,0,0,0,0x66a71ea5d273ed31c550fb72090044046483c8fb,0x9c3ec52b0d9f786852a8d001a3206bdefd3fba0f,51541,2025-10-21 12:21:08
8.69395087807214,2,54.66956645344817,1,20,0,0x7dc0c360b7fdfa17eac370eb4862f396d5cc32a1,0x5d5e06749ad67ccdcf629b91fded8c4b83da0743,42499,2025-10-21 12:21:08
17.97475476334113,4,31.154819805750034,1,11,0,0x9b82e6e07f0bf103100e151cecbbfac17f4de7fb,0x881078ca3a064c4ff49861e98ffc3c412400f069,41953,2025-10-21 12:21:08
20.56261038889513,5,40.20031853851273,1,18,0,0xdbd7b1d68b7c8c73f96e883e65bbe29571eb27fe,0xb33cca2a13ca1dacae69551a49e7b1782bce3dd7,36527,2025-10-21 12:21:08
12.6887186867406,3,66.65521452206556,0,19,0,0x331ea9bc06d357a6cd65a338a48eab8311882e44,0x110edb1ccdbb8b4311d563ab60c7cbf2fce66241,77119,2025-10-21 12:21:08
11.589930449442999,1,27.240177530381075,0,8,0,0x1f19bc01dfa60e08cf1afe3a2da3adaf69d1185a,0x8f4392062ac90997d7c29217833bc424374631e7,18681,2025-10-21 12:21:08
12.317869679315079,3,41.566648241475505,0,21,0,0xee64c4e37691e15ba0f6e7d972c60cea2c584cfd,0xd3b85788f86eeb2768c4c3165f59e70cd03e7482,89411,2025-10-21 12:21:08
10.287496591551287,7,48.95307252649331,0,21,0,0x48b85491a7b7e6d72e210226fbe98b0e7023a7c0,0xb553fbad1592d7128a1eaaefca9b0f2957d94d1b,30590,2025-10-21 12:21:08
13.928587022019904,2,50.01090009308772,0,7,0,0xb1a45f4c296b01adb8d3786045da79ec7cbd88fe,0x7f13d86e2f0a583a620cd4016e056331d4b6d3e7,84993,2025-10-21 12:21:08
10.669809808586622,3,60.69628586939493,0,14,0,0x3520cc508a50ac201f560945e354cca6fc3015dc,0xe7a6d29b8c7908699e346f7d36d58df33c2ce7e7,93654,2025-10-21 12:21:08
17.809982071603446,0,41.32925353981817,1,5,0,0x9cfa1c4b3636a761a04cfcbc6b0a726237dd15f9,0xf32587664e182891ecdfcbb0e9607ff22bd8abf0,91362,2025-10-21 12:21:08
6.136274636550153,3,21.35144627208488,0,9,0,0x8984e2e5b8ff53baec469dc2db80f74f9810969b,0x61ad2e9eb7216ffbcb2735abc7342e397654f8cb,68968,2025-10-21 12:21:08
9.337426223080714,3,49.05035385855713,0,11,0,0xa8d4a33bc7f00e7e1951426816fcc7d9e76deb33,0xc32a518521892582bd813f926a3309c244369c93,50322,2025-10-21 12:21:08
10.634598176951451,4,30.805668034549903,1,22,0,0x9cc8eb984668bfe676a3b126daac8cda1d63f6b4,0x65dd54caeefc78b854c0e27a0f0bf7ad615cfc87,59720,2025-10-21 12:21:08
13.934231081015438,3,51.23525798825859,0,2,0,0x65c1b64e8cca00e17ea8aab60b6c76cb4b69faf1,0x51ae22df8f84dcae47c284898bba31ffe60f60dc,90762,2025-10-21 12:21:08
10.225792843717342,2,46.143087530592474,0,22,0,0x8114de75fb854072bc16a1de0aeec15100d375f3,0x4c070dc5e0e1c3cb72e76b590e5597a51ef9ef21,35657,2025-10-21 12:21:08
14.09758730459935,5,40.3714371428562,0,19,0,0x558f35e9066a07d4cee87202d11ae317405b6fcf,0x2064f8f60016682f2d7527d25035439fee030a93,67368,2025-10-21 12:21:08
9.14681317687244,4,53.97655771649744,1,19,0,0x0cb28fcd6dceb3e55eb214724df2d6ef5501574b,0xc2d6a55f9dae25b261d89e103c7f65dc9b6e37b3,19642,2025-10-21 12:21:08
24.268577575011943,4,61.76454961914663,0,17,0,0x14f85cc495cbfdab869f29943a47ad534a6d7415,0x97dadf4cd869ce9515b01d4c601387983a6a2b7f,59255,2025-10-21 12:21:08
3.715153936461054,2,49.72815069927832,0,8,0,0x82675b202a5a3050b72f2d02697afe72408e7919,0xb6785c3b22dacaa5fe7c7a78e0698eca1f3d5389,6797,2025-10-21 12:21:08
17.38340767752474,4,36.910361070742,0,6,0,0x0cc38b7f29b5fb89794bcb882b73969764a0b742,0xbbb0890040985d8451dbcff82f474933b429a343,46634,2025-10-21 12:21:08
11.278265800235266,4,49.508123363318,0,7,0,0x12c81d90fe1ce1bae40cbe9715419b05d5e2c782,0xf2b01a8b911498283ccb24bb6ebef6b1adb66198,97585,2025-10-21 12:21:08
13.110042005081013,1,41.10596438474624,1,5,0,0x8745bbb049f9b6098c6e3a3ae9652d8fe5a19eb1,0xd7b15780eb6c948ccfbf8296fbb237033217517c,80870,2025-10-21 12:21:08
14.52882721069284,2,53.36991154633674,0,15,0,0x0a49523438b246bbf6d58e6a3a985e08a655f33a,0x7678f2e1adc6e12f58e8cf91e0567c368f024bd6,26924,2025-10-21 12:21:08
10.16893802864962,3,51.76507476439975,1,21,0,0x2771ff4fcf8bde86d339a6224ac570674b9e135e,0xc4000f7623d7db66cdd585c04c7ada5e4e86c601,52335,2025-10-21 12:21:08
11.722581120714512,2,50.095135639296856,0,18,0,0x81e394df77155ced4791dc1d682e62b5205a20f4,0xbce94273645672215aed10080e64e5982561e5d5,92966,2025-10-21 12:21:08
6.760486192061662,4,41.78247296009792,1,2,0,0x7772e73e72f207785b1079f3ada6d9eb3079d89e,0x468613018b6a77ab140c840a680bbf0f06928862,63154,2025-10-21 12:21:08
4.539245241312556,4,48.69263777649905,0,9,0,0x88bbaab3ef8a31921d0a5366d90bc8790ec740e3,0xff97ff537eeb20ed386c0b0d0f599d8ea2a2bab6,1213,2025-10-21 12:21:08
9.4651137858804,2,64.11606067063322,0,0,0,0x6db4a2ba317b1dca5d66c078dd6c73b72c0ccf7e,0xa58d2f6685851e5dcd458e5442ec44d9c267b61a,85897,2025-10-21 12:21:08
9.287005903345488,3,42.83998578426887,0,5,0,0xab582788bdd6ba92210c14f093a990b97b49f328,0x602b935f885856df52aec0309a04704a72c569de,64713,2025-10-21 12:21:08
14.799828147288565,2,33.80749757779356,1,8,0,0x5b0d791c8a62325898095f0a3638d94d80cbd36c,0x7d2ca0b97310ec5cc05be725542baa5a03eac7fc,82853,2025-10-21 12:21:08
23.708174521113307,2,59.14029135561987,0,4,0,0x1e823bdee37141b58b8d03309159e2822e82550c,0x5350260b1ca23b5dd8dc03c350d80f9020d36d8b,95740,2025-10-21 12:21:08
13.527798111025495,5,36.490249193184354,0,23,0,0xcf688810553c7468c08cc36fa33cfede35418a59,0x35ce16bb72011564bba90c4ccd79b175e0cd98af,46168,2025-10-21 12:21:08
7.924083034462197,2,50.94854373397244,0,8,0,0x58062302ddd6d5c0e836f3640e3e255f0ddfa1cb,0x7e4d3bb01447d44265f4a132bb6826cd847d7b60,25280,2025-10-21 12:21:08
10.86771853967846,3,51.38186998848573,0,1,0,0x1b9d3c8a1a7ab0b72de40052735c9b8d7397e646,0x4fc98f8b5e738e1ef1d63ac31e818b4d46b4c522,68313,2025-10-21 12:21:08
117.50550675136877,15,174.5435615146522,1,3,1,0x6dc9162778a392881f5f24f1e3a215a235bcbe43,0xe2023e5ad3274233dbf2837d8f62d083d2b6c986,5795,2025-10-21 12:21:08
6.622724946627967,2,29.350261065582206,0,5,0,0xcdb31bc9cf3b74fddeda9975fb943989d49fea5e,0xa86ffa77b711167907a7420d366ce45c861d11ee,37388,2025-10-21 12:21:08
9.16779126338178,2,43.8634315750096,0,5,0,0x6abfac08b7bfafe424f486c14f8dac17b23185e8,0xa149dd474fa759393d28aaba47ada3d2a55515c4,41572,2025-10-21 12:21:08
17.629283668105206,4,51.23342300674828,0,13,0,0xdeacc7b8f4f5640816b7e70e968adda27787442b,0x424900696f8f8bab6b989cb8230c1788b8cac0a7,29495,2025-10-21 12:21:08
19.063054445616434,1,41.76485053215543,0,11,0,0x592d1692c3da97d0ef8d51f2f4ab581f46abfa63,0x4253021b0b98bebea2ba020080b44eee0c84d1af,53980,2025-10-21 12:21:08
11.733454531364925,3,46.57145783702534,0,6,0,0x2c7c14b9e40f63efe9b17f307eca6226146596fe,0x6c8aabe34be8b14af5298feea97347e99be075d6,79954,2025-10-21 12:21:08
12.016481461913733,4,32.72171433943008,0,3,0,0x1616def797f46a7316c0b196bb9c06ff4ffda2a1,0x3eeba59f93b99e10f3fb67224996cf361a053f60,81460,2025-10-21 12:21:08
9.177415723339031,5,43.72800616017557,0,16,0,0xe688ed99f710713fb3136595314ac223aa4a15e5,0x0401c20711e7e62cc42aa482ac20422eb3f11723,92043,2025-10-21 12:21:08
16.370333411542905,5,33.713654856207924,0,22,0,0x717e736efc6e0dcd07a0257e443d3f657ead5a96,0x14b88788fbc8c91230cc5be1343599588d09e7e4,86359,2025-10-21 12:21:08
11.923418131561359,0,36.35714738059464,0,8,0,0x9d94502b7f2d02bf3783cb608ab3dd8d2eace40a,0x0b45f62820c2690dd36eadb26fcf36894202f3b1,10598,2025-10-21 12:21:08
8.00388869967119,3,54.944145282075844,1,9,0,0x24e5c70e20473ca855a4c94a67600952fcb8a61b,0x347aacbb41eef083d88d0b6afbb5f193f4469d12,11069,2025-10-21 12:21:08
5.480850161381389,0,44.54955881989076,1,19,0,0xd27cde0e490b8645ae22f66611ab43e6f24108c3,0x16de683e35bdf2286bf813782d772a75808c7bcc,22293,2025-10-21 12:21:08
7.521723189250332,1,27.41791123344565,0,20,0,0x7cb6dbf09a612d0625ebc6e2188e6d43e3f03e6d,0xdfe977e9625cef9e7c7e3cf77a0a46dec78aaecb,51302,2025-10-21 12:21:08
4.386141176478619,4,43.467394466006944,0,17,0,0x483a253ac14dc3e4b83530e1578352b87fbe0c19,0xd5f9fc47518cfb8084d8ac4958c6db3574c36b23,21406,2025-10-21 12:21:08
6.866645713149893,1,58.80138938868515,0,19,0,0xfd8f92d298d2e9ba452d97151858d3b21731a8b7,0xe6a4f05dd89d23af9e12b4cc51da1b501beb304f,23378,2025-10-21 12:21:08
32.07980682883653,3,45.32773637555781,1,0,0,0x474c64c4c3cfdd4623757a1cf8f6feecf4aee61a,0x290301a96d0535fb4fcaad54c19d36d341cc2432,77039,2025-10-21 12:21:08
8.538314691897597,1,33.3213469270829,1,15,0,0x3617d9f9a4c47ffccb0510beec6bdd3e09aa59cb,0x1b81d83f9889463bfa9309df897801ae77e09454,7921,2025-10-21 12:21:08
16.378847905775547,2,47.56783257324723,0,21,0,0xec5fb2fd598509576df7ab7e8265142a4da8d788,0x5e6ea95258f554a0e4a0f7dbcf0e7323dc123891,54953,2025-10-21 12:21:08
33.00818393428593,2,38.17925201976217,1,23,0,0xa7d7aa55de595cdaceb89ce0f957e0eaa585d103,0x2bcb32284ea85970c70d82c876b06118d8b0a645,44065,2025-10-21 12:21:08
80.52164162461489,14,183.15225419609814,1,4,1,0x599846558417ead2ede8d4d0e3807788c5c4bbdd,0xb05afd0b31106fca1616cd380246654cb438e7eb,53722,2025-10-21 12:21:08
16.85888195519924,3,39.25398141816609,1,19,0,0x684b28e9c0d09dab3161e67ba7289f9f953733a7,0x8f6aca4da91357a483f5359fd2a7d36978128663,7841,2025-10-21 12:21:08
5.653381263982959,5,46.84827033621654,0,21,0,0x3f05b7dd2150a457651b77a42ba74288be6c7c44,0xe0b798ca308ed4edd514020085c7e4bbdedb8be3,88294,2025-10-21 12:21:08
8.11865596372358,2,51.31224356971783,0,19,0,0x4e127dce586de5fead36f3641679a153405bbade,0xf97d5cbcad9ad44239f48924fcda8d043006be50,20122,2025-10-21 12:21:08
23.55330407844922,3,57.884336225033884,1,1,0,0x7108e17e4f14f852b7d088f3c7addfa2c5997a87,0x36a591a89210dbe2590d18f00825b21a293a0261,98144,2025-10-21 12:21:08
9.856195323436406,0,65.54092441435975,0,9,0,0x83906ab93026a2067e45d2d42c1d69a6b7b011b2,0x636a269ccd6258fad64a073a182c52dc613caf9f,3011,2025-10-21 12:21:08
17.702572347870316,1,50.81723364970506,0,22,0,0x66601789c6c0eeb397fdc40658337dd326c48485,0x8a7d7e76de57605f7d45ef1efba11b5455b36bd8,68059,2025-10-21 12:21:08
18.23867283430175,2,37.82146785645965,0,1,0,0x5ae56ba338eb6a95065b3c76780f212aaf1a5813,0x6fe5ab257d73c431af401f649757add178767156,46150,2025-10-21 12:21:08
15.304068538591418,1,60.24517181115903,0,11,0,0x44ed0c5d4c5fd3ca580e50b635f6ca487e20ad97,0xce8dac257341a96e758a288858677b725d63e3f6,27225,2025-10-21 12:21:08
5.775830518327638,3,62.340419544226194,0,22,0,0x3636fd0014ead95108cef67d5c873410d52a3d05,0x1aa75aa8e4f99063c9f3ef2dc4527f16c088d415,14105,2025-10-21 12:21:08
10.790697372354295,7,47.31730942030393,0,11,0,0x7d939e7af92ecead62e53567d53868e240ab700d,0xb9be4ea3fb147f1c6b25c35da194cc17cbd8704b,20401,2025-10-21 12:21:08
12.661526821485662,5,38.631547857296106,0,6,0,0xff6dad721694e0125d0e7147c4cd7d5672cfbd49,0x33da6dbf9e9f3027d96161572b27bcf795e0ad2d,79224,2025-10-21 12:21:08
602.7929737554266,14,156.52079511415243,1,4,1,0x68d590a75035ce909426c7292da2da55e258a7ac,0x961d8815fb10984bd0de6fa253b2d575df54fe40,18708,2025-10-21 12:21:08
12.077311834337166,4,60.99123240836734,0,12,0,0xc6676cf277c094d405d5fdb35d5041ed6c8e8dea,0x3a75fd6baa873c6beef242eb627d9ecf75815a36,59295,2025-10-21 12:21:08
7.759557969992707,1,40.4077960201076,0,19,0,0xf8a660aa5dfe4f77a3059e04424540ebb6e264cb,0xa03cca935f9af5534cfab7d2c5d09a58ceaf7464,5419,2025-10-21 12:21:08
4.884602238631671,2,65.13554294648699,0,3,0,0xe2ca505ccc334c802ea318ae6085f10569e56571,0x28a67ff66775c345ea848d8f7950c4a2fe8dd365,78699,2025-10-21 12:21:08
23.694007032787237,3,46.55511603763561,0,11,0,0x88a86f802ff1aefe040255f2365cadd18df516aa,0xe540d241edad1c3608b0d75061071850faee76ba,77040,2025-10-21 12:21:08
16.66257088018151,2,66.93449550288386,0,5,0,0x993098dca97423297c4fca70e8a9202cff169362,0x07178ecc44604b0a770166b821d9f7a6d2ae26cb,2265,2025-10-21 12:21:08
22.09221777700561,0,52.271712595339494,0,10,0,0xd566ed4ff52fb3fa52eff62e8315d8c991e34864,0xfa4896e005f44aacbdd7a7d8aa34fb62b523979f,23003,2025-10-21 12:21:08
26.8545814955633,4,57.06535723454302,0,4,0,0x58e3dc1f4d6eb3b0749e12bd9b94a38871e4d776,0xa3abcb362b2a06a3f6f14bde6bb8935219bea1e4,83412,2025-10-21 12:21:08
5.109960425935253,2,38.88998875910371,0,20,0,0x3277c9424371a795f3addd29c4500a921b0ae7bc,0x21120ac78b0c47c104d0587b536bf5616e934adf,32423,2025-10-21 12:21:08
11.505471220860997,4,23.08021343720119,0,23,0,0x09d74c37e7ad7ff2b7c0c3454f448992f191fe74,0x69a10e490c51c13918b2c76afa633b070c32c066,12006,2025-10-21 12:21:08
18.634484478211625,4,41.08843627747157,0,3,0,0xe45f864498816903198feb532f3f148f5158d301,0x19470c866b17ab2c9625c0386639a00a2cbe6dfd,75481,2025-10-21 12:21:08
3.2327035987372845,6,54.559358223307626,0,9,0,0xf496728133fe59528a4ed1527ec24e3317235e8e,0x648ae188534538a1bdf78fddcef38ccf12943dac,5369,2025-10-21 12:21:08
9.397701022681984,3,50.78909818069134,0,1,0,0xdb324804a3466608e6e3315cb92e045a44b9cdad,0x2388467c1c88153a0eac4dbd20e160f2fa00bc75,83461,2025-10-21 12:21:08
13.319118367842487,5,48.28644025804809,0,13,0,0xc7ddef9f07ca6e0d8b3c6273d117d7f05881773d,0x3ef768094559c64a4de0cba9de490f9c10777c99,74177,2025-10-21 12:21:08
5.467346426671031,3,38.85856468752815,0,19,0,0x34a960a82a36440141092a09777661864374531b,0x03ba036f96091a5acf503ea87a327c8dd09edd7e,95883,2025-10-21 12:21:08
17.819014697366395,4,25.20981306510288,0,23,0,0x6b1ab66f0c99b22ccea5a2be845579a2f86afc5a,0x42f9af49ff30c7ec6a33dc403470a399ce64d06c,13965,2025-10-21 12:21:08
13.479807206319101,2,53.234231845623114,1,15,0,0x0f34b10179591873a9d625f29fce2fcba85e7f33,0xc0e17877d563bc4d19a3635aab7e473a1816512b,62149,2025-10-21 12:21:08
21.722041233154453,3,60.42547211374117,0,10,0,0x764ff1506e844b649bbf30f5d839a34efeff5e28,0xdaa6dfd5c56e404819214f4cfb4527218d56db0b,93953,2025-10-21 12:21:08
12.11602070442596,4,42.50344461781081,0,9,0,0x0a557488b14b6168798d3789b192009e504dd585,0xd267fab1448ee2cfaedaac4dcb7cad2e58936750,90774,2025-10-21 12:21:08
38.01861049066155,3,20.59295985224916,1,5,0,0xd3056459f707bca11717488df7d86f75e8f121e5,0x5b3a222099d01d46e4c24533d06735ef5e093d5b,26036,2025-10-21 12:21:08
10.669844543378193,4,34.91566979468854,0,3,0,0x2fa034ba352959d0e5c79dc7f0dec6d9f9b3db5f,0x83f83667652e96b59b736627cec9ff12ee01ca05,62334,2025-10-21 12:21:08
11.12204242176098,5,43.86841505543916,0,14,0,0xf5e49f8a97b53c3c8dbc3c6d514289093c38df01,0xa4526fe3ec0e2f4c6fe8404a068c535d0351235d,29841,2025-10-21 12:21:08
13.14219107624108,5,54.34654707336624,0,2,0,0x0fc0bdc02ad391d04512f9213df475e8298ada37,0x2057ef7fa35ed05b03ee85393396a856ef3aca48,41665,2025-10-21 12:21:08
17.056846353044186,1,36.417839682283734,0,14,0,0x96d689de14262441a0b5c08940b7f0363b46346f,0x7c917211a304a614350f0130c4593648cd839d51,57589,2025-10-21 12:21:08
12.596700913018058,3,52.06505463547253,0,8,0,0x0ebe20deee2a1494987204af248ade008f2bef94,0xe12918dfb3417b7666735b773013824e0c4aaafe,65715,2025-10-21 12:21:08
9.331763808157378,2,49.001696052004974,0,1,0,0x8a4bdfb28b6fbb6df7a41a82ad1994725f81e796,0x0a5b01a8acbce28d34f63bab99cc587ac05ec8e2,30422,2025-10-21 12:21:08
17.96306245808732,5,32.87342867376687,1,0,0,0xf20512bde4da715063088a256ce358de9565605f,0x2c9b48e2f4a4a71704248ceba059fbfffc5cb699,27877,2025-10-21 12:21:08
24.571257223396508,3,40.00128965494968,0,14,0,0xb8a2d53f6f6c83d777d75759dd1ce256d303f57c,0x4c611975423796c8ca256e1bc303efb16e05277b,55479,2025-10-21 12:21:08
36.70489797912021,1,46.23754642524277,0,6,0,0xbccdc3904652c6f34a61335ba63900402822c84b,0x66082710afc0e7cce826ec1b7fdccb2f994680d4,97967,2025-10-21 12:21:08
20.087894640927406,3,45.52372768727569,1,10,0,0x79e8b56663ccee1169f696c72ca45c7792bd3539,0xd01939d29ee450891780f1f2a8b2c58ea69bd5e1,50241,2025-10-21 12:21:08
25.287118414540334,2,33.00795674904357,1,0,0,0x3e4f96b1c1b9d8f3421d973db0cf55117a6d19e0,0x59b0e6e571d08f8fd96018f41f409db467a2ff3b,31411,2025-10-21 12:21:08
11.203724000803549,2,55.323893981263964,0,3,0,0xa7ef9f145901d9e31a5fd3a2587121f9f680a25e,0xda10976eae7e4408da20c3b3c7994e9b40ca377d,71561,2025-10-21 12:21:08
10.968462900199018,4,40.962965660020934,0,18,0,0xe39fd9086dab6b08bb7ab9b4308e7c133c62f7a6,0x3f2352dafbc28ff20fcae2a7fe8c35d9767aa23c,77839,2025-10-21 12:21:08
26.23438926747717,1,49.2053670590407,0,9,0,0x9bb3e85265745070f2b15776674212aa2b60e65a,0x0341dcc0c47de7a8e7ccf6faef090fb7e45339c8,26035,2025-10-21 12:21:08
10.05220099579102,0,30.057364709337612,0,7,0,0x9df19081388ba0d11b1e7c79b7b3e7dc67029503,0xf7daecb36764e9057a57515d8c1fd28ce60ac339,35057,2025-10-21 12:21:08
23.617338611516775,5,48.92768363051125,0,0,0,0x860cb5f5b1f5d9176d5d95889912f96a9bcdd8bc,0x46495815c5b056cf6276339cc6e14c5f30aa028c,72683,2025-10-21 12:21:08
10.075985608386478,3,55.440251294423796,0,17,0,0xd5a0ae6a0489fa9805ec2eb8db21f7f2e4b5eb9e,0x1d461e06460556be7dfd8dc9bcf4ce34d9d4a86a,53909,2025-10-21 12:21:08
16.165014914716,3,37.11923746096329,1,20,0,0xd906a6e48fa141d1fba863fdad7aac3f0bd9d29b,0xd11011f486ac4a93e5e3de96cf2bc7b72c6e0481,88766,2025-10-21 12:21:08
29.893067188124462,3,45.65737660047287,1,3,0,0x0116fc39b81f85976ac7cfc8becff757711af091,0x23195d447d500994ceeb2b7a14b52ed775f8227d,78863,2025-10-21 12:21:08
6.475013302967241,4,44.13782901992547,0,4,0,0x6a23331a50bd418153d5e1b1b6f22ee6762262c1,0xcb939de0d77d4adbb163e7a9a569fa143260dcc5,86202,2025-10-21 12:21:08
19.082012810530706,1,17.77545859008061,1,11,0,0xd6246c171337a0b8535cc5cd8adb37054f237faa,0xa268d2d02f893fba26b638816779017fc6d60112,65440,2025-10-21 12:21:08
12.846149694533105,2,49.54704396416774,0,23,0,0x9ade1760c16aca21f0f625ff975d6ae5648258e0,0xf22bd3382283594fab927a47b581ef6939e68efe,3543,2025-10-21 12:21:08
42.35340376555484,4,53.917005810695755,1,6,0,0x4c38aca0c302f304509acc9dbfceb33d01a94128,0x9fb0453dc950759347c13e615abfb8aec1c3d9ec,4760,2025-10-21 12:21:08
12.321057294315667,0,40.04784901995265,0,12,0,0x404202a594bb0a148adbbc440478923660a5cbdf,0x94974f4989542b059bd8ae3d7f1a1fd31572e23b,26280,2025-10-21 12:21:08
7.2661710829197945,3,33.19539514767918,1,4,0,0x847af9a899c20dd14fd96fa53e8ebaf32a4e3126,0x425479358594fa73b569571b423b97ab186b0a2b,83466,2025-10-21 12:21:08
22.20570839702423,3,46.398213585182106,1,13,0,0xb101b77b915abaa606ba78d727253679593769e7,0xedc719c60dfd2b91bb19135096f609bc8ee7c161,20902,2025-10-21 12:21:08
8.498331700512281,2,31.7515421906726,0,7,0,0xc96d228fdf6b0f2a05c167eccfcef5493874c077,0xd3c49fe266562c6c6812370a11d1a165b659053e,63462,2025-10-21 12:21:08
860.281312206191,14,144.92972909816666,1,2,1,0x66f70eeb23a59eb98358ddc8e5424e24c99e0561,0x8d58e7c49b6a7cb4db79847fe8d06ef6aa1be1b7,133,2025-10-21 12:21:08
14.785265879543674,1,21.455170773033977,1,15,0,0x29873ab7a7d5d0133181cc543538a9e6e2b93051,0xd62f93d239c4d9d05ecd44822fe8d789ff976d1a,65261,2025-10-21 12:21:08
11.484476155624227,6,34.94684874002765,1,1,0,0x3ce4fb72508eb0107c3167f8ef4d20e7cd54c64a,0xdeb49640a955b520df6ef5d42ec59dd8b7adc770,5507,2025-10-21 12:21:08
3.6143587283917804,7,42.634626166314646,0,17,0,0x34bda6dfa599cbdfa891d607f377334c65052828,0x606129190f4cf7fb53c9091e1a213348259dadc3,74037,2025-10-21 12:21:08
11.096099595393627,1,47.94082038793214,1,17,0,0x4b9e78869e076359f137393d3fdfb98a1f62b30b,0x63ef6f08ecf047755ea13e7152d687b78158c181,85324,2025-10-21 12:21:08
23.91408538495121,3,52.36763345167897,0,11,0,0xef219650eabc78046157799c7bfb55a214d83e4f,0x805d51a6933a81efd88fbde59cd6d3df08c8acd0,4929,2025-10-21 12:21:08
15.741753126489943,2,49.33541610472529,0,22,0,0x5a5f3d374dda4836e4ece8cb7e799287290f4c37,0xb362447801da40f5c523248c9d21cefc5908afd9,60412,2025-10-21 12:21:08
16.59379137393571,4,39.21787901780246,0,19,0,0x59485dcaaafda25bab34582017361ba9dc79fbdb,0x227fb52552baa5a9b782f199be6b7ca80c0a0a3e,39287,2025-10-21 12:21:08
16.139417208085973,3,46.43417630681476,1,18,0,0x8e69ca01896a2ef40c92a3364861caaf7a16495f,0xb26e52b2438b0f0cbbf4e73e8dd62554dcfe7af0,78573,2025-10-21 12:21:08
57.61242090757144,4,50.916680496931306,0,14,0,0xa34b46abf34dd33e7a4c84f72b60eeb417b54d2d,0xabac9365d6d220638448bf057f0bc98d7582324a,34615,2025-10-21 12:21:08
14.8612634442585,1,22.841775749793317,1,23,0,0xc0df9e99da9be7a48ae60ac06a68161d9b914f88,0xb001c02196c71d37a90a7cf71289c464d9110564,86522,2025-10-21 12:21:08
30.500106996109245,3,31.503503297798595,0,16,0,0x90ad69d9bd299015d911327e75368c15605f7c61,0x2daf9cec98aabfe7126a8d19d67557ea2e7cbda9,32430,2025-10-21 12:21:08
7.0045076324356375,4,62.127114112762726,0,21,0,0xd1c3e44dfea167d13ebaa2f34f51958bba7eed08,0xce01fcf51d9122388a11edc5d446df804448a5ff,57336,2025-10-21 12:21:08
11.768526494218213,1,28.85250137708669,0,22,0,0xba9a1ebfa05c0e51ba66b31ba60baa1be1085f2b,0x7d7559d7da08ca873aeae010ab2e854e792bbb9d,97576,2025-10-21 12:21:08
10.837962659301079,4,38.38862887809027,0,13,0,0x562e3f905e5814464bd93be9bed174c3812e7a38,0x240d62ac160086df2f4c1c489cec4c0eea7ee5fe,58967,2025-10-21 12:21:08
6.688694149034738,5,41.80092721997086,0,1,0,0x9cb99989805f9dc5fd766e1cba30fbafac638558,0x1a5f82d469c1ac043e89364eec4c5f73f85738aa,17237,2025-10-21 12:21:08
15.502898915733244,3,27.77743066042481,1,11,0,0xc75c553428dea1a609b61404a30bd06c29ffb88d,0xf8006260063144d3e8131a93e54ea9cf95104dea,96022,2025-10-21 12:21:08
9.094999615928135,1,40.47309851490466,0,19,0,0xb9a8f0b300d840a26d1318b8bdecfecc6d61b9fb,0xf229d425fa65f9735ac29bb6c5b52fffd0f1ada9,40995,2025-10-21 12:21:08
15.834053441400906,3,38.724599972559275,0,14,0,0xf7074c3912cc9c1abf32468471578a336c3f4ee1,0x92bca0ad7f86a628c846c05909d55f6d6a9eb26a,96503,2025-10-21 12:21:08
8.470848461166895,2,56.494873640103684,1,15,0,0x1ad94b99ce1b5be5b7feb06be683e6bc539b727c,0x91ba10cdcf1eb1ba82e0b19791aa388609a4416c,96704,2025-10-21 12:21:08
16.338303810694523,2,68.22609225262767,0,2,0,0x432edb96c6c528dafe12d061978fbad15ae07482,0x00b9b0a96d33837e02fb0023de527722dbc500aa,27351,2025-10-21 12:21:08
16.523684834358995,3,48.9245601847052,1,14,0,0x16a6c9e46b58b2f389dce795b2b88a516e8821ff,0x496f0e1a8027f1f9bbc6c1f2983b65661095e611,21777,2025-10-21 12:21:08
11.47871535473723,4,49.1687306259004,0,5,0,0xb4a9c62b391bbaded9cbc16103ed5f99300806ab,0x8bad46f031acd409612489cc37fa793a31f70bb4,77991,2025-10-21 12:21:08
8.99919426541093,1,58.908335481766436,0,13,0,0xbbed600576592dba65738e0bfc68ff9d09f268d0,0x7593d8fb280b3c9c21cfc3c389b5d55c5730a270,22083,2025-10-21 12:21:08
15.185976268093432,6,45.59909774079504,1,4,0,0x5ad14ed6d69f6b3b5a95685b90712b456b328388,0x4193e20e4820003479eeca69d31110fa53fd20b6,86739,2025-10-21 12:21:08
24.18405879698266,1,45.65788648648962,0,5,0,0xabd22cdac70558f1d7610312de1d83f073fd9aa7,0xdf8b3fc02efed8d004c4c70e7a10da79149d52c8,65901,2025-10-21 12:21:08
33.684258596115974,5,35.99078881445847,1,1,0,0x7f8dbf96f3bbd15e3ee5f7204fbe25e2084cefc1,0x87c649e12470a0602784e5c72081bad8a17ff2c8,5883,2025-10-21 12:21:08
5.650490686199031,1,42.769743187335976,1,9,0,0x1ad8bf092bcc9a6d01d58b8b7d210aa8cd4bf299,0x9c37320318d1ff799f65f32bbeac9d41c1726a57,2214,2025-10-21 12:21:08
8.649938609494303,5,45.37553076660563,1,4,0,0xa4daeb28c0025ad1df07af9e89cb02d4f6935037,0x205579e2c850d2325e6ba1cfd5e3be0b14b8d47b,37869,2025-10-21 12:21:08
8.18600300067938,6,49.13147475952623,1,14,0,0x47bf0c9838f77cb1eed2982dd74d63734d0976a4,0x91401fa27b92b33838a7321770676ab234d092e5,27562,2025-10-21 12:21:08
5.895653525244615,2,44.5939376832147,0,19,0,0xf5078af4969c3e5134d8c87cebd356c0c03293cc,0x243133a2a75082399bfd6f4314ddc71cd0ad5cc0,78331,2025-10-21 12:21:08
7.067181914457038,7,36.99409657651894,0,5,0,0x81d3617938d060a9a8db9bc9b02b6dfc0e45d2fc,0x87f369f35f968a19f78c37ade9481cdbf0cec9d5,90648,2025-10-21 12:21:08
15.093550643884651,3,34.762440522921494,1,20,0,0x5355f302a961354d548afbcf130bc60599c81f0b,0xe356e80b21e4e9e7fb472db9c0cc32cdcfee7a77,8018,2025-10-21 12:21:08
24.14137411224169,3,44.702335116635986,0,6,0,0xeaaa9c25ec6a73f76a7496fdf3c02b9e8ea3d4e2,0x2757c800bf3088a613eb394b47260020a0f2fa84,74155,2025-10-21 12:21:08
7.074951720033107,5,50.02546246454182,0,10,0,0xba534a6b681d3e7f3bf2d952ebdb1820dbeebcc8,0xb3615d90359362c2971f04de6c37041a2e5ca17e,19815,2025-10-21 12:21:08
2.5737773986236117,6,36.96565725828743,0,1,0,0x46df1d05c49f5160a7d6659482d847a269343c8b,0x39646df691a5bf7d784c92a45883947d8e02bc3f,85630,2025-10-21 12:21:08
7.360787282061378,4,63.64048530411758,1,22,0,0x6dfee55a9649cd2aa26ad9039d7304e087d64362,0x8be0dad9ef7c1fb09a6d3be13c91dae3fab1ebe6,57939,2025-10-21 12:21:08
30.480314708510846,4,32.729859227114645,0,14,0,0x7440ce9ea760bb33b8913929e4b6443d8595a550,0x261d3a6db52c7a8ef3f8c2fd179572cdfe7ad991,40004,2025-10-21 12:21:08
5.080801884034221,4,46.914507159573525,0,4,0,0xfa53150b0451973b39d493adf492757ee46965db,0xefacc6cede1fbdae14adc81ec8c7934c589c55ae,5116,2025-10-21 12:21:08
7.500006132916177,0,44.11626712473604,1,6,0,0x9dc358fadeb3c55c2fc32e29b3c35ce35131eb7b,0x5900e89fd14858dd19a0d1140efa1e4d463d5f58,55133,2025-10-21 12:21:08
13.691353102161859,2,27.400411178507497,0,11,0,0x865739a1d34848874db14a0716ea1badd49ff65d,0xc28adc8cccd1fd167266617af9f7d46693d4bc55,39590,2025-10-21 12:21:08
9.918358596581307,2,50.66540987081656,0,5,0,0xc45190072ea28c533651817390f0830226576028,0x98240094e0ab697d9fe12d97fafd0c84ef90ae97,62643,2025-10-21 12:21:08
17.76104019804396,1,52.09932748147237,0,9,0,0x3abaccdddeb24701c6c0cfccddad497e5262b4f6,0x88aa85a6bdd63282e2cf3999e214a00a5b3709e4,90364,2025-10-21 12:21:08
31.4226097428826,2,37.12963721066701,0,21,0,0x1931628a5097c6022d2e65ab1f45b1ed03deb330,0xaecc54a9e52d8fe69049c0d25fd146bc806dd721,88688,2025-10-21 12:21:08
6.50853559289047,1,65.0442330367517,0,19,0,0x26317a0cf841cd3265aba83b2654ee9648b309b4,0x76b013eee214556bce5c5f7fb4b4aa69caa62049,1895,2025-10-21 12:21:08
13.707082935436341,4,47.72633514319414,0,13,0,0x0bc0007186da2836e24c3c5bc8e4e0c448744ed1,0xa30456f9abf8b303a60c85975d6274e6652a05c8,43323,2025-10-21 12:21:08
9.201617457618854,3,38.48557450136319,1,17,0,0xf8dae3695d4aa4d6dc1f818a3c9a950458d8f8d2,0x1190f010bbbac547ffc96bd3f8afa3831e1cd556,19481,2025-10-21 12:21:08
21.715486672474757,3,41.13977202129302,0,1,0,0xc377f1768f414d1cbe4ece8660856cfb1f0ac3b8,0xcb6eceb29688aed63d717fbba242cf55e7044d89,90752,2025-10-21 12:21:08
7.9641955476834125,5,36.523727875031156,0,19,0,0xd8dfa201fe88fb0809347c4438c786649f0b59f5,0x35baa962bf5dcce2b50855dc3de43560d21ab474,24842,2025-10-21 12:21:08
21.60847053683488,5,61.47877605783673,1,10,0,0x931e02acec8b0495e80b4f01d1a4935418c97e8a,0x8df0a5e2e132a8db87e692da2c637006814f1b88,23040,2025-10-21 12:21:08
12.124357129979256,5,68.45624161896441,0,5,0,0x5441a311b73bd36388bdd25e623d0a869f6e8bde,0x0af6eafd067f0294964e275d0680610c0209f167,60204,2025-10-21 12:21:08
8.869056258000672,2,60.87400602415537,0,18,0,0x574f7bf9d02e3fda87df716eb25e3f53213916e0,0x26b693a0d3fabbe0d9f3f486c88d71430f54c9cb,84820,2025-10-21 12:21:08
17.339555278718002,1,39.44726911986828,1,11,0,0xdaf04f6d0fbb341637dde090030ffe4dd56771b3,0xc9604c23df3ddb5cb3627110ffdfdfd5ad5c5d03,18112,2025-10-21 12:21:08
13.740415387698413,1,46.929896417729296,1,5,0,0x688a2b6386fcc586a7a430d753243aa652b9cabf,0x017700dabcdc26527dd7c50b74881adedcc536d5,43405,2025-10-21 12:21:08
14.838878554735027,6,66.90417001188423,0,7,0,0xd0d640053d713bc7eeb7ff42ce32a1d38530d61b,0x6480b6870f7cfe2c9b586c4775583cf27d831581,96905,2025-10-21 12:21:08
12.338974928722811,5,58.04962688790419,0,8,0,0x590c63a296c27af3266f8965237587d7a9969a0e,0x843a7169609e7081964cdcba448a9b18bc622c19,39095,2025-10-21 12:21:08
3.308180275133304,8,43.12942483526337,0,3,0,0x4d698ffb370331aa228618755bf1cf25dfb2aa6d,0xc4f21db380861b142d07445a73befc2b6012de49,91097,2025-10-21 12:21:08
2.8446949648076414,3,52.03253828095947,0,0,0,0xf437aa129b3b9d5e4e4675ed23df0dad4ceb9f72,0x3bd293a9664463fea038ff9adbce9ffde910851f,32866,2025-10-21 12:21:08
22.520759211887817,1,50.42423969532102,0,4,0,0x9ce3c35f8923556e0dd8f1d322a4f6cb6dd6285f,0x638aecbd562de5049e415a232004d954bd3583d8,11380,2025-10-21 12:21:08
23.233710972414773,2,56.971785314619126,0,21,0,0xaba9a7ded03ee6b8b2bab57a2ff5885402e2b34f,0x96cd39326393a66be176fe0e987e0f45796f4038,70995,2025-10-21 12:21:08
23.103978075309644,3,46.072292884191526,0,7,0,0xa7ca8bdd6c95e2890828fc90f75d83b45b8581d3,0x79911e7bec24817126640167522d8252c9c2b876,26200,2025-10-21 12:21:08
20.62321482108284,2,48.46527018313,1,16,0,0x2301393480728fa778e3ffb4b616fb25c559e187,0x2ad40d1824e37a0557e030d856fc093a63da40d2,63537,2025-10-21 12:21:08
51.83892981111047,21,109.17138261615798,1,2,1,0x6adbbfe83e13db9ad211d7c4bd5766bc6bafa670,0x7acdbdbb8c7ab3b903516c2738b090d485a18b6f,1815,2025-10-21 12:21:08
12.046507045011758,5,30.806156442039594,0,10,0,0xc2e07165a0be582b6f306f0a3cef846c6eb2ca70,0x46a8778a20bb38909b053ff0f3a5789bf5ddc1cb,41797,2025-10-21 12:21:08
27.776632983916922,5,37.15679029699744,1,9,0,0x39315e028b951bbee8c1bf6e0462342e5e276013,0x5e0f00c5eefba60b22638893d2cfc5e89d766481,64443,2025-10-21 12:21:08
6.983764649788871,4,53.678054595424456,1,0,0,0x4ddad9a3e3d8333f1c7cd34f7d344562d9a2c80e,0xcaf4447ec0baef304611b6d1ba1ef540a61e1eeb,41537,2025-10-21 12:21:08
19.589576555390018,2,58.83194515329343,1,19,0,0x9bc79242909d474e38c040e5e98ad1cc37df2d6b,0x280bbb71ea848dab98f418e72ef04184600e7d7f,17779,2025-10-21 12:21:08
5.974144744535233,3,35.220611644473614,0,17,0,0x6de1b93079980fa60b089950f6293d37f078a60e,0xbf7640d79a6bdbb2649a99309119b185c4938e89,97249,2025-10-21 12:21:08
3.523781631189165,1,47.46906063416612,1,3,0,0x654405ce3dd0b77ebca3c6276d4f485e51af4b39,0xb64521993ee239a005a93f1f275e16104bd98401,33506,2025-10-21 12:21:08
14.05915092864783,1,49.07090383398832,0,3,0,0xe28ab6e388be64c8dc68a2a80f4cc10d26e299a8,0x341255f9097a521ea8a7d266b052d924c58ce420,49777,2025-10-21 12:21:08
9.65406494074667,4,39.79369393437701,0,18,0,0x2a5e179e41dd62d4a8f0e1f4d30df680781c05d6,0xbf239d6428c954ef6cbe9076c45e80efa2ecac82,40689,2025-10-21 12:21:08
24.46214893733411,4,58.00625401055959,1,7,0,0x14f46ba0974b2cfc8a269b6d9b7e9f73fd035f9a,0x5918471a7b42c55a7680708a922fbbde206b3eee,16196,2025-10-21 12:21:08
7.91637554005471,3,54.42938619897234,0,14,0,0xc55db6ba0f90f6b35581336f04da31f48e7f8696,0x24b0ffdffea417fe882e71006a057fc9b31dcaa3,90343,2025-10-21 12:21:08
30.025258609268363,6,51.18068493930042,0,10,0,0xddc1bc2a97a16b5b93ae3e2df52e8331f1642550,0x814a10b8455730e6f56745cc142482bdd20eddb0,82977,2025-10-21 12:21:08
29.140251931755476,1,57.42862562858315,0,8,0,0x2b4faca63b725e583f690a013b53e5f18a26f073,0x68110496d0a700f3e1bc8916d108da3b607efec5,27687,2025-10-21 12:21:08
15.43755099795182,3,28.98818801188427,0,17,0,0xdabec4628870bcb11f210a45cf696f1c611b5574,0x18089e1582bd2f28e1f37a7f41fe57133b8908e7,89253,2025-10-21 12:21:08
9.260353714588222,2,56.52348638961926,1,4,0,0x490309f4ee70d20c5909b2e4412dc8c0c0bf175d,0x0e95caf9e1b2b4758bcfa0f437c4ee817c07dd8a,53627,2025-10-21 12:21:08
21.099329666585874,6,53.04933390732326,1,16,0,0x36585128ee65c4230461ab7eb959fd217c366fd9,0x21bc487f007d2dd090358e4c68468585a524c61d,14954,2025-10-21 12:21:08
30.730817287458734,2,42.54004661644299,0,12,0,0x89ed7bce76948dba6ebdaf2b525c7815d2edd6a3,0x5189b2d664e9b141275e9bd9efecefe937984058,49471,2025-10-21 12:21:08
97.64319196921282,21,152.74896086060775,0,3,1,0xdee495ac713da353a4473b567897d339ae42e118,0x5f546c3338d9292fa22cbc78c739639062d4fd20,99540,2025-10-21 12:21:08
6.546002817853212,1,61.639862798081,0,15,0,0x75dded84db9072d8a0200e5c3934ed2efb1d9f7a,0x8115073247048171684af80fe6f36e066d9ebeb9,32835,2025-10-21 12:21:08
10.5011924635167,4,53.26422324191766,0,16,0,0x6e9c31b87f3a4d95c314a068258a35de286635aa,0xf69d1c5fb2a54a37163d6448cee476db3fc76b35,5652,2025-10-21 12:21:08
4.944213005988787,1,52.52891081493785,1,7,0,0x7ef5537d97851f33c7437c213a0f04ca0d37d71e,0xd6fc9ceab678419bce4dad6cd2945532fa307b23,17694,2025-10-21 12:21:08
22.614690415609005,3,39.81362002515424,0,22,0,0xc2dc20cefda275e49be8d654498c95ba33b3a508,0xad8ce98c53ea765583dec5f1867e1b4d8dec26cf,79285,2025-10-21 12:21:08
6.4026796164431286,2,44.48490806246072,1,14,0,0xd114fbba324691cfc5310749f17261c6e3ff904b,0x4545860f81df3e349378adab1b8125fc8e671c8f,97753,2025-10-21 12:21:08
4.943700936467774,1,51.69085210267524,0,14,0,0xdbcd3701499bc1af05bccb93ef42e9f53c5c4a13,0x5d2e1b1983f7fa64a35c9e74e1d3a0c85604800a,52937,2025-10-21 12:21:08
34.8607748056561,2,41.130705534000526,1,22,0,0x1425ea41d9a7582fdfa3a7f678d77f5a1b632332,0x1f2d5a599d0e2fcc87a8a7869cd8255dc0bcdba9,29575,2025-10-21 12:21:08
3.973474434769418,3,35.94202786628853,0,17,0,0x8d21c0a04bb4b834c5c968c507d1f8a6699b479e,0x962bd16d93609717783eb0978ad85e774e399a12,22097,2025-10-21 12:21:08
53.40718393262215,4,40.070817250507474,0,7,0,0x028e0a75becfe94b5a4e8195b3f2b4126b0129cd,0xab2b565ad06bc87a434ec2e8e4e6605c32c2d504,57208,2025-10-21 12:21:08
15.207448113712534,6,58.13473161325237,0,1,0,0xbd63b77e04f0ecc6c3feb7fb78a56e646e8bdba3,0x3978762703d2ae216dd92612b2693b962981bacf,74874,2025-10-21 12:21:08
5.844032518081319,2,41.17416157277567,0,15,0,0xc17656bf259dff66cc421c631c715384f372dc87,0x2b5afbfce5597757062c28084d80ff500d4acd40,42889,2025-10-21 12:21:08
48.1617695539036,2,58.355704555367566,0,9,0,0xdbdb7940a9c81050f99c9e6d6c09c42ccabd1fae,0x1d2e261e2d0000303522ba49cb1d309b827359a3,48304,2025-10-21 12:21:08
14.382532933700341,2,46.01788333707327,0,9,0,0x4415602319a4cff3a1ea0713bf941981565aaebc,0x3adee57815069ef285fccb8535097972e442aa5a,40304,2025-10-21 12:21:08
9.562133982256881,4,58.34506133337838,0,4,0,0x301eb9b9bd57de26e83a66cb982a0731430fb637,0x8abe28c74cfe8629cc1af42bf98ea96f997585ce,30399,2025-10-21 12:21:08
7.288878581247303,1,26.843510241211824,1,4,0,0x8f70740886e6a080ceb688f4bcf51198c09bbd4d,0xbc21c08fd534d7d0d768d3a4729ea00eaa9f51c8,20839,2025-10-21 12:21:08
23.087427955888476,4,51.946691241185846,0,1,0,0x6b9555c7649195f9e439a48bc15ea8b9cf4ba5e9,0xf4ca8774abe1aaca5ad4f2d986cbbd89ad321405,19834,2025-10-21 12:21:08
34.00025496467777,3,27.178849180151712,1,5,0,0xb347b0093cd924a9704d41c4796b1cd5f9caa0ef,0x1bb8413534e3fe32e8d237f4f6501949d2b7f71f,81858,2025-10-21 12:21:08
7.065229888601381,1,54.210258397309936,0,21,0,0x992aaf5d80b518c1b2b1a33907f4b7c5d169eee8,0xd56dd628cd608a556f1a13cbed169810d0c1db20,76878,2025-10-21 12:21:08
21.822522323234036,3,38.15559597913818,0,6,0,0x6a4f3ad75cf46fa283b3e75da018f56a82449d6c,0x7e5283f8e4e8e714f0020554d8a3220367dc564d,30380,2025-10-21 12:21:08
16.8268806673014,2,46.84962587342087,0,22,0,0x13ae3b79f218ba3850da2687b4bc71278973c5a4,0x79f27a968c5c9f9d1ba486baebf2177ef0f14c4f,42622,2025-10-21 12:21:08
3.7763099166018166,4,35.28937970892267,0,23,0,0xbe38920c697ac22d5fe154d6e880623109df2980,0x64fb80e429ca50188b13dec927083fdb775b987d,91361,2025-10-21 12:21:08
9.63059596871467,4,33.9054444455378,0,10,0,0xe2a42330f5ab6b6c56d24dfd694d91f56a1974a7,0xd2de51e04c6b5e338b2ac150138f39ca2a0b7a3a,54266,2025-10-21 12:21:08
22.98989317341209,2,33.876725303294194,0,21,0,0xe21644c7c8efd7f919a6a4d62361100b05c4e974,0x16cb029af46d2c349d1b8f61b56eb9b3a37111a1,11427,2025-10-21 12:21:08
11.013410965100846,1,42.203872800953235,1,3,0,0x0b757c19750c09b463dc949211d431f498788783,0x63476a7470d4ba914ccb158bd19192949d828883,52723,2025-10-21 12:21:08
21.99012390342804,0,41.98473704230653,0,3,0,0x7d18c8a25b62f40a2b72785657d6f9022e23c0da,0x95101361902621e02d624a5bde40d4274781e3f9,29350,2025-10-21 12:21:08
23.45078831457489,6,41.669523790244774,0,9,0,0xe1b4a581db86836076619fe8a70a0d4109bca7bc,0x09b89b7c1ca54420da55489b8dc906b5c2d3336e,95099,2025-10-21 12:21:08
37.016616658406654,1,35.129538210636845,0,20,0,0x31d4baccb57ee660226bd196f8f0bd1a51db1463,0xefe39d507eb3c2c817a5cc5951dab6779eec6643,11254,2025-10-21 12:21:08
5.060043458374776,2,33.93267012270549,1,3,0,0xcf5bf233e3b0c33589f5566f070e8dde3878ed58,0x31f36c1ea689d2749993bcffa790e68e686bc143,49720,2025-10-21 12:21:08
5.425384360272301,5,34.956621737060935,0,21,0,0x32271b58e8770fffa6de0820761d64e69fb611e6,0xf979dc88d224ed1b32ab504aa30f3e6f2db47ea2,54476,2025-10-21 12:21:08
13.304147213575034,3,49.58317939125442,0,0,0,0x23ed6d1c18a0fbb2934e2846edac6a812370843c,0x2a7211b7592ffafa99d0a5de8f505de8521a716d,95518,2025-10-21 12:21:08
10.08287513093214,7,47.87272514027427,0,18,0,0x7d82d30ebd294ec7fd002f8803b71f3f66465184,0x2fece4a2e2ce666afbb3ad7806715b43395b0c03,96792,2025-10-21 12:21:08
9.744236035569255,7,32.22563396154658,0,0,0,0x15941c9969c1f6d5bb33fb58955a04e0ad893185,0xf2f4c99c4fd0be45a3cd919a8b88896bf160f554,42759,2025-10-21 12:21:08
8.451066772815551,1,35.77648670938082,1,13,0,0xdac92cb1595dbb84aeeb8cf4108962eb593d8e1d,0x6265dd25e01b93fcbb42bc31740de3b918458e82,59015,2025-10-21 12:21:08
16.522142546374955,3,38.20094103253169,1,16,0,0xabeb306d34eb01b31ddfc0905124f25695181588,0xd830eed719df328413457880cffe027ffee495a7,39569,2025-10-21 12:21:08
24.406915739827284,3,49.800636179041035,0,16,0,0x18f7d6ca79708500c6915c449eb5daf74749e571,0xe38b93e9b9fce4ff55bfa7ac8ff026bf2d43422c,23023,2025-10-21 12:21:08
14.495886421925354,3,55.156278839944704,0,10,0,0x62896e2e7919b76b43a9bd90c35e518cc03317a1,0xbb9c72c7401b60109e61dcf9e2eaaa60b36d1386,75046,2025-10-21 12:21:08
6.282992688161292,2,48.66606247013805,1,20,0,0x1e1e0c4af3100108e1284dc76efd5c1fdc386257,0x22a3ee3ccb7d557a7f7b074f26cd199d53cfe0ce,40521,2025-10-21 12:21:08
8.902803148807253,1,52.34106335807249,0,15,0,0x77c79e5ae9a28ddd2bbe3fe9015dcdb0b871d17b,0xd52fbc33768af68d03b05198fb3a35e45cbe855c,83839,2025-10-21 12:21:08
7.662002704896243,3,38.7076623661258,0,22,0,0xa70d4eaf102ec2c9f890a18d4859927c818374c5,0x363ff438595c4eb84beb755ba2e8928fbb1c7a62,83595,2025-10-21 12:21:08
9.585181274514989,3,47.93284429004852,0,8,0,0x34b0eb2d30c23ffdfd82af23880e79c019a4acea,0x67ee387d9f1cce5009b06d60445c3134a21c5cbf,70453,2025-10-21 12:21:08
14.100529176035243,4,56.78843444025644,0,7,0,0xdffbc519426bb04b2a1bb293eea1121d510f79e3,0x9365745e8a4828170d8690a0dd7812101d718055,55620,2025-10-21 12:21:08
23.488593282674824,7,44.80877820146293,0,17,0,0x13a1af4651ac3f7bfdd66bb30657ac479ad7f802,0x56c08ca471cd462b66ac9f17b855df7f4f098265,8979,2025-10-21 12:21:08
5.516403081083413,2,52.704635956872266,1,18,0,0xbba5c379dd0eb4d3b095e9ce2aea4f53f99b561d,0xa3683a52b268c42ccc57deacbd3664913be423cb,82729,2025-10-21 12:21:08
8.796867745920133,4,40.160156603994466,0,14,0,0xe66122009a588ad0b653a2894733ff552e1a818b,0xdbec402eed8888d8d36e0e4dea193d84ee101902,43262,2025-10-21 12:21:08
16.636646931121355,4,57.304600477599756,0,23,0,0xfad7ac96b4c21a7174837cae6b74162ec999eba9,0xeea7b6c09f26454706882337b67ee4c2889917cb,36703,2025-10-21 12:21:08
8.926620403808935,1,25.937633799106194,0,0,0,0xc12fdfdf39ca69feb05cff5711026fe768e77a10,0x2b81b81e667eb33755f9492fd17b00fb44196e03,93563,2025-10-21 12:21:08
14.971838059215647,5,46.14941771759132,0,4,0,0x565671097f7d7fd961387379cf5a805a3249a7ea,0x312df151c65912708177731ca1601df26ab73390,70948,2025-10-21 12:21:08
8.861351667889602,4,41.57695156550851,0,23,0,0x95056fc52a8c993442b17f64c09073c3d814559b,0xc06a81b8a6faef740792466ed6aca1125fdb91c6,65380,2025-10-21 12:21:08
7.935839529366385,3,47.56997445585831,1,10,0,0xd295994b73c99f259d8d797202d2db5c21be854b,0xcf8817d771e23ad51485bc713538b1e681b514bd,73114,2025-10-21 12:21:08
19.22157946208344,2,37.291863693859106,0,9,0,0x2663911cfeb73628f9866097f17ac10ffea73ea9,0xa72e4220dd16d3edabca03cf8755148736e8411e,62790,2025-10-21 12:21:08
18.9079798327069,2,49.212473786909804,1,15,0,0xe59ca908a6452c81b90de0915589e3732308ae46,0x7774db1fada9bb7b3bf89ec5a96e211267ef3f2a,77071,2025-10-21 12:21:08
7.835635903734145,2,23.731665122007346,0,17,0,0x24c9d364f1272fe646986d5bc0f37051ec8788dc,0x627e3f71c77c9216890ddc4c287f889f2d64579a,38158,2025-10-21 12:21:08
5.2016743296924695,4,70.3036966864169,0,16,0,0x1181310bfcad96ba427408dd42571ad261aab48d,0x76fc00f587b0f74161fb3cafbdf34517c8263ac9,95292,2025-10-21 12:21:08
23.448020375100853,4,47.716835845000304,0,4,0,0x6ddc2198889208615a87ab557870e157e3b3c19f,0xa30a45cfa452af145954e10efc95005010f63c33,49280,2025-10-21 12:21:08
10.425680000774422,5,42.65420970380812,0,17,0,0x09868ce19c4ee19682d033a54bc48ca077a7cbdc,0xe4fb8abde491778329a505fc40527ed226099734,81874,2025-10-21 12:21:08
21.236184197563823,3,47.04797877281917,0,14,0,0x29717b7ed238ce89c8f9507c8e7ec0b588663694,0xdff4fff3a0c2717a387dc7317616d0d56edc1b1c,41304,2025-10-21 12:21:08
22.63568679518515,3,54.87861582406509,1,20,0,0xa9401819ab1e8216b8ac5bf6cc2a2e764582b2da,0xa7191a43c0d73af8115caaf11d557aac9aeff006,94647,2025-10-21 12:21:08
62.3087272314062,4,30.417868861812494,1,10,0,0x5a74d02c738cf593394c6db6c964bc8179724d79,0x8638eabe59a05d950743d904b02c90921c3e6065,88000,2025-10-21 12:21:08
10.865477481973647,6,42.15210590484605,0,3,0,0xc86332a7f5f95998a23220d95eef84bbbd9193fb,0x38699e41ac018f1477da839c686c0ae516f86b71,22751,2025-10-21 12:21:08
28.091841048660992,2,53.85577081695045,0,9,0,0x5d6bcc6d3994c3b95ad61d9bff2a76b034d2e399,0x949020d1bd35f08070ec07c1f06f0e3998e925b9,86239,2025-10-21 12:21:08
19.783231381792515,3,37.776525953849706,0,13,0,0xd967b8ec130276fee7ea5f4bb9848eeec3b4052a,0xae83dbb24bad64efaaa305355b37344a1d779706,69001,2025-10-21 12:21:08
6.079857063959087,4,26.917046715004854,1,11,0,0xe9150db846a9f88c6e3e3676add9337bd86ebdcd,0x2d04ff3e600c7af3ebadcdc89ef94a5a1da26edb,44088,2025-10-21 12:21:08
15.615741226287431,3,65.26817116042392,0,0,0,0x2bf9f0e45a840aa313d68b22a365d43b7b326137,0x65a3dbd9e3c787e7bccfa4ac191159ee43b379f1,1310,2025-10-21 12:21:08
23.670946299271183,4,58.16007419718498,0,15,0,0x39fb61a4bc386d8acc961b1140c6138791df3311,0xf46deb6feef7d217f80876f7c21cb36166d98286,51092,2025-10-21 12:21:08
14.236847542496335,3,29.30610404625316,0,4,0,0x4a3e73ee7d4f0dd870b2f2e46009c5d4bbc2c23e,0xacce7d24fa67d554d3f694fc7bf07bf43b5b62b3,57830,2025-10-21 12:21:08
5.1097444598171435,3,50.269813913637535,0,21,0,0xca91c8cb3f929a6c8bc1d540a6098f3d70423b37,0x66c2827726e2fcd1c6c78d0e812716a79d4ca2ae,87639,2025-10-21 12:21:08
8.449694251063624,2,60.89441283561698,0,5,0,0x99cf2041cafced5386169d722a1be029ba6a8d8c,0xb8bbcdc72c7f25ffdb0c375a4560cf2bdeeb0831,25212,2025-10-21 12:21:08
103.61780318067638,22,147.5687001101544,1,2,1,0x5de5a4e1605d32eac0d5c6a0a06ab56ec778c868,0xba41634d8db1a4dec32a0b56c0c5053500252dc6,35616,2025-10-21 12:21:08
44.609767352457446,5,54.109444038394756,0,22,0,0x58a1a1d521f7675881f94824e71e5a3beefdb525,0xa3b8c6384f318b9750730251744e08a18c99ad09,8281,2025-10-21 12:21:08
13.332921425561322,4,28.63596980793515,0,12,0,0x6924cb7e16c0603e3bf41ddbabfe55d7fc9b03b1,0x72c2666ad62e7027c1e63e58736dd28cb154c3f1,24317,2025-10-21 12:21:08
155.61156593972615,12,152.72968790112424,1,4,1,0xa7b3d7c1cd3b8459eeeb886a16816b6f257f97d2,0xff8e40462656c81b1c0a12b62ebac72d1e99334b,63446,2025-10-21 12:21:08
23.412010778735972,4,56.5658165159424,0,17,0,0x51d1c7a944a3a9372af272b1cafcc4a25a62890d,0x42f07e91cbdfea41566c0807af0adc29387bcaab,30354,2025-10-21 12:21:08
7.0055367836251525,3,44.70311209714021,1,15,0,0x6368809cb3695e8c6e269d4d1925c565f8d4e477,0xe439f80a5c767c24ece0ff71929101915ede3930,1937,2025-10-21 12:21:08
20.53314969514795,1,40.36145570494054,0,5,0,0x02c55019609405e67cb2dd2a0bf24523448701be,0x9cfb1dc2bf8a4b39e29e0abc0f979d8287a05d83,22061,2025-10-21 12:21:08
20.480088398644863,1,48.32372333223985,0,0,0,0x4b26da5f1f7457c592c6fd3c5f5a4c0d7fcd913c,0xa819dfa8a034157a1810ad54bb9227d30e35f1bf,56458,2025-10-21 12:21:08
18.52153275918013,2,30.48773701098842,0,22,0,0xb25a08f44f3f3cefc088cf3993bf630aec814375,0x6f0fd98c1f8bcf0d347aa4e00e18027a0f3a7d55,7805,2025-10-21 12:21:08
12.905743775220529,4,48.05150835874973,0,16,0,0xe613d3bc193f8f7ad0c7da87de907b48d85f2bf6,0x06a0c20a73fe40c0cce90eaaacfb254dfda9c607,54265,2025-10-21 12:21:08
15.692022348466038,0,42.87755690160069,0,2,0,0x2674f4d32b7a5d513fe4a942944142e248d182cb,0xf45182497f0d345cfd23236e88d4c5836288943a,26237,2025-10-21 12:21:08
20.706077119075516,5,27.262248677974814,0,17,0,0x6bd0f07825ed256427fc40be82126bab971dc6a4,0x99d840196208e32400ca0c6b6841834ec01cce71,66999,2025-10-21 12:21:08
19.990353044118905,3,38.65725283182687,0,21,0,0x8600580f2fc430933ab9c3f260f10d34ae941af2,0xb70d88a851053f7af71138da56ff2621b1864a27,41218,2025-10-21 12:21:08
12.736308713553795,2,37.295752008621214,0,21,0,0x3955b118b11ff2e8df5aeeb5b94e6ae3e9926ffd,0xa12a4bfe051660309e6470fb93de890d21d894ee,67730,2025-10-21 12:21:08
49.268058010213565,14,185.8258826923086,1,4,1,0x905caaa11a728f3d50ae99234c0d3439967b72c4,0x5fab78b7709ba07b0c4347ab9737943624ed4419,80738,2025-10-21 12:21:08
7.614452030999017,4,70.83573660166567,1,13,0,0x9e76d8c9613bdb78640e8b51a99190b39ac19a81,0x6a967d6e083dfddec09a1c7c7889739d6f85b5b0,96930,2025-10-21 12:21:08
16.91597477981536,3,40.67698814190459,0,2,0,0xa80d6e551e097713cc3e1a8bd33ee349bb732a01,0x9a812d444a34cb2ab0eb6917050e717fff3213d9,42890,2025-10-21 12:21:08
5.989721353317664,4,57.746838496794865,0,2,0,0x38ed05592f98d9201ee33f195e5209838462e270,0xad912c119802bdf0f20db8437b0d817f69b19954,90578,2025-10-21 12:21:08
8.634819394587975,2,47.77982440218922,0,18,0,0x7720836f82f49ac24a1f3b12e4829533facee99c,0x61def9fce8b207f66ffcc392aaf8c2d6a6960ddc,68401,2025-10-21 12:21:08
12.362974823154142,2,45.16374241931294,1,9,0,0x4ea6ad37bc888124b03add4870dcb2dd2a5330b9,0xb911f23040d661e38095d9050ef239cf46153e56,98995,2025-10-21 12:21:08
3.5863152365603312,3,37.11952376766992,0,8,0,0xcba30e4c2c94d2438d5bed9100084fd394822b17,0x64e6e294f4d13d18c8b0b1f722954360a0e078dc,36594,2025-10-21 12:21:08
16.574468660985623,4,36.65626387704879,0,5,0,0x61360f075199e02b3c4a92efecdf4b6a8439fac8,0x2f08d2d83a04653d97cee990f36f5045e984475e,98968,2025-10-21 12:21:08
6.78885581592156,1,47.89911174037663,0,6,0,0x748ad80b5a459f2d29463541cab0548b60c95a62,0x9dd758ef7b7c0ed31d6b9e564a2c3eadee9fc0ab,59348,2025-10-21 12:21:08
9.324995539197623,1,44.87975971086812,0,1,0,0xd8adda10f99b869ca039c2a6f48a2aff59123f5a,0x456afa740f40c711c58eda4d52cdb835d3d50c0e,3274,2025-10-21 12:21:08
7.284184318743002,4,48.70340267328846,0,3,0,0x0ee537877cc1d91f5e458b964967ab09aa634c19,0x0916d20bf77361e586c591d3d5443bb77c46f1fe,77455,2025-10-21 12:21:08
5.895463484923302,2,53.2014359412306,1,8,0,0x4802381f6f8b934bbb93b677edde2f15b0b8f676,0x2986d5a6c51c2d4d12d615942c75fa80aecb2970,78709,2025-10-21 12:21:08
16.165527037770897,4,48.35847264720069,1,18,0,0x446611f641e08a711238b52de7579b1e7fa49ded,0xaa7a947b96b86b30fe1f109fc6d3e96b7d57e1b0,45897,2025-10-21 12:21:08
17.54445430275031,4,51.81634223668389,0,14,0,0xb32b8966582d068e591c789e78022d82efd90218,0xe88ecc8388ea4c07022c4e4430397c4604cfb9ba,48372,2025-10-21 12:21:08
11.781594827590807,5,32.50435088075995,1,13,0,0xd0a1086dc0cc9b549dea432dc764b8b691e663bf,0x74b0ed15188fc106621f8b8561eff55cfa781685,11590,2025-10-21 12:21:08
33.17984796456306,1,34.72748112494871,0,11,0,0xfb7363c7dd219566f5fa7b5e5f2bf1e650110243,0x689311c089d343e3ced5ecbdebb500e60e05765c,33412,2025-10-21 12:21:08
13.707359329022928,5,51.6587782370639,0,11,0,0xb1787691ee5afff348c837a481e326d128715fd2,0x61e58318e7767aac2c5d6cd41e96a1e8c8f9539c,82944,2025-10-21 12:21:08
21.610582497264556,1,41.6897566579192,0,20,0,0xbc5de493b6a9632313e3b401777478d3364a9073,0x3b4dead67edd97d651d737b4c25bf15c509dfb4d,59293,2025-10-21 12:21:08
23.94190211654426,2,45.770786113814935,1,0,0,0x7f1bb3e1499d7a6ae4aff64633f93a7094b91934,0xf4768a9c2d0d6899f6cc96954d4c783904330227,82172,2025-10-21 12:21:08
11.6503933400943,3,42.746485149558005,0,17,0,0x71f11d7bd2415951e3a1d93cca6493ef992ccc51,0xc55ea57420fbe7932b7eac967cf1fcd7c3137cba,27623,2025-10-21 12:21:08
5.83243926068668,3,49.44968315376176,0,14,0,0x3b7181f7f76fdec95016ca3823261f9bb11db377,0x5c2654afe5242e1eacd119f3f1d3de8d2eb41dc6,97260,2025-10-21 12:21:08
20.900225016655266,2,63.9514861210897,0,12,0,0x7765b6ced47146890a8206e27a1e3b1a3b0c9428,0x9d46e2520f7c84a017dd6a3a234f3c8f00bc9623,34650,2025-10-21 12:21:08
15.381218123336037,7,57.42826893326828,0,15,0,0x358162088ba3863b1fc47995fbdba43afe5cfa21,0x014cc3a21d0ddd006f0e1174327fd956a44d970b,98533,2025-10-21 12:21:08
12.442998947192127,4,38.13267604432649,1,9,0,0x080a3f58366cd58a962f56b6c525f1e9c072df72,0x2a6c281fbebe0a6ff838b2dbf784bc448823571d,46256,2025-10-21 12:21:08
36.43776832737383,4,29.25658282268037,1,3,0,0x1b72e7138e01e189e4ac399e3628f4a809bd71ed,0xcf345a05d9d68a72f4ef089b62c59d0cfa2bf0e6,98958,2025-10-21 12:21:08
8.778041605909106,3,50.712242102362396,0,18,0,0x73f1c1c52add928f4d6b41aa78a113ce7446fb3b,0x24cf48eef0e23e3e7739d882dfc8739f4c16109a,56024,2025-10-21 12:21:08
13.59912161390114,3,51.29739514408738,0,0,0,0x8372506a6c1439c8bc12c0942bf3e35966edea72,0x47c30e387865e50e216d95230a31ff4fe8805108,78382,2025-10-21 12:21:08
12.391255542772251,4,43.445775674722405,0,8,0,0x4b95db5b7c44005994a95e8766550fb64f65727c,0xdd1d552537c3f691b5940a451af6db0eba0ba01f,87205,2025-10-21 12:21:08
20.329018239781757,5,34.74276605025393,0,8,0,0x60293d8b5e6df424fb68b8eeb74f639e4b32ecac,0x06daf46a4f7bd97e821c6f6c2dce1912ecf7cb70,68934,2025-10-21 12:21:08
15.524672212789444,6,71.98328835937087,1,10,0,0xf0c4b154a1741f010992d2b90696c843f477b3b7,0x84d41a4ffbb56c023c674f617b1225b95d09bbf1,78304,2025-10-21 12:21:08
6.723966308643372,2,46.50135653956203,1,1,0,0xc33ae7d1300accc73de54c95336f08923e84b3b5,0xc485e5e078bb492f9d44ccb0891edc4a0664d99e,30602,2025-10-21 12:21:08
16.555552759417633,7,34.29333593809822,0,9,0,0x090f44a802f23bfc6e6e94d861b2af6468827c5c,0x1e72c45c57acdf04f64714ee321f7ea39ddd9338,75692,2025-10-21 12:21:08
15.786474463539665,3,50.6563290188672,1,16,0,0x3e336514456ba7b9de7a4197523b0231db57fb59,0x692f4303d6a4cbcdf5ca5b60589ab46233a52294,24076,2025-10-21 12:21:08
9.820035579509304,6,57.812386535229805,0,8,0,0x28d3d53e3a1f9f1117e93399ad24369656b6c7ac,0xa10d1dc82ae2a0f1e5ded1b9975195d10f447316,95151,2025-10-21 12:21:08
26.60355287610521,4,57.52346362298008,0,15,0,0x0ef2fb24f9dcc6fe95f3563a74210e31b20edc53,0x2cd27b2198717499a394b9b4aa0f4677d1dd90cb,42371,2025-10-21 12:21:08
5.650914332335634,0,42.52045792672111,0,14,0,0x4ef7a3527c2efe66e229f9bafd7ae214a670b1c6,0x3de2bbfd75cfed4855c081bc06bd45f3760b527b,24559,2025-10-21 12:21:08
6.675755498766144,3,52.095994793835665,0,14,0,0x82d7d92318de443c4ebd09d9b5a3b3bc4d03924f,0x5a547568bbe55b8563cec47c99437419776e883f,55152,2025-10-21 12:21:08
11.25987835924944,2,47.45498681794313,0,9,0,0x947d024ffa259fc257376aace3244fd6a08188cc,0x60aaed0259ce742e1e9e7865d9115ca888b2cd28,14895,2025-10-21 12:21:08
8.893208008054152,2,44.31713792235709,0,23,0,0xde2e6277cf24e602f01dd662ec5fc51c8c71bff3,0x4f265925981b4945150adf960134900a452ec417,75746,2025-10-21 12:21:08
37.486417438688164,3,34.811948024092864,0,4,0,0xf8364950345542ae1e60bb4361ac78ceb9e04348,0x2a2839d24f5dc9e06a381af1919bf9c71f39a035,48852,2025-10-21 12:21:08
23.648875347133202,5,37.02561882929901,0,8,0,0xeb2d0a23cec100e73b19275f79f42597d4f422cb,0x52b84e8c12b64db818cac74ed0ca90cb610ea212,90306,2025-10-21 12:21:08
19.22571668857727,3,44.33887606047993,0,0,0,0xe7fae03855d9aac6a6587b716ebf09e7fc2ac8e4,0x88d85cac25fa27b414df21997b82ac9366e1c021,35141,2025-10-21 12:21:08
122.93292659413684,3,47.95140979337417,0,10,0,0xf6d6813b74a424fc637da5553de29551d98f339c,0x7a4d86b0539d01094430d0fdbed69e8633e8a59a,25015,2025-10-21 12:21:08
6.679398870566108,3,61.64192054783899,1,5,0,0xbabbf7296612efbd31d89a50e07a5c9b65f1273c,0xad1ec05b025c48f5e2934328aeefc8b400bd6275,97510,2025-10-21 12:21:08
13.963907440207688,4,41.235774454118044,0,0,0,0xe72160a2141f94c28987c49a612bfa19a023b8b1,0xe55f52524f011b840b1c551f239fc0b9ae165f47,68198,2025-10-21 12:21:08
6.8506014953956536,4,48.876798790328465,0,0,0,0x8085727a8635f511a4049e227a220d7ced995a72,0x2deaefbc74a88bb6bfb23e5015d8327c619db395,46991,2025-10-21 12:21:08
12.027306705188828,2,54.330666057209854,1,16,0,0xda5eb12c38efb36b74e1ea744652dd6fbd033559,0xa15a83daf96871d8f748fe5facd882633d653453,71434,2025-10-21 12:21:08
14.459222480444792,2,46.16661751169504,1,19,0,0x7b0c6d3c59ed8272518dfc1b453b6c6b6a6c9a98,0xc73acebf93990e5bf084187e3239cf3bd8531a86,64888,2025-10-21 12:21:08
8.04095142052304,3,41.07273761574182,0,9,0,0x1498bcdafa1268de2e97ae7b3ac5afb7b810492a,0xbab41c0627c34d263e0416a1d3f16ae211b1a576,455,2025-10-21 12:21:08
17.394151575471646,2,44.22077264321484,0,8,0,0xc5bda0ba351aa731079066fc5790b0c056f98940,0xd902a7b7bcb8b6427b4bba47f77325494bfb4e26,2649,2025-10-21 12:21:08
5.749289865244762,4,58.97844307031498,0,1,0,0x84581d2d62e16781c1af6de340e59c7ae016d185,0xe433607a053ea6aa544eb5a6a2cfb262617d8d5d,35762,2025-10-21 12:21:08
15.426568207756947,2,35.757315974049284,0,13,0,0xbb4697c85461e7b3f02c83e99daff232215ce959,0xcf1bf8b4d36aa53bbbad913b0731c4bdbc01de7b,48749,2025-10-21 12:21:08
11.495689429420755,3,39.92283230850286,0,3,0,0x3d75b75ec82d219dd566456a19edb6057c0054e2,0x3893d179dc3f7c13aa075cd12b5d9d8968e93e7c,75104,2025-10-21 12:21:08
13.414609692930592,0,51.71270136705353,0,9,0,0xd9c9666de538be8667a4a8f56b686d255ab653d5,0xa11b32713c8832ebb0ba07de884e1b6c3ad933e9,6130,2025-10-21 12:21:08
12.258401907703828,2,55.29604361419693,0,6,0,0x20e04acd72c17881b71f6707e2c0692781e07959,0x2a31860d4ede12c2c626eba71c0b5a8fd57d473d,92792,2025-10-21 12:21:08
8.43963064708733,3,50.25937280254651,1,5,0,0xf028f8527505c47c1b6f50fb75ce24683bdf1267,0xbb570f5742cb425d54665d533296cbdc28f85db6,46369,2025-10-21 12:21:08
14.776213379106892,4,54.90710846624085,0,3,0,0x4ee20f9c0a142c6112fcb0142eaf951ed7f324d7,0x2e2ceb0a520cc7c777cb4c6eb29ce15f01686e9f,24284,2025-10-21 12:21:08
28.906611173044183,3,45.44569610889272,0,13,0,0x803f55c80eced49058e399f82a649067e5086d53,0xc7d79e25e186259e06d848775e230fa56b9841c6,57170,2025-10-21 12:21:08
9.225296997991029,3,59.854773692725495,0,6,0,0x23081f12dc092384a5c02d669cbfbec0806bb18b,0xaadb6caed4acdb16e0a55d5dec220360991914ac,30232,2025-10-21 12:21:08
13.05296939181859,4,37.94683276084152,0,17,0,0xb8835cb125061746725b8396fe0b68973f26cb07,0x74004f1b218e4fdfd02ce737ce0798eafbd62fa1,47465,2025-10-21 12:21:08
12.977606610189389,3,51.369080790029855,0,2,0,0xdb065975483659f5ab413088734033e411b1fa7c,0x099c605cd093e40c7604303d3534a9a2efc6a241,57445,2025-10-21 12:21:08
31.551151618101954,2,50.71141242038074,0,5,0,0xb151c7fd01d45e857efb6013fb073f66788d68fe,0x9a9f7c30c1ea6d61d7a0eb374778cdd00b868170,43150,2025-10-21 12:21:08
10.890349319322505,2,27.99372750348622,1,13,0,0x493259a83d1a221c832fd957a7f954a62b91c7ab,0x37b32640a33b0aa94bd178f1b9b93a1a464f41ca,82944,2025-10-21 12:21:08
47.061793015797434,3,46.3931963072956,1,19,0,0xd8b535b6b72b5d9596efd35fe1e72ee87b591e7a,0x25d5cc0098aa11efb8b45d2614e37cc1f011ff70,91902,2025-10-21 12:21:08
9.062993185823382,5,57.09010198900997,1,14,0,0xfe5a05c45c036ce451793528c7dee5898187e184,0xe090247c7b94c4600ca077c346df51c613ef3af4,40950,2025-10-21 12:21:08
37.663604928801504,3,55.50319552276355,0,2,0,0xcb8230a4e6c65c5e7fa983d37e49d85f8bb30d38,0x027521a5d266afed132f773ff3d5551b7d617a09,72582,2025-10-21 12:21:08
6.891995506659725,5,49.60415649842824,0,10,0,0xc6ee5dd130c2c1c33ad86c267bf67fd80953f019,0x6582844523b9549a7605d4b98bbd23338783d2eb,14376,2025-10-21 12:21:08
6.727725403455891,5,40.13323677118403,0,5,0,0x30e50c892ba055669af3f425cde688bcf436d23e,0xc4e141f9169358cefcc92e022c23a24f72950301,21586,2025-10-21 12:21:08
28.084037987897645,4,62.464906315946216,1,15,0,0x849d6184437a3142326d51aed7457aabf6ea212e,0x248a82c7d18f3e1d4db6fa58ee657667b59db437,79312,2025-10-21 12:21:08
11.89246765588204,0,56.049972018044144,0,2,0,0x737e3e6fc590ca7514b196ea956ef590e2e9f100,0x8d8ab3c8e1a6f3ffa3dbcb72a442a3e829890a44,78214,2025-10-21 12:21:08
9.006212414876973,2,48.881857956547336,0,12,0,0x3a010cbb5a37a4d94aa7a9552c59cf61259f8c87,0xa8a760deaeed61da8bdcb28f4a34fac1f7777f6c,21741,2025-10-21 12:21:08
8.593374089787185,2,41.18368904586789,1,1,0,0x78aefa89ac84e5e4c03edac0b026e0f69d9efcf0,0x1754cc123cdb34188843ff876dc4741f5a1bc98e,15007,2025-10-21 12:21:08
15.324392619272558,4,53.96797332033235,0,22,0,0x84ce5eb8a224cc623d1898ca1f4075fd99119468,0x62ec970e86917ed55d34fd86b0ff10e8c902b558,99366,2025-10-21 12:21:08
42.75270060401639,3,40.54242540203151,1,10,0,0x8beea5150aac1b2490fb9cdccf44326a6062c2e5,0x830981e99d36184988728281daa6a141e7c1f81c,98520,2025-10-21 12:21:08
10.981723204256818,1,28.897368812082,0,15,0,0xe5ace34228f4f08958da6a9964693aa51d921fc9,0x368215047248080c30762f419448e4af12e5ea05,44312,2025-10-21 12:21:08
8.470343359872702,3,52.9850133790722,1,21,0,0x164cc52e944a393bc75a1115b0203c0f8abac5d7,0xef4df1112d912826258b5f34ce7afecb7cfe6bba,45776,2025-10-21 12:21:08
31.090637163914796,5,56.36455574324845,0,0,0,0xd1dfe5367d5cc0e7a081a9574d14077d15a79c7b,0x4ce803da96c4bbc3fafc40f3d0b1c84e8894234b,54922,2025-10-21 12:21:08
13.692410713628146,0,56.183381367931275,1,7,0,0xded62cdebda308d991967d3aae90499560c3b446,0xa55777233baaa6e43ecf9ad4af036e2f6b403ff9,11380,2025-10-21 12:21:08
6.275023304706735,1,38.4316453130557,1,5,0,0x39671d0c990c08386e6c11b4e906ea6a767ee227,0x235d93cd6722155fe0d813f86291a8ce1d316d5c,54675,2025-10-21 12:21:08
14.925785774149425,6,51.05404504762747,0,22,0,0x89f3701c99981ef1744a57f789a28da20ba46280,0x72d6707aa0a5a1b89dc992f394261648d188742b,62115,2025-10-21 12:21:08
10.117556037383046,2,47.1416894113175,1,8,0,0x5ebb5dc7ec2b4a9ae4762e697f4a4dda0c7c55e4,0xb9dc092d535f387d959b76a4d833983375e63d0f,74556,2025-10-21 12:21:08
8.280381661938872,1,48.624498815945266,0,7,0,0x4d2fbe2f187a24e9e47564fb07f3f402e1fb1c05,0xd33d17a4ed8432990ead681378ad851035150cf5,40229,2025-10-21 12:21:08
19.20905019493416,3,54.437155057560446,0,20,0,0xee720d9125d28b06978740e0de764f9283d5a383,0x41beea38142e19798c5c4625dd603cb6f9591cd7,46725,2025-10-21 12:21:08
32.57255567203596,2,42.48882165357559,1,13,0,0xd7abb27ea2dfa405ea1b2a0a5491efa78dd2b55f,0x618514e0fcf1890383904507058240015f6de400,488,2025-10-21 12:21:08
6.527711638907522,4,35.4695953663515,0,4,0,0xd957b499c7b2f60346d5c5ce1af119cfb76f08aa,0x0eb2c378fd4ba3e98b52dd689dee1be8bf14bec0,13692,2025-10-21 12:21:08
9.951750022159144,6,39.261800860898816,1,15,0,0xf7c834a4fa8e7cf9f5ea9aef90e68b334fe7a437,0x1f6b3630d58ff5dea66db010073c9cfab7d40826,65964,2025-10-21 12:21:08
5.960878691549896,2,53.77547553451421,1,0,0,0xa47026b0a45dbc068823ed0c3d464760b1621abd,0xe6af99ba377c17ebea41b5a7f39fc8d7cf667bb6,56697,2025-10-21 12:21:08
8.748524980170073,2,46.23906816521071,0,0,0,0x8b9c772a987b167b68c6b601d4ccad0b9ef64c47,0x0ebd41e445d55c61349be617148c1116afd48d30,24090,2025-10-21 12:21:08
17.55752920680734,2,60.907957421712524,1,21,0,0x89093ea1fd880297111c4d86c6e114bd6682d08f,0x75e8f2fe960d14e9d17c4dd8253c664b94386524,31810,2025-10-21 12:21:08
12.800239116923112,1,59.33625019820946,1,13,0,0x07ded476818f94f4f0599992c922c38c7b577080,0x3414c69cd9fba2308d2bcb9b5e0c4a94a40640f7,96905,2025-10-21 12:21:08
20.84503795219001,2,57.131791883915895,0,5,0,0xfa186902d04e378eb3fe2d32501723b0e20a9f40,0x563f07d0854d1d78ef2c9e79e4abc93986bdcca3,56953,2025-10-21 12:21:08
18.263265547595257,4,44.391504799970726,1,0,0,0xb86a7897266d6b73a5168431611819221928aeaa,0xa4ab414eae24f0788fe7f11e945f4b0b0a7b47ab,82998,2025-10-21 12:21:08
6.637513197194022,4,37.933308959268594,0,22,0,0x24be60fd0e9c100dfd939bfb202023acadd722c8,0xaddd2a4fac17a04694e2cf3b842a65dbece2f92c,61982,2025-10-21 12:21:08
16.45369895753807,3,47.775158588818904,0,12,0,0xa859394c806ea690d0ed8638b4218360f8b8955d,0x3925006f7f3f618e8a6466262b2665e6994804dc,21637,2025-10-21 12:21:08
11.592885471071032,4,41.75380325602059,1,17,0,0xe54a03904c37f07d7f08c8506680de7dbca76b50,0x2d76b08ec40072875ee54e1575611d29b673a9ca,37271,2025-10-21 12:21:08
10.470773487693357,3,47.0548642756002,0,11,0,0xa9a7b4344dc92337459187794f4e2caf18e57349,0xded586ea3ef7d764e9db95ff9223152bd180384d,87269,2025-10-21 12:21:08
6.771629624119583,2,51.351000115979254,1,17,0,0xf4a93a1d53da392758458396c9b9aa555d39f5b6,0x5b3f95c65bf5e2773ef7cdb8426c37aa2045be82,91119,2025-10-21 12:21:08
15.351150584012661,2,56.64990882563923,0,22,0,0xcd1a86299699d485ac63f1ea3826cd32ddd41ad9,0x57b9f39952f98eaff516c6ddf0c3054cdf2b8855,51790,2025-10-21 12:21:08
4.619163531613143,0,63.01528407832186,0,22,0,0xd36bb195424e9627e63cec49af31be807f3826e2,0x81092717bed9533bb668d3cac831d68af9e1ba55,96258,2025-10-21 12:21:08
375.3896863070549,18,182.2848058773693,1,4,1,0xe9b61276a27cf811e6a7e41d942c8ff181095a53,0xea92743f34ca9acbb3a57ce1d6a53dc1e0a778e4,52257,2025-10-21 12:21:08
10.540851900129018,4,48.128222367668464,1,4,0,0xc1c9ba2c534a849fea71fbd5aa54e5d4f1402d63,0x83a93424c4abdc93ca4480bf60a024b88badfa0d,13358,2025-10-21 12:21:08
18.670951621076977,3,30.027676055158267,0,22,0,0x726d1d7ec2c516c3512ef230fc5a537f49d369e9,0x2a00e81051429475aaa75ff339927fc98d789c82,79378,2025-10-21 12:21:08
14.551181109575335,3,37.784309176599706,1,21,0,0xf71c05f1a7c41ab415715508efb7bd36379112d3,0xab3bdfc248e2b5f3d072ffc7470524e3bcdac82c,11549,2025-10-21 12:21:08
15.339623766945309,1,22.970866467942813,0,6,0,0xac5e49c965deef3a9860736a1fb201a41c555baf,0x6329236a8ebb5e071a8a29fa658efa2f12f345b6,26785,2025-10-21 12:21:08
8.479138799386877,0,57.692556718986204,0,5,0,0xfde2a296cc35b7288e2543798eb844af280bf266,0x9fd282d279e26004ca8abf71798f3f83766de8c7,59827,2025-10-21 12:21:08
37.31758662004839,2,31.76350429157821,0,16,0,0x4f53739e5ff4bd952c296c00053d5dde03f310cf,0xa99534bc3058e69d3edfbe0fe7b1d16be7f113b8,72637,2025-10-21 12:21:08
12.686153065560909,4,47.11209399224457,1,1,0,0x7531bc4863e47ac4fb5fc957ca403216fcc6e7ef,0x876c7bcb6c2317ca7a68a6c2f72003d1a9ead7f0,23124,2025-10-21 12:21:08
13.194258917472618,1,50.704860860796906,0,7,0,0x9e4e055a7c9e1a8ac508790f7c64ec5388ce9d0f,0xcf53f72460d31f31ad1967ba687baf754efeef0d,32066,2025-10-21 12:21:08
5.951510162401855,4,42.18796404597233,0,20,0,0xb82b133834530c1f234c992a0aae77c3e6e3d26d,0x1c9a0d83ff2916599600934fa1a9d5bc169fc10b,51361,2025-10-21 12:21:08
14.6838770527268,4,53.31211103199756,1,2,0,0x508b1c24e227d3cc91419afb7e2d1220223cf780,0x8d30d7859bb9db3172c5e50b6f64136eecd587d4,1910,2025-10-21 12:21:08
17.00253889384833,5,62.69913067655593,1,9,0,0x050b4db0c7b453ec7b880d63cc9a7e6000191840,0x623608686af40abb69fa8d2ae492f0d7697b2d46,14191,2025-10-21 12:21:08
2.482877363780582,4,49.633015102342306,0,12,0,0x69123228be370fc5e046cb08ba85ed118fcdd3e5,0x85f26cf6b2450039f667dfa5ce6bb5d495f9b3b6,16182,2025-10-21 12:21:08
42.64989546202453,4,47.201893142051325,1,12,0,0xc91e31e21d7447ae7c646cf02e2152fe32634d63,0x7b73266a202d2513459894169a0e76dac705d4fc,6241,2025-10-21 12:21:08
92.9302095011666,15,115.56637176691686,0,4,1,0xfd58e54eebdc074429b10849bfe36c3ae18f7be3,0xfd179118528e173cd914c2875ece58d1b6bfa22e,26834,2025-10-21 12:21:08
10.74462676401927,1,30.907842019754867,0,17,0,0x7bc8e13faf5649b9c6dae372c24529e1495f262e,0x3ce44909f5aaece1ee1c801f9833a984c383e369,22651,2025-10-21 12:21:08
6.931471499167447,3,43.62258939612073,0,20,0,0xbc1dc93267250410c69341f7eac9d26a090d60b8,0x9f029a3db780db22b744ae7c55e690847b9c5fb5,23680,2025-10-21 12:21:08
14.191632153995679,3,59.617170162571185,0,22,0,0x877e334823946485255eb9f062004d9911b39eab,0x3f219ab3edfec05a6499f902568bb12ec34dc6d5,87366,2025-10-21 12:21:08
6.429725212782456,4,54.537602558113534,0,10,0,0xbee67faf968638829d7017c75f7dd71262ceea15,0xb4c5dc076d21848eeee822cfed8f2620abffe24c,4565,2025-10-21 12:21:08
10.393762847702835,2,46.234291817036485,1,4,0,0x1d1ea13d6e5431a7cb1eea79d3b4efa01a7f0219,0x97690dc189afb712e7f3f1c3e5d72427759a0a26,85664,2025-10-21 12:21:08
7.106083137788155,2,40.63736967819971,0,2,0,0xf4fb33c3a3351cce3d6609b86a5df1548b0f428b,0xca7b2510f8da8401a0f51d095a18929c7d8d945c,39460,2025-10-21 12:21:08
5.0170808096202055,2,32.960863510336196,1,3,0,0x0520ae2e19bbb72a695e6a690334d9473c0e40b2,0xb9b4dd5a1eb865deea398ac6e32cd97516742b71,88625,2025-10-21 12:21:08
9.05888505484735,1,46.064939802900916,0,5,0,0xe7f9e46d05bd753a7e7dd57b5e3ab5e87ed64c60,0x9fea56984ba091701f4e9bcfaeca2c3fe9d4242a,40261,2025-10-21 12:21:08
4.912442952632629,1,53.18594618343214,0,2,0,0x7466f765b5443f6cbad24e27e4eac950da38efe4,0x0d63ed73fdfa621a26db297706787def95e7210f,26626,2025-10-21 12:21:08
2.951284616173651,1,54.338104260749965,1,2,0,0xe0e3bf566745aa1db9b1d23552023897c36cc812,0x76f5ba2d54a4c3cc4449cd9711529eaf9993a23c,66033,2025-10-21 12:21:08
17.245908031302775,2,50.16825265824451,0,9,0,0x07166a212b7b8a7a1bc85b184e50fbcd1f031cf0,0x18a268850fb91849c1ee56cb99a9a50af01a8da0,70818,2025-10-21 12:21:08
4.2046056973503125,0,34.028561302295365,0,0,0,0x23321b79ca1468b20e80716b25f537bb46c4cb35,0xad85c192e8c9a1d4795e7f5d3d7ce84201c09dc8,72847,2025-10-21 12:21:08
6.47397664837678,2,65.22174100087378,0,3,0,0x255aa5ddfa2c73af16a7af3f57f4855bc1e6f8e4,0xdad6912a202ddbdf022b4f29208fa0667d6e9f5a,66862,2025-10-21 12:21:08
10.353512554418574,3,41.98266946041364,0,2,0,0xd4bca40497e28853e3a0d9444b0f09b10ce7bb35,0x793c32ca75f7d7d6c2410233a127c815038e0267,67801,2025-10-21 12:21:08
8.931880275933777,1,40.63485136734457,1,21,0,0x7d4535f52357cdd63d2ae7f5b78f89a890bd2839,0x665ee66b8c8a99ef97c8d5e381716b893a769207,11810,2025-10-21 12:21:08
8.235265573059284,5,40.418630101582806,0,1,0,0xb10d4d3f4a4752fe8783fc7a24d6f0d023e071a4,0xcd84bc3103e7803bf4112cc0703628c24cc14178,7103,2025-10-21 12:21:08
12.360818530702064,4,47.68413273694562,0,21,0,0xfcd5a55a022751cd0304ba7917c757c16fb73d8a,0x45bd3d969a44eccfa0113de49f3e23d4bcfaaf25,23143,2025-10-21 12:21:08
16.41211093502363,2,26.668295483012724,1,4,0,0xf5b2fc3b30dc90030d5d10f650bcd9b85162de6d,0x3c1cb20964d640d2f8a6de64d2933acc55a6f787,71976,2025-10-21 12:21:08
2.2053239795832864,3,25.74022181554899,0,15,0,0x840f47723b776539c8110aeb223f29f5875f77f9,0x88c26f24a9f8eac72d54ab93a57d7dc2c5f00a0a,71018,2025-10-21 12:21:08
13.880149472153771,3,35.02735042031585,0,11,0,0x5143b513fc7d02e31b15527b214c6011795dccee,0xd8d9b8f9b4b631a5fe163318bdbdce259b878c68,28804,2025-10-21 12:21:08
7.9430118568641666,3,55.57960713838793,0,0,0,0xc3342bd3b3660b2e855398edbf27c5b12d023ed5,0x984d6e40fd6b8434d38fda9eb7dcf4a44c6bbd96,14523,2025-10-21 12:21:08
2.1110589843532552,2,48.753596961444735,0,11,0,0x9d62dfac6c300796305aba965b57de516c9fdc3a,0x207da933ea8bdd6ba6a708a09da482c11bdd6c47,98741,2025-10-21 12:21:08
4.6436934848816716,1,50.83883022284001,1,16,0,0xa279bb43a34b3239ecc4b16dd48d5a08f4efe80d,0xd4166eb1f5ac43bc9d7d7b4a38ead4be31545054,55345,2025-10-21 12:21:08
6.875764484009718,2,37.98042701704878,1,1,0,0x12b4d54035334746755eefd1cc940861598bf42a,0xd6fbb02ccc1e50efacd2aaf35ef4d4e407915699,58385,2025-10-21 12:21:08
351.4586224135609,11,107.73268770357637,1,4,1,0x9faf3209dace67f17b86a0f365ad75959564ba86,0x370f8bfc39de8edbe19a746f4c568500094558c9,2224,2025-10-21 12:21:08
8.43446919971785,6,54.22977565140431,1,1,0,0x0abbd8a5a7f8aadf114d4b9919383041d5066e38,0x0238072d71b5165a68db98c5af79c591ee4aa4ab,44823,2025-10-21 12:21:08
34.9250558913219,3,54.60932178608262,0,6,0,0x244799f30a402509ddc26156bb1afa49b902df0b,0x38ceb16f52e67df3b75475975e3126aa5e5ff84a,23566,2025-10-21 12:21:08
19.963435002235112,3,44.29776379425374,1,5,0,0x23bb433888a4ac41519c4acebb43469fc1e03603,0x80c246d4ef3d40a482958e595565717318d4d2eb,36561,2025-10-21 12:21:08
8.683732439570155,0,57.0357805453346,1,13,0,0xeed5506df450632bace384fb47e62ce0bac12a00,0x284f961de5070eae25d7ead90b932a04cd7d6244,24207,2025-10-21 12:21:08
12.401949570715106,3,33.44292425083085,0,20,0,0x7c717acd1ca40839da105a730051e4ef18143a09,0x7526016edcbc1196938699537c47b7ca8dcba869,10897,2025-10-21 12:21:08
160.95077999248366,10,121.99653719441912,1,4,1,0x82f973acc8417c3d15f0786cc81a063f97266ae9,0x6c58707d18546acef389efdb7002771c03d14db6,61690,2025-10-21 12:21:08
13.164617117826166,0,58.427218613511855,0,6,0,0x8fa3d9cd069bd5a089793ee471591eba74b92137,0x9ab9f40d9b458c02fae40d609f9e2a08b6988aca,17865,2025-10-21 12:21:08
15.092671450122467,1,70.05448905356894,0,2,0,0x0ff9ffe2c019ae60870f901f1503f6ccb8923441,0xf894b65f52b9c5f954b394d6fbc38389866901eb,73864,2025-10-21 12:21:08
10.714593529246912,0,30.155609318065736,0,19,0,0xc4906dfe45d8f207119c340a2a752db6a5477279,0xde2d2e28a1f0f05b6117636c34aadef7aaf3a6bd,62068,2025-10-21 12:21:08
7.17695507797296,5,45.55170637871464,0,18,0,0x8cbc92a77b67025bef66a5ecbbba3480144b6795,0xe1f189cec7260f337df3a8d96d9afd47f3dc9a54,32422,2025-10-21 12:21:08
28.531691215093097,14,119.63419743104477,1,4,1,0x544ca7452ed4ed8e2f7ea6347969917781d31326,0x92753d0f902771bebfa0fd4b0781caf356406641,84194,2025-10-21 12:21:08
8.8652920020726,3,53.8239708978998,0,1,0,0xd4fe6135b4fa1b61d86b254b8c2113c082dc417e,0x188a3364b04320832765a518033a8b28d10610a8,92322,2025-10-21 12:21:08
13.501772440482926,4,41.00173265713474,1,14,0,0xaad246127f9d72c9b6dac18cc78863bfb46c4fb9,0xb72e10d935a1f54d0966c431fb67ef8f5ac101ec,41929,2025-10-21 12:21:08
6.196220557357936,7,45.89198196612571,0,20,0,0xe7f4443abfafb6f19c3a29c7623cd3bf96f7370c,0x20468f5d71cc4ac8ec6622ed1838f370cb0e5d5f,66547,2025-10-21 12:21:08
189.34285405232217,16,222.31152473807853,1,4,1,0x86f37b91d795661da1353545855faa7e449ca050,0x6d692882eb635c5f45d6c1a66bf69d4d240d4d26,30880,2025-10-21 12:21:08
12.69410591916949,3,31.47134111035961,0,12,0,0xa79f85d818f3e200710123ca86b44d50f5ccaf5d,0xdba355aa3f022597efc156eaa201403e5a05db7f,87118,2025-10-21 12:21:08
4.216208989868039,2,40.033489478717534,0,3,0,0xa49899489e6e2a8963db858391cdf8f9bd3fa166,0xa077a125e7c4af8ed337c4709c47762996c2e5d8,31028,2025-10-21 12:21:08
16.587730580739837,5,35.21976976477432,0,14,0,0x44750adb30443e87df9d24547479e9fd243ca52b,0x73e43b5bd75486929a1e44ba50e46acf82666320,66239,2025-10-21 12:21:08
15.992511491674597,3,45.21222650834258,0,4,0,0xf93a34aef519b7366bdc9aa1de6b0fbd147b62c9,0x53eddf75efc57be470d91704b41dbea103c52937,65224,2025-10-21 12:21:08
9.786739550163531,3,36.36810287833172,0,14,0,0xe8bc426ff304a7eb3e6e78ae8456918ff0d55d61,0x1895cc80a3698b002d5d4ba48ed2cf4e6a1d6fa0,45512,2025-10-21 12:21:08
9.774561998696434,2,35.438642970414605,0,20,0,0xc558d74664626c5eb51ee1608252b89b603d4664,0x616e2cdba4ad80c5f6c983803d560aa08b68f4a8,27930,2025-10-21 12:21:08
13.497699491372012,6,41.33658322862242,0,15,0,0xb0443c5e794d7eb4c27b3d2f25794002bb510e6d,0x45789c2a145c730c3971973a1b309ef6ed2327e2,46741,2025-10-21 12:21:08
5.190933779405367,7,40.00752385505345,0,12,0,0xdbf171a091f160f24b6df570ff6f865f8c3b955d,0x61e98d52afbbed77532843c86257417a1dff04f4,7782,2025-10-21 12:21:08
204.10134101971053,11,93.47132441104472,1,2,1,0x9d260a7778e3ef5eab61f57e34725d03fd5205fd,0xf0568addf8b17e8364097124649310258c842c26,33449,2025-10-21 12:21:08
24.63293366579576,3,44.71183398411377,0,1,0,0x276a6cb76497d7a7ebe9517c9fe0885955a30f00,0xb6b296e724bdbea9acc7601b5ec7469e620548b0,52095,2025-10-21 12:21:08
13.625805715641006,1,45.14108356253125,1,8,0,0x4ce600dcbab5a11bc6e871fd64ca9bdc3bd9d3e3,0xe4d25e4378adad8083ac3f80d4d7f4741b17c2b1,40372,2025-10-21 12:21:08
21.076333496467495,2,46.982173277208204,0,11,0,0x866d38793c53049da20117f3f239004686a427fb,0xedd03a2cc70da495ce08136a8f291b7d81ca25c2,607,2025-10-21 12:21:08
9.784574052219712,1,23.0249899473797,0,5,0,0x630c2a718d3efdf69b6b76a3cb64eb9629a66176,0xd5ce521b7d6800004138e2edab7d88177eae2cda,74343,2025-10-21 12:21:08
7.687467936538598,4,38.81824957899831,0,14,0,0x8b3804963ce6dbe8cd441d47317f3dfc4db6a4ce,0x00acedbdaba3e8e8be1df60dcffffe4bd947825a,36672,2025-10-21 12:21:08
8.114908886315446,4,51.461296760241716,0,0,0,0x93ef6c39b3e1473ace1852cd9a45f84f80be9301,0x6e58d930a395ce52178993f2a9fe01d755e07d53,83853,2025-10-21 12:21:08
12.506979934044143,3,42.181551506029,0,21,0,0x19a409d2a50ba0281eb525faa6cc6d12f3740801,0xa2a52397a6c657802e708be0bd86fd5eb8edc934,16158,2025-10-21 12:21:08
18.507436840882562,1,50.629106602850854,0,10,0,0x6a25f7409db2a15d461dc5a45ee464edc60e8580,0xe9e1caadbf2b647220d016854336d05e0395da1f,52423,2025-10-21 12:21:08
10.128295677363894,4,61.12978170593054,0,10,0,0x163dc9d0435c6ea251b9c3d9c8c615d37b7f0796,0x4caaf9329561fb5d9cebf09aa3a52e82fb34f9e7,43404,2025-10-21 12:21:08
440.6178796413305,15,111.01568862943381,1,4,1,0xdd02d4220784f008d08e22c345d59cec80836e58,0x913ad122641b53c12e13bdbd27fd392eed9882b3,77956,2025-10-21 12:21:08
8.49246596702556,3,39.670062805740464,1,23,0,0x1ea16eb846a7d739603bcfdc4d9cdb6b53e2ad59,0x6298f6fd5dbdb578d22723661cac134df5fe6e2c,89086,2025-10-21 12:21:08
17.716065623203303,4,57.66330267956289,1,1,0,0xedcbf4db2f3f18f6bd9277a0d44b210c3fba91f4,0x01ff0d1596b77961aef8431af79305cfa3b6e69a,69403,2025-10-21 12:21:08
9.432728924085323,7,43.23865802289222,1,15,0,0xfbaf9b1099b9981932f071a7b05f3209fafb0a65,0x4dbc8694fb7ebbbad9adda1576e3024521e2e427,38019,2025-10-21 12:21:08
14.085943185873214,3,42.79271243041634,0,22,0,0xf2bb192be7a6fcdbec64b92005ef369990c56f01,0x682cdb78dba74598edcd180ae9e5002da3b3b99c,14108,2025-10-21 12:21:08
324.26480443702314,16,125.23161127554766,1,2,1,0x885a364e231d5263d7fad082e2e49f0d23d1b593,0x4536eeb1735b901ed39c8006d97fc627c74b7fc1,41065,2025-10-21 12:21:08
7.467153201765488,0,35.71734161344004,1,14,0,0xf026d2c5ae5f019aba51efdcf13bcd75d7e3a26e,0x8dc42a5b526fd7eb1f0fa9f8e91719241de8ae26,62794,2025-10-21 12:21:08
6.985535940103975,2,51.03713240544196,1,15,0,0xf61f0a725675642e16f7d7c21fc859f240189a92,0x116ff0c21339bf046bf835809a0f7b9ac8e0fa96,1951,2025-10-21 12:21:08
7.6019616337771865,2,47.09348857334689,0,8,0,0x797e4711b3713727b1d0ddd578971066cfbc256d,0xe4a7ca5932b20184bcd6b31488bbb74eca603fc6,14070,2025-10-21 12:21:08
35.34604608407775,3,28.180312160145892,1,16,0,0x80c2427951094a89802c543cf1fbbb34eb190667,0x2307dcb1e90226d16d09ef37c6a468d0104290b0,70698,2025-10-21 12:21:08
9.62146666083968,5,49.480783410128915,0,2,0,0x95071b27348a6f9b600e790f9ef1386ccb6b9640,0x6a1acc8bb690a03f2f5adb7def9605b8817ae32f,59277,2025-10-21 12:21:08
15.899563513809973,5,54.88608793499175,0,23,0,0x47bb6e6e1037d0c164e5b7bf8e7bfd0da34c85d5,0x64e538b2413d6945a46b8addeb6262356780fd32,77886,2025-10-21 12:21:08
13.46200569899503,3,49.22324797449875,0,11,0,0xd2fbd11e64b90b4ea087d3fea0a740e1e4cdf897,0x5f57a33c0aa22bef7778d754e32d6d801737efd5,76546,2025-10-21 12:21:08
19.84814060437115,4,25.10053730178875,0,18,0,0xa97c81694f2f9df7f13cb443e224eeb9c5c0a39d,0x05bf070495732e4a7fef74f8f1f30a7ee1777fa5,42232,2025-10-21 12:21:08
11.26740638770845,3,34.446758414075404,1,20,0,0xe95cff194a8228fc23b83f417c8932ef3cc6f0aa,0x73fe5a16b089165152e0868bc93ce61c0f764931,68550,2025-10-21 12:21:08
82.75335363167127,3,48.94881490002577,1,1,0,0x1f948ec5f22c62fef929b688270db7a1365b8d71,0xc5498e9d1424447ffd450d3e11a0d5d21da74efc,24283,2025-10-21 12:21:08
10.119604213636586,3,51.621687539475,0,0,0,0xc306e371fe71a7cc0c140b44f611ebe5dac92cc7,0xe9ac001bb21ff14c600f1fecfc1f0cbadfd8db96,23021,2025-10-21 12:21:08
8.251817449223697,5,43.26455582438612,0,15,0,0x293dc6008eb5411f65bdc722c493fb757fe618ac,0x9a6cb5c5d5be196cc3a1b8e654e9ae204c3856a2,52653,2025-10-21 12:21:08
15.435519048770622,4,44.35662352620834,0,10,0,0x5aa5b180f5d7129e96cfcab04a596c99c62d60a3,0x68f8a80c0a1adedcf770a5b920415d3b7f0b695f,65504,2025-10-21 12:21:08
5.821054379163017,4,48.3237683351961,0,21,0,0xe6630ede7313774fe16258cf483803ead0bfc87f,0xbe8d3c5e679665508c78a055bf8101566c232acf,33489,2025-10-21 12:21:08
14.47285026985554,6,64.85676411014839,1,15,0,0x7def68eaac2654e832ca2f1027b517fc4b3d0bc0,0x8d2b9f5544ad7d877a9e25843ce8f45aaaf67209,37852,2025-10-21 12:21:08
4.495549748359082,2,42.607268528481484,0,4,0,0x3bec89950b7b8f1ff5e6ac0da4faa421d0e5611e,0xa48d8324e11548c30db957e623ca9cb42cb7867d,93780,2025-10-21 12:21:08
9.178289704046005,5,37.33647390734984,1,15,0,0x44c22e028108ff47a37b4555199862137891fd57,0x192cfec3f9127f9bb65517ab5fea49fc4e1c1d6a,31649,2025-10-21 12:21:08
19.02889201251555,3,46.268246851349616,0,7,0,0x2a834db6daa4f33428b1fb637673a16b85651c84,0x4c6734f05cfcb029c2df6a91ae83a551b9eaf3f1,67038,2025-10-21 12:21:08
10.369632794587814,4,60.44841462418258,1,13,0,0xbef233cb8a415bd67477d36bc8938b30315cee75,0x9d0e964a42028dd3e45ec8c4f680144bc8ae698a,19115,2025-10-21 12:21:08
5.879588828427628,2,30.572852139972873,0,13,0,0x85a6b4711a7515ca7585d289e45329d4b2c1e5d7,0x655c0c63b92069ec80c1938970baae3d8e115f5c,42509,2025-10-21 12:21:08
8.431362649853382,2,52.831556560131745,0,17,0,0xd25afd8ed02c1b78952979e6d1a607b48bab2b67,0x5908ebc1600af86d492707c3163c35148b23c2ee,46609,2025-10-21 12:21:08
12.000926135315732,3,63.478669957021026,0,15,0,0x0d5da175aeab2368a918e5173ace7fa66acd6171,0x6cc264204893f8ba92745f3f5263f454db1bba37,93173,2025-10-21 12:21:08
11.9104858804793,3,61.8331457592753,0,8,0,0x2966b63467f25b89dab43832c6f407a080393ad8,0x7691d385edba78448567b7ec24a0219110eaff53,84441,2025-10-21 12:21:08
14.490614823918726,6,44.29094637472631,0,14,0,0x09c8f368a615c5235a5097813a51a657e6f90994,0x9f1e4173bde4f7505e0a5653f3d116f97f5562b9,1176,2025-10-21 12:21:08
5.769334481882395,1,44.623128792577624,0,18,0,0x5d63d80291d10c2945730bf827d3aee2233fbe61,0xd1316cce86b4bf2b0023db4c8b1c327c008037d3,57909,2025-10-21 12:21:08
10.681782097937175,3,43.28504399611761,0,0,0,0x7ad107e35fc0266a7fd163e53e8d00f44a76a27d,0x4ff1898c2782df0e1de70e6123de23c4c548da98,76417,2025-10-21 12:21:08
4.8777541435395895,5,54.95415190449474,0,11,0,0x3218db6482cccf578307925f35b26142f4287d17,0x5586c58679ac479061b272965d22d846cc19cf67,4128,2025-10-21 12:21:08
17.077837017378744,0,36.258007299858505,1,6,0,0xd792941951e3e20770b5b0c80ef280e1367004f7,0xb309c34ab4171aa046b7bedd30420a688370bfd3,46037,2025-10-21 12:21:08
32.36371778493449,4,27.60574755767722,1,7,0,0xe025c0d2b038cf4d296d5a833f8191864fd48ce9,0xf317d76e3d4e40aec56fa32b71d06225e28106ce,73514,2025-10-21 12:21:08
8.71900328313677,2,46.14476058818779,0,4,0,0x48754c44d0a4258be207bcdd8939ddc42dc7239b,0x684f2f9b1f7f41ff5720c474269fc6eb41976677,65978,2025-10-21 12:21:08
16.907723828634996,4,51.73133692232969,0,22,0,0x61037e09dd2f33f22c67dc9d3aae77506645d82b,0x30c9b3a1579925bebe8351ad5d0b62fcb295d400,33919,2025-10-21 12:21:08
30.381015215615456,1,48.431585541974165,0,12,0,0x38ec9db1dc8e427c80f4d8a1c07e5dfd12401ab0,0x12c39d59e9167369805e95268c52f1bdac52086e,30631,2025-10-21 12:21:08
8.132802909454236,4,47.92168828207326,0,23,0,0xdda669ed495c2a19ce81d087768af2700aceef5e,0xe3fddaddba125721478af316480b438dea19ba09,65876,2025-10-21 12:21:08
19.192213041805502,1,56.93611755172588,0,6,0,0xb7790ae08ff860c9177ac4124290d5d428976bdc,0x1bf6c15b09e3f6774a132c65132f00b2893cedf9,91063,2025-10-21 12:21:08
10.58584600017042,1,51.41541644936012,0,23,0,0xefca1d944552fa30a04b3e6639dfedc193714c69,0x7be0c71d2cd0e7de487bd1e5bc39c3dbf3ff77f2,41221,2025-10-21 12:21:08
4.235673488010954,1,47.81348347489577,1,9,0,0x5cfd8136b74438bf9328683297f392feb3f1ba36,0x77ec614d43030fa6a03fb6ece4accc2c811cce7e,56540,2025-10-21 12:21:08
10.785177830295396,2,41.24491019360501,1,1,0,0xec20975d2f7508a88dcb55c378b66c11be9fa138,0x4e68af1f663c63d8da3cc0543afccb23041e68d5,47214,2025-10-21 12:21:08
7.931306486273825,3,42.11849737577484,0,0,0,0x41364a70dcde43269fa05715a0cffc5546d4ed71,0x59b927c2fa321dee0d009490f43127e221b4199c,17761,2025-10-21 12:21:08
4.2895066774795305,1,40.66009537784043,0,15,0,0x5491ac63543c1cc64c257a99b1a9b326977d3ee9,0xb697f5845381dd0a5b55df53ad8677b9a35b65c5,31460,2025-10-21 12:21:08
16.74136338937206,5,25.454069955167245,1,2,0,0x15e2721cc88821dfd31f7901589b4427b59fbf1b,0x6872b2f1c5685e813cf05295075bc68f339ffd31,17010,2025-10-21 12:21:08
16.49392889414173,2,37.1342790844215,1,16,0,0xb43a98370482acf5a95a536259421be0704f4084,0x251f89c29f251bf3d034b49d1c8634bea094a545,21764,2025-10-21 12:21:08
25.12605561200991,4,35.09376776622742,0,14,0,0x8a5661df413b2bca5ae40e1c6803deefa2bbafc4,0x6c5ecc911859394cba4741143c15f71e96341ad9,31989,2025-10-21 12:21:08
13.133086086909628,4,33.02042037659338,0,11,0,0x4cb99a143c0b007fe28e918a8e333b04c537feed,0x8ef29030c5fc3b38863849a348aeb068a02c6e38,36014,2025-10-21 12:21:08
7.980434723004911,1,50.36807469224904,1,14,0,0xd2a8c67681ee3171756aec5db830f8ffc970c95d,0x9acd7f9f3c24656c4b1460c43beb6ff563c4723a,20729,2025-10-21 12:21:08
7.780907623555501,1,45.635419045609375,1,8,0,0x9bbe3eefa12bcb846ece1720c7aa870b663cccb7,0xf9eb5d6f9d8c424f1c7382f62abc3154bf99330b,58235,2025-10-21 12:21:08
6.2112787154715825,3,43.06659050320377,0,7,0,0x4cb3c4a13976b7d66a6f120e19510ef7862f03c9,0x24e162da71d74885af2b004b9f1c982399112a56,52783,2025-10-21 12:21:08
9.2186593624411,3,41.36824441267184,0,12,0,0xea2ea21a92a4e3000b9888e933dd96c2923a50ad,0x4e7f0140a96259a6f4c6a276369bea4942e636f6,94082,2025-10-21 12:21:08
14.67128858109583,2,38.87577109099132,0,2,0,0x2bee4ae37f87faa8fdedd79c06d80909c1c4cb7c,0x9d31554016261da8844ffef787951c9911240f8a,93518,2025-10-21 12:21:08
13.727976313708306,2,64.12688134356796,0,14,0,0x793668fe82cea74e47e5990384d3ac9087280e34,0x46da4ae922f3eec929f54efe037bcb89eafefc5d,56775,2025-10-21 12:21:08
8.774805775455656,4,36.525261094349354,0,18,0,0x338e40d65e83d95963b8cd002840fb4536a24569,0xcbae3bf91eb874f750f742a0b75be6f2b972e45c,90910,2025-10-21 12:21:08
14.812594371537259,3,41.15207976395929,1,17,0,0xe14c66b27fc0323a8abe7a3c70b791552c41a77c,0x7bc400ca5cd9fa59d966b8b5f9bbf2b2e35e3f16,70862,2025-10-21 12:21:08
26.663278569568618,1,42.663930390171345,0,4,0,0x467a31de46eb33388da97a7607aa3c002c29073b,0x14e47ae94db95de33d2e13a88bf384abe8888680,77290,2025-10-21 12:21:08
24.42477245995085,3,48.04492201680145,0,5,0,0x3d588b7fe0ffb9912a4f4c97117081b424b77586,0x355a00d07089188cca13aeea887b401bd38340c4,3248,2025-10-21 12:21:08
15.830459212825122,5,43.84811671223521,1,20,0,0x10707b8064cd73e16c67d8d524dd29ff846966b9,0xd1899ba847db9f59783ddc9364311c39776368e7,72484,2025-10-21 12:21:08
17.943457606533038,1,31.72201326520569,1,0,0,0x33c2384d53c0c6c6539fc7bd70e871839edb5fd1,0x42c13dca893894cf2587c2330b4bcf266440e3c0,8540,2025-10-21 12:21:08
22.703610542036007,2,36.84090464851447,0,15,0,0x931b8e8ef4220c72b3172dfba10cd911c3a0e054,0x0781fef80ec8099ee7070fc7c14e67b572f6619c,5650,2025-10-21 12:21:08
114.73311879286138,18,179.81493780994217,1,4,1,0x05fd7c422cab1886003b1c21e0269898750f77db,0x27ae818c20ad0670afc66e653395b77d29b53867,33864,2025-10-21 12:21:08
37.68321228822292,3,50.16396667786579,1,17,0,0x89ab525f76c72746c32583b825b48513d4aa8c0b,0x0355dff1625b259c97402076a9bbc3ae30d30441,60415,2025-10-21 12:21:08
8.73944822020822,1,45.795795465565604,0,23,0,0x89003c5d10b375b402d6ed924e58a2e5a18b86da,0x91814b8f7114f323113bc268062c3f1eeae4f7da,44575,2025-10-21 12:21:08
17.59587224560438,3,55.78125395794772,0,18,0,0x83f90019da2d1372310d76917c9260bced28e30a,0x178bf48f71a4edc8e87150c657b611b15970148a,85437,2025-10-21 12:21:08
6.381180638177727,4,52.410169513364494,0,1,0,0xd50901ed2c17ff5e0508d2b001c506ab36f3fa3d,0xcad70c7e6e8dea3ddd95e3ed38096b7e5c053ad7,60139,2025-10-21 12:21:08
13.689520059547352,3,50.557421780428925,1,9,0,0x39b97179a0c665d3f40196176973060e684de1af,0x67f09b899218054bba39fe01e35547fbf289305f,28987,2025-10-21 12:21:08
28.146141797079256,1,31.923574189065597,0,8,0,0xd07c371cdf2238846dcd80c1d5f2fabad6497c0d,0x13bdb22171040f54bb0e6a2198f2735732896820,26250,2025-10-21 12:21:08
22.500606383067694,2,29.941675946693795,0,18,0,0x8da95b47bb3bc84f0784c458412a9287fcce5f49,0x260e4bf42bcd708badca601f1a0091544e162db8,42145,2025-10-21 12:21:08
11.667345152417331,6,39.67856109826898,0,11,0,0x1897fd45e80c348ffb44bb27d673f7930e349e7e,0x788c9d5416fa49a7402ce90e9febb4a56a445815,48180,2025-10-21 12:21:08
8.787852457419653,1,45.06381540963315,0,1,0,0xb95eea94235e5e51abd775dd3155921374e2cffd,0x963b46ef72e28b09742b635c4d6efbfb62a41144,92336,2025-10-21 12:21:08
14.238216844502903,1,29.927741796160618,1,18,0,0xcb48a7b9f631b825dc6b222226cd435d71be21de,0x8e7f7938054204052c22b2aa9b921455d1c03d9f,95040,2025-10-21 12:21:08
7.269968661163683,6,46.31119324675147,1,21,0,0x6b1d4ae98772ccbed0163c94c0a1856c48d94598,0xf70a647d10d83a31a1415a61eb7892f36dac0301,1446,2025-10-21 12:21:08
9.357342834986751,5,37.65256786527291,1,13,0,0x43b4ac440440c37365ee4f8c74d96fda8629af4b,0xfe81db2effba5a06acfc788b4d4ab339a0ef67fd,76895,2025-10-21 12:21:08
26.740659844326785,1,63.4866306896655,0,1,0,0x8f87c5e66a0f756e9e9af1f67b4e05c248675820,0x32d2ac650b004068a2361b36a8ecd7fe3f1b8388,14403,2025-10-21 12:21:08
9.015504107597899,2,67.10689726015764,0,14,0,0x9ddcbbba3756dc816b367b1ce67b0a94d81512fa,0x4c55bd496ad6f6b5c17ad9d3a5cff605e74d7568,49006,2025-10-21 12:21:08
15.707831966772797,5,32.48643817760713,1,16,0,0xdf5436df2c96b81e4061a40fdadd03667bc8e319,0x61d70095d7900b4f29901cd3d753f68d50724106,75670,2025-10-21 12:21:08
32.58912740704598,2,40.13368811810731,0,1,0,0xbeddbcdc928ac7f5ace297c1a33876360a7788f0,0x231d3bc880b624430da84ae1131dc41332961d41,79613,2025-10-21 12:21:08
10.52239685015348,4,35.65406105101529,0,0,0,0xe96e05f4a1c2ef71ea32b673526763d9b89ef75f,0x8fb5bde75261f3943ff115ab8f675bc7939622bf,14270,2025-10-21 12:21:08
34.45000007687129,2,49.44591995073129,0,0,0,0x1f9688885f0fd546c70d933fc0a36ede531bc678,0xe2d9453e4e2a795d3deb09bce2ce7daf13af94ea,5048,2025-10-21 12:21:08
42.28572682686559,1,48.24345711194924,0,19,0,0x8fd3245bfc72dec54c6d86a5ff8f93d0755de49a,0x5bdc1cadd688393a184c627a67170c95d59e9637,26876,2025-10-21 12:21:08
58.03288708205696,1,46.35176241342669,1,18,0,0x250f654cd27c3884a65bb5e39cbe7caada92400c,0x1d7695d71793ad6bf9e7ef2b7e08114f70e276a5,27608,2025-10-21 12:21:08
8.03861561617807,4,48.84209221649462,0,23,0,0x838697a8067d1d98b0bde2ca803955d399e9904d,0xedc03eb2fb996c7b64832a70919b4856eb24c3a4,2211,2025-10-21 12:21:08
11.412895621224331,1,49.458388752292464,0,4,0,0x42a232de2268aec079b08c7e55a967c6ec09ecd3,0x3a535fa785613ff3bb85796d14899a5a881a29e1,34867,2025-10-21 12:21:08
17.82911653223011,3,55.61816645989732,1,15,0,0xe3c8eb82ae84a5e62d3407a6cabc16b84da5f405,0x4b75708cead6376ac4408fa5ef178d36bb66c264,44946,2025-10-21 12:21:08
5.944522235220483,1,51.255913025065595,1,6,0,0xdd642fe5bba699bd8cf620edcf6b7ea04bbc796e,0xbb6c3b7fa34ce9b61665c175bf02d399f765fe95,92622,2025-10-21 12:21:08
12.463471509841446,3,45.68906133120972,0,0,0,0x1ccffc356d62b7639cf334da1f85b7a0e5e57c0f,0xfcb98bcebdd4c2fa016b1b8037caeb7c3bdb33ec,40363,2025-10-21 12:21:08
10.43926395470297,3,50.36389218847576,0,21,0,0x4eddd258928b8e01a3daafb6fb1649e6db8822c6,0x0d224743f60581ef86639f4eb5d5e7e9b493acf7,86843,2025-10-21 12:21:08
6.2838323193672725,2,35.73836736516792,1,23,0,0x4f448e355c615c821cf7f0af7f48830468988514,0x97a210039e1f2f2e65a483b926618e7cee01a17a,93153,2025-10-21 12:21:08
26.64507007585985,0,40.590978113891445,1,1,0,0x2b5a4cd9a099b1a4db5d0f6206692f5e3d38c6f5,0x2e6d9c51f8f8630d787e169c04c78927e27a46ad,33408,2025-10-21 12:21:08
10.75240967895701,2,46.20198558746055,1,3,0,0xbf8c2b3dd836838ef63f2526062856859a1e5516,0xbb541866428d9a75bbc1e64f759c8ce7609870c0,2292,2025-10-21 12:21:08
12.985821866141332,0,45.818443345295385,0,9,0,0xdb8cf93a4507bc80c35c902d6fe7c740074ea801,0x221a7400168889fa5ab4b9f9da757d03943c5c6a,99690,2025-10-21 12:21:08
18.43196517301196,3,37.79544929324941,1,5,0,0x39af637f64672213a3edec31692be90148352817,0xa7747b2b209009af2782cc7acfe902d09829d9e4,46350,2025-10-21 12:21:08
10.181736638241134,2,15.568584345282666,0,2,0,0xeeadd272abb3e793a885088dc68788651c6055fb,0xa99df6d8c6066161089946f95792eb3f1f4a9a0f,38758,2025-10-21 12:21:08
15.26280481913983,2,39.21015780060095,1,2,0,0xe61ddcb31d321129b363a63272ae71cd23258973,0xe47bfa5d98fce5a85a2eaccb20d97abddf643fb2,98104,2025-10-21 12:21:08
24.053056024869214,1,42.994288193442316,1,8,0,0x190a3f4ff1dcfce2c327dcab18a50e7953510b57,0xf28038fd898b24a3fecd9f335bf72fdec178c636,72555,2025-10-21 12:21:08
4.125019469281354,6,43.691994062730444,1,2,0,0xc47f2c50c23427464df7022992f58cfb54b01fa0,0xbbebe12c9171961192259389c479e2dcae83f2cd,15360,2025-10-21 12:21:08
9.631229191327735,1,43.49852167982561,0,8,0,0xb52bc454211b1f933b27e37a2aefb1d75e16b963,0x8e35dab60ff0f19ac1ffa309a655837179b57c23,64786,2025-10-21 12:21:08
21.301299313095274,3,62.18363995763876,1,20,0,0x7e2fc8edeba428d1128a924f8955a0a187144538,0x500eceb7f5fa34679666d34c9c6246165763c4a9,66709,2025-10-21 12:21:08
5.618268161816916,4,49.35211528289602,1,5,0,0x43d81aaf1cf293b98c41275c433f7b5445ecaa26,0x95195987bc44a9bcd9192bdc86a7dea824334435,76549,2025-10-21 12:21:08
19.074953951163632,3,38.99661340993513,1,5,0,0x045cde118120803617c7bd23a6441534eaf417a0,0xc672300408b29f84186a50ce2cc4442bea3e527c,78267,2025-10-21 12:21:08
9.794614292984786,5,33.81476515788368,0,10,0,0xd16ee610dec90d059b6f1e53c8a771a4f12f7434,0xa23a56284f48d212466298741993770c0d3f5c2e,60668,2025-10-21 12:21:08
31.6871734503416,0,41.1718251901325,0,5,0,0x79dd6e51949ecde88ee82884c5699954c03cd77b,0x03a5b4de03e5cb955d8ef76dd932c229df45bfbb,25014,2025-10-21 12:21:08
19.306867033883798,5,35.2173435073376,1,14,0,0xc5c2be7f6a82a5e0b714f53821240ff9b308d214,0x3d9ecb0f6fb6902e9f53c4898505ce16c1c17a74,28353,2025-10-21 12:21:08
9.231622575962847,3,56.480908663974326,0,15,0,0x09d68f0b77693dbefd615dbeae44a7073c95507c,0x5a6e8c6d8403618104151a55d91158dd393d1c3a,80046,2025-10-21 12:21:08
27.88404921152009,4,40.24607757785458,1,18,0,0xe3cb8e6edad3bf08955043ea06321749849b0d94,0x9c63546aa2acdb24dc34ed0def3567411e235448,31591,2025-10-21 12:21:08
7.423878889122845,3,38.161510995004235,0,0,0,0x475ea4c7e04242e3a81d9b0b37c4892c8f0e18d8,0x8ab2803da78417785a8c997ca4dec365b3f19832,14306,2025-10-21 12:21:08
22.97193688978415,4,34.74780914262567,0,4,0,0x94f9fbcf38b91e2eefde7014ee69c8d2a390b003,0xab9c51f78396fc01349dbb711e941fdfd2d98af8,90545,2025-10-21 12:21:08
4.770601921191223,4,41.97902958975394,0,1,0,0x8737e659b1e2367da7387fac4c21b806acd60d6d,0x587bc27af6b86443149301a181b96d217b1c82e8,8140,2025-10-21 12:21:08
37.77741890768148,6,47.42070670287967,1,4,0,0x018e7f8b83fe4965e81e7dee1fdd1235d5d15f7f,0x285a10e26e922b66309c775ae0b9b2bdb5950a6a,18969,2025-10-21 12:21:08
10.718076504287737,3,46.8125394834505,1,10,0,0x40eff7516fdf71d05c57def6799d41e4184f08f9,0xd17d50151d38d2d4d27949c553f9ca3905d3c578,12024,2025-10-21 12:21:08
20.290099247364985,2,19.78395198537957,0,16,0,0xe4a0ef88998fe5991bc6133965babcb9650eea3d,0x8dd04b6050564115bde50a9e86b7a915d80fa47d,76130,2025-10-21 12:21:08
8.1901164894424,5,46.88073356991773,0,12,0,0x2e6c6bba3f63829fe148a2084152df8212528881,0x30606e9a6df64c330ea1b67e7c86df076152455d,46275,2025-10-21 12:21:08
18.008335801531157,3,39.899360499039176,0,3,0,0xe6eb104aa7d265acd0b62d3df91eaf045a1f9557,0x778efd03c905c24aa98f217c608f9935cb67f38b,31084,2025-10-21 12:21:08
10.980894569883784,4,48.247815941101145,1,3,0,0x756345ef52837c3ef50df1e52a60d22db0ef37a6,0xc90ed78e3414ac28ec446b8498cf659539e882aa,86196,2025-10-21 12:21:08
6.933735933664304,2,29.74337590713158,1,23,0,0x6de4dc39510cf6c365a8b95268da9bbc56734305,0x30b8e5a2f175dd2f2c702c44fdd752335f87fba6,28700,2025-10-21 12:21:08
8.154389382423485,4,29.67401765402238,0,12,0,0x615da19c40233175852b1825916d0808a0070ef7,0x88587925a3b29e476969b1bbd60e5f969f17756a,87926,2025-10-21 12:21:08
5.662983392575469,1,53.011817639881826,1,16,0,0x231c5692d826e34bf82ff288c300b854cebe9c22,0x44a7dd136a73a9d5e9f2610afe9b4c93b4dd8e07,96535,2025-10-21 12:21:08
12.77105285513456,4,50.34347213453784,0,12,0,0x1c685905fa77d9cf2c045981d0e61ae12d3c60c5,0x262b465128bab51af49f8311ef936dd46b30eb34,30396,2025-10-21 12:21:08
18.753342185010755,1,49.99110506798941,0,4,0,0xa6f2214f6abd267c2a02c50822b66c564f79d14a,0x536b3eed35e0853d3885fbbf40858a1e76f0a57d,46145,2025-10-21 12:21:08
6.814095450111026,2,52.01823040543344,0,12,0,0x837257d8dc65a5be5e98232c8fcfd4d9c7b78962,0x990920335fbaa51665ad8c37d19366381db521ab,50359,2025-10-21 12:21:08
9.775755118978614,5,31.39165021698921,0,14,0,0x4212b98876089159457791610b78d636363edd84,0x0971ed3f2dc7d63dada54168c7fb6a5ca15a0e56,2756,2025-10-21 12:21:08
10.962370148227738,3,51.03781469552959,0,18,0,0x6a74032c65e51ff5748a165deaaec53dc985cb77,0x39a6803933f067ca61c316f3659928ae7624a713,57269,2025-10-21 12:21:08
17.15619274018631,3,42.66791501793606,0,17,0,0x3413b5de119694fc2e262b94c12de3c03329ee82,0x4f1567b3424c5cd3a5d83cd67b9268a90b0c6175,77331,2025-10-21 12:21:08
12.520197044695172,2,44.75870889545027,1,6,0,0x1685d40287870774d5f10763eab61a1f625dbbec,0xce136b74113264497d05b536da8870abff8b32b1,61378,2025-10-21 12:21:08
10.512385795441816,1,63.690665036782605,0,11,0,0x66ffe93206804e39166c725e3ba23b066610f814,0x3f690df1059f6f710ab174fae532fa846efb6672,77818,2025-10-21 12:21:08
17.663362102803394,3,68.05636837367189,0,21,0,0xd4cca70a62143c8fa0a22364a9d524ceeba13b22,0x0303a1f75d4edf192e8e41042d4d73f5729b7093,36261,2025-10-21 12:21:08
5.890790976907472,3,30.176032130042312,0,15,0,0xb37b70bf4d1952ebf99cc8d871a1ae14b9866229,0x5da3635d9d3c5714bd6462da34bafc2c59fbe655,78179,2025-10-21 12:21:08
9.3761428242838,3,40.99880338698869,0,23,0,0xf20cb7ba1a68d1c04f94082d1b6dbf433e880bc9,0x455c9701c5560f5723e02d6c81db56171b949ec9,25835,2025-10-21 12:21:08
27.477918411927323,2,52.673073626024866,0,14,0,0x6a74677e84150952c2634e5b9bd5120f27ef313f,0x5c0c653158795496d285a14858ec0edcda1880a4,77455,2025-10-21 12:21:08
13.670352952448507,2,30.078979828546363,0,3,0,0xde684c4bf4986fd2d182ca7eb34749156b098531,0x5ff4a9d25893e1d2d606d9c9bfddd69e9510289c,95413,2025-10-21 12:21:08
22.148285549527863,1,56.43566044928613,0,17,0,0x858145fda45281db14a92cc1f5b563729045ac21,0x4f4e99336a91c635d0bd62e84eb59562a006ab9c,87418,2025-10-21 12:21:08
9.090711292359662,2,50.80999539961692,0,16,0,0x2260a3a29a6079f6cfbb77ca8080e2cf6ec7b402,0x16eb70491c2494d1d365e2c3b6a0cd7725ea17aa,53634,2025-10-21 12:21:08
9.138492680799772,4,53.36484137964941,0,20,0,0x611853ffe9d8e6672101247caac26aa44df7949e,0xc725a0f3c8dc6f3ea2d9e7ba7c56c12cd3512de7,67647,2025-10-21 12:21:08
10.16060703705478,3,39.31123024802631,1,15,0,0x6fcb97723dc74db0621b940d89de456d8a4bf3b2,0x29e7685c41af036247e18e44d218a3425429fd09,92,2025-10-21 12:21:08
7.994614629402441,3,43.1277267849312,0,12,0,0x4d99c2471c37ed47f5049fe1f6d93104a9c77bc9,0xeccad2248ebb3b10b6858351aa946b5c024e8098,63003,2025-10-21 12:21:08
10.454303058082827,0,27.31843088246768,0,5,0,0x1569045f6a82792a8784a8c262571e7036df0595,0xc0febd13c506cf888e1c10de912143c6664b93e7,74809,2025-10-21 12:21:08
13.0411586639785,3,49.170953244232464,1,22,0,0xdc68623ce04625bee234550b7237e45cce07406e,0x347dcdf2601bcdc1a4b130c59c01e33849b34688,58269,2025-10-21 12:21:08
8.364275043618653,3,47.33595081261576,0,5,0,0x1bf5d25850523c387649a3c2b08e7f0f1d0f0d84,0x03ee36bd57b3fb7a5109dc87fd0be3fc11694a10,99881,2025-10-21 12:21:08
7.416160228897981,2,45.18252460856113,0,7,0,0xe21bd77eed51ae050b5e91e6b911535b7a92f449,0x03d3113f750d74ccf9ca569529f1cf12e502bfd1,79672,2025-10-21 12:21:08
32.052236252231936,4,60.89147301636457,0,1,0,0x86c8721e25ab93a099c850f2faac0b8313e1ff55,0xac30ae2a34e3c407151a1d72b710067e0fb2b3ee,29775,2025-10-21 12:21:08
25.311456289731428,1,55.18537427650395,1,15,0,0xea68a83ff87b0e66e936aaaa9944e45648dba8d6,0xb764b616a0576e4a2b68a9609ceacf69ce1e6bb4,31962,2025-10-21 12:21:08
53.15329429436625,3,41.64833026773615,1,12,0,0x92336e1a4aa3f9a80e9cd25a325ca26bff08ec91,0x5592e8c2e1e1c6adcb61e3f4175d4758a67966e7,68347,2025-10-21 12:21:08
18.245323685109394,1,57.7427225873437,1,13,0,0x355a773586c77162610a8990a0abb2066a71f68d,0x5938732c8bef4deaa7d858d9259c81264f8abccb,68364,2025-10-21 12:21:08
3.8525577209314243,1,43.12272976420116,0,0,0,0xa949d280bd211d296c5b8f9ca9d2fc4e82b78aea,0x0e7a5c1d50f6823ce54e17999aa7d119dcf628a5,23008,2025-10-21 12:21:08
11.365824825058635,0,78.77382919082646,0,15,0,0x6c5ca5546662a58838171451857323f0f07049f8,0x2576c6d493ab781a46f47e7b47b1eeba44a89be1,90976,2025-10-21 12:21:08
45.34379649557428,2,56.43398107149552,0,21,0,0xf2914bd190a8a9a803f4b1a88f8750d947bd3750,0xee298559327080c13f43bfbb997bb84f10a84230,93295,2025-10-21 12:21:08
5.330251267708264,2,43.53519329271839,0,6,0,0x020326a8e6a40405c760f7bdddf8b9d10f5b3d62,0xc704f074be4659e8eefaaf772cd247e22f7d3bbf,16596,2025-10-21 12:21:08
8.116076111010662,3,41.76832334297515,0,3,0,0x2d76420a2e80e43afd5138dea4e71baf8b661789,0x04e43f53f6fe7aaa0bbde7d3a8112a53476e72a1,37237,2025-10-21 12:21:08
7.552380765386942,4,50.40589541812241,0,10,0,0xab4e2d2cc5d09a85829c29c6e63aed7ad100f1aa,0x5f2ecebc0e7a2c5863c5f98b0e10f440ae077fec,62764,2025-10-21 12:21:08
15.134571270190829,7,33.76121594874406,0,23,0,0x572b578f763260652d210fa4c665ae95a6ef7406,0xb099bbb6303b7af1e864d7daac6a89eba58a02f0,59983,2025-10-21 12:21:08
10.84608650818525,5,34.341972886512416,0,23,0,0x1ae4668459dbfa5096ffe9e633fa52dde95afa39,0x360ce23eed28afe5958d757e8abc345694b4c94a,23814,2025-10-21 12:21:08
11.94200486622893,2,36.71706239651601,0,23,0,0xf74c783096c64f40e2064b3d68f5d85985d8cfdf,0x6d9e92e9793de3d5e7d801ee95ea6da9f4b4553d,76395,2025-10-21 12:21:08
16.27261199882023,2,32.46598281704981,0,6,0,0xf24a4ec9d7efacca61a169b93589a3e68d09a1cf,0x96b8fd179952d19d955438130b9b3b7922b5de1f,11609,2025-10-21 12:21:08
10.041867372808529,4,31.697737443586618,0,2,0,0x8c4364087ff292261836f7f473cf912d59c5bebb,0xfed3aced47d3ad4c3b2f5856c7067cccb601f348,98255,2025-10-21 12:21:08
7.46211284575932,2,41.56808431313288,0,21,0,0xd6bad3c77a62d21ac6d5b613016492123994781b,0x8ab16278ac31d98a1e1cc85a4ae5e8bf0673c790,31829,2025-10-21 12:21:08
11.896769678589177,4,49.98689912135544,1,22,0,0x2f36d5c596078103a15f287c6a664734221d4b19,0xa7e2ed377acfb183e5dc737c6d7b3e1343a79486,60008,2025-10-21 12:21:08
6.440574677452929,2,46.48780634807305,1,3,0,0x39b01a013050211382b5fba92948275deb718d02,0x6dbe42f73f23bdd0782953812dcdd0eb68bdd0a2,54190,2025-10-21 12:21:08
10.67812084595362,3,46.516572721450174,0,10,0,0x35a3cae1225e4d4dfa3cfc386fccb73ae2f08813,0x6f2223e374d29bb4b8530748d61feb17a44b56bc,82704,2025-10-21 12:21:08
5.73981136240217,2,46.658590267986725,1,2,0,0xc3b0b1dc7506ae65cda7ab413ad7c7b458999faa,0x387d505f04c512b64f9ea8b7c9fe8a51fa54d938,21023,2025-10-21 12:21:08
20.321190428485906,3,55.54620628487318,0,21,0,0xf148253329c0ba74f1003fe35a6091e28351ca1c,0x1ecca23c6cc084f0c72afe0adaf6eb34f913d432,34200,2025-10-21 12:21:08
6.18530233860695,4,42.27573099069129,0,19,0,0xec1a4c8d5fd858c4abf05385ee0522618868fa58,0xcd41990a6aa25a7d28479115a158e2e7284700ee,32868,2025-10-21 12:21:08
6.0049019377825825,2,57.51947454513157,0,16,0,0x9c1d4ae5b5fa3c345bcd7bc9071ae63e754f99d4,0x864d90299db892c4d146b44ca3341de5a18a54a2,9893,2025-10-21 12:21:08
11.838692425417651,0,61.102929804828705,0,9,0,0x3d22d267c71d2f15a253cbe9e95c24728e8c6780,0x9d872009d7d96c6c2ce5944c5784960c4929bf12,19128,2025-10-21 12:21:08
15.606204447232315,6,35.842449588664394,0,17,0,0xef69258bfe9a713da4c95c6a33488df0cf44672f,0x9881e82bb2f4c30043717f598a567c0daa6e6c26,70339,2025-10-21 12:21:08
35.137626774080175,2,33.98713510160172,0,20,0,0x015ad5acf4a48ae65ea62c6f2f79982672f5cd63,0xadfcfd351399c3ed453a58b3ea6fa671088d33c9,29422,2025-10-21 12:21:08
15.179699069966563,2,50.628544804571305,0,22,0,0x56b6a01aa08b6a624147c9237e10219de1f3cc59,0xa22443c42575c6769e4e558431cf3ffd1c695f50,65374,2025-10-21 12:21:08
9.402990832777464,4,34.055056391651036,1,22,0,0x9437a41363e51f83cf0d2cd6dd985ddcfd318bd7,0x2c138ab70cb69d08c82175cfe2c498cb791e3f9c,71551,2025-10-21 12:21:08
8.746609796231644,2,49.56355973132696,1,9,0,0x6f1f1f788704695ab09e53237a584a83deb35dc9,0xa8fdee721319f6f95019d79b7c599d610ba5c9a2,96197,2025-10-21 12:21:08
16.311999233720446,4,43.48048876528014,0,22,0,0xa6d13ec7f8459b66fe2c1978a77e1a357c1b70a5,0x0f0ed29c6133b5e6d1052a519c6eb9c74de85b2e,96476,2025-10-21 12:21:08
14.248236765550725,1,46.3885603243088,0,20,0,0xf77ba66da9ab81c0fb1dd2e89c644510a02089ce,0x160e07c5d28b040c6031982561017c87013e7de8,46508,2025-10-21 12:21:08
10.119828589493782,1,32.01674060331097,1,18,0,0xcce4840ab6632064900e2217cb754cd5016072fd,0x678f3b3daf26dfba3cdc0df70fbb28af9b002cb6,58816,2025-10-21 12:21:08
21.968609430247483,2,48.47397486434762,0,9,0,0x3696147f8cf413a45fb5cb05a90fc4afe6dd7aac,0xbbc5ebc4a344ab695ece8df2f652a6b6905deda6,69640,2025-10-21 12:21:08
17.460780262690108,1,40.32261316141418,0,2,0,0x412b693e029de1808e94b55b58dcc8a9f62e6487,0xc19e287a022abf214ddc2b2fa05d9d85fc530119,35649,2025-10-21 12:21:08
9.91819838198858,5,38.5883507060315,0,14,0,0x9b5491ab2aa2c32f6ce5c7110f4684aaf02f726f,0xc01e43723f70b6540e14d86d6d0c73eb1658b834,1392,2025-10-21 12:21:08
30.00650619327103,4,61.17044924521683,1,22,0,0x921bc9d519d4445f29473d4ee00719966ad801d0,0xfdcb4d7054136154bb007ce8681f99c7edf566e5,66244,2025-10-21 12:21:08
2.529832101632379,3,41.833204540657505,1,4,0,0x0a3797bbae81fc6bd32bf33287db9dbb12c96400,0x32cb84fbc0074d4a17b508b5c253c8c7f12e7197,97053,2025-10-21 12:21:08
14.317408360578845,5,27.675054050326725,0,13,0,0xb7532c88b3fa7376fdb565abf5fd6f3b4818f490,0x74e47d6dfebd70af661c8becbfde57dce562133b,12655,2025-10-21 12:21:08
25.57603819442696,1,45.31621973910248,0,14,0,0xa642206d17d33ca4f8e6238077dc6c5693343385,0xcbce4e6d25c7df78b13065cd2f429b67caaf7f88,55539,2025-10-21 12:21:08
9.319787530394636,1,51.055136511241656,0,11,0,0xd22972df3585f2fb534ed424bb46848e43573490,0x3a9aa4c842cf87b751d521d5763776a13f26bd26,17674,2025-10-21 12:21:08
4.717531043705958,4,53.22988592003321,1,7,0,0x9be0fdff76480e250db51ff9d4af9e10dbddbc31,0xaff7dff36861849fa519ced68a18404d1728e42e,75921,2025-10-21 12:21:08
44.816018463341415,2,53.45273297042095,1,14,0,0x8baa2b839b6657afa584a2f43207e3b2b30b527a,0x9f03628fe4baddba569dc412fac8de217c76112d,45743,2025-10-21 12:21:08
11.333594747385783,3,39.61215162152612,0,23,0,0xdeddc94f88feaf146692663a67218bb609984168,0x9c0cb4b2386626e8febab98908251325030034bf,69893,2025-10-21 12:21:08
56.60236240607153,1,50.33695248006193,0,14,0,0xc238e134e3658acecc3ae80b568f0abbc0152afe,0x672b29351bf5fadf514baa68262b1de3b7475cbc,39960,2025-10-21 12:21:08
12.380609558422554,1,29.702510449959085,0,22,0,0xd51c9565149ecfd5d784db639b40c2f15892bafb,0x027dfee3174e07c87df0556073a3a9ec3c5c5514,3067,2025-10-21 12:21:08
21.547381540190884,4,44.039993382661415,0,12,0,0xf11d59548c66affe0991b24daeb37fa358f1c7b4,0xab15652dafdd9948da52e8fadbc4b0922118d29a,78616,2025-10-21 12:21:08
17.82053445383837,1,58.99417926653883,0,20,0,0x952e7d1fc0ab071cc41a381c3fc949ec94bb4c99,0xd3fe5980d2258a8f48dfe547eebdb6639f0cec4f,21959,2025-10-21 12:21:08
10.51037124322716,2,35.87411801822373,0,21,0,0xf17a4577ccc9e6ee79a69544e7010c96c86836b9,0xd8d739856999703532c434be1de2c7e79c720a12,17145,2025-10-21 12:21:08
5.1650520151795885,4,39.054963040509925,0,15,0,0xf9699117d100054f6e241af883197343d1dd50b7,0x1264daaba4f188f0e778d15106272db177bc900b,51160,2025-10-21 12:21:08
4.436816366445021,2,50.99089759263809,0,21,0,0xa048c096d6c4384c08ab48caa7cb96cab58edb3e,0x92937bd77d6004eebef44e0201adba733418ecc9,22771,2025-10-21 12:21:08
6.042351016946255,4,61.41428627722314,0,0,0,0xe4b065cfa60c6c6710fb07681e3751f91f687d12,0x8c201aaf77c19f4d8bca30de05ee6e8bfcf5944b,80274,2025-10-21 12:21:08
12.705453336409624,4,43.0192636985064,0,0,0,0x735bd1d05e7cfe4f091f2ccb18912dd8a277fad2,0x2e3abf29d9860fa4e0390883b0cd5de4e3ebe1c5,22126,2025-10-21 12:21:08
9.748714989766496,8,38.51530799980863,0,5,0,0x9ffddb92723460726a9a28e9e422c3ef4479541d,0xf60269517506f8bc767e734e4f7ea9a8a7a1f6ff,38140,2025-10-21 12:21:08
15.533345357894543,2,52.32151226054735,0,11,0,0x46a2dbd6c0c5fe0e65c9aee084a6b0aa77e81594,0x211912b35097730eaf56f073d08dd7837df79ea1,23861,2025-10-21 12:21:08
12.006913827473475,1,41.64484167966934,1,13,0,0xe5d4ae0126981becd90e038329f7841e39718cac,0xc97e527e016bd7c80817fb65524b14efba280208,23921,2025-10-21 12:21:08
145.29424214342114,12,161.58372347609566,1,3,1,0xdbdec4be64212d11c1ba17c4c8aceb407f29a9e1,0xa4d6f2e8ec0903bdd5ddf881441af88b324467dd,52701,2025-10-21 12:21:08
9.628573732282108,2,59.53840237121885,0,14,0,0xc533dc89db728c0eebfd6e6cb166e859a98273df,0x470fbdd8261146baf8ff2a2e3a71c5d7a8162bf2,4446,2025-10-21 12:21:08
6.458347257871245,3,35.351066998136154,0,18,0,0xfa06c23259c0c9efce69d7281e9a98b45d1454d3,0x4d974cee73daf649ee24d8ed6d780ee6cbfc977d,44633,2025-10-21 12:21:08
10.78111238536124,4,40.042940534251,1,12,0,0x71e01ca308c04788755cb81f2f5767485bdf9fc1,0xd85e67c813330ca187907b9237b7ea232d777bce,64049,2025-10-21 12:21:08
4.659091690148205,5,37.7160968675829,1,11,0,0x5a3440949a8e772f889e658a52e5af11b676437b,0x0d408ce6085db8f66a670e93b681f513c618e5a7,31887,2025-10-21 12:21:08
8.950235543034832,2,52.80201721186075,0,18,0,0x8603c39238c0e16d86d0c65c00b15bc33f580d17,0xc88dcedff2cfb8b37ba50b7b39032e197dcac9c5,98354,2025-10-21 12:21:08
13.04671775617482,6,34.12251324646332,0,15,0,0x7aa5f5b711c0e5e5d5ca16200dfe827e96c11314,0xc774b145a7b91689c893955f6b969c14e0e1547f,57497,2025-10-21 12:21:08
9.651312426748898,5,59.08619493445919,1,15,0,0xb9b618016b40374b18009cf4dde85e4558ce8430,0xb0830bae498627b13b638209a18dc4eea4bc4bb9,15339,2025-10-21 12:21:08
13.112974889253096,1,48.852126522593544,1,20,0,0x566ed05720c63b416d0e37fcb6e66be4abb92f9c,0x02b21640ee03c78e2cf776deba0acea630a729c3,58398,2025-10-21 12:21:08
16.412257953153393,1,51.12269810105393,0,20,0,0x67f65e8ca54a593cec534ec5f0d5f506b947d494,0x077621fc31cde0b8e422daf80f02ecdac4cb04c4,73148,2025-10-21 12:21:08
19.1442990709885,4,41.55016838042933,1,18,0,0x133f99f720685cc1d1ff05fdcf7e0b009463009d,0x570b8a80595771b89049190c6817459dbf6c321e,33442,2025-10-21 12:21:08
2.143085842996676,2,48.72842248655825,0,23,0,0x24c48f887da87cd777492386b8aafcadd6b7b273,0xea0f3522974198bde0f542eb004672672bb9e74b,52964,2025-10-21 12:21:08
8.379084192207486,1,43.703269479713995,0,20,0,0x50165c9b46193475549ced40bd38ee1a51848bc9,0x4755bdc590021813add69eb6ba5d4d526f5d3108,65799,2025-10-21 12:21:08
14.302514892952068,5,63.4804019177085,0,2,0,0x4b8e1a67201ee94ed840b0c1f0e71ba7a403b15e,0x7e39a0340e8d6bc6eeb0b897d5df35a318ef916b,51279,2025-10-21 12:21:08
29.56929307788432,2,38.66410484506187,0,19,0,0x4b8b2496823cc012d966082cfc21e25fcf931e7c,0x2a32de25ac51eddd05c0b5dec9504f3f57011859,88975,2025-10-21 12:21:08
13.088686368266687,1,66.56349631729299,1,8,0,0x09e7f1f8c3362bb92392978cc4bccf2625a36d5c,0x8e3dd88084ee99a641400139b8f5a8480fce0516,52272,2025-10-21 12:21:08
6.256710030460925,1,54.811497155703535,1,22,0,0xbe6bfb3bbfdca596979e824b9e24126d74edf232,0x8fe6dc8ce3c6a90e958ff5db69e03fa658f3daa2,92267,2025-10-21 12:21:08
8.849664035446805,5,46.87941776432756,1,6,0,0x2f83527bae3ce71812242db7d96acf051cc79c76,0x0bf704d1bd5730cb641b554fccc58ebe8f6cf2bf,34381,2025-10-21 12:21:08
18.018404847725414,3,40.64861252037966,1,12,0,0xe70f70232b1caca28fb1e42fc869bb2e1b14811e,0x8ccb96e309fb5fbb55fade384039a2da75996910,59373,2025-10-21 12:21:08
18.627726843863726,4,48.07039237251822,0,5,0,0x7fbd2e255e54f3b8a3dce07a7af286ec64fbb2d9,0xc15cb47323e8b7ae7af5ce4dfa7bd39e58bddf28,4412,2025-10-21 12:21:08
4.048217966998839,3,40.673404866034076,1,2,0,0xb42c203d8b555c414fa929a1bd3986f98d218593,0xca726463ec26bd54f35e0eb7d5dfaf473e146461,1873,2025-10-21 12:21:08
8.537954374522656,5,60.06147240774946,1,3,0,0x399c56ba94ed79b0fd037a7549f9e1c4b417de94,0xb0202f2742479ea906cf432b6b9cfd1dc7c391dc,24245,2025-10-21 12:21:08
16.912282632203937,5,44.79078962616923,0,20,0,0x4eb0c0ae07c917cb5c453ba2a38ce7a7fe04f5dd,0x1ae9097a751f286dbc4460f0287b2eb73f6d14b4,85994,2025-10-21 12:21:08
6.400359652924244,0,46.661406130783305,0,21,0,0xe8d995ec00db62640ad7c85181593ffd53facf2e,0xa48c819fb8f04e9029bb59831409c6aeb1e7d8c1,78379,2025-10-21 12:21:08
9.299500761065621,4,40.409683268211,0,6,0,0xba7c4072382d4bf752ff7c45a2738408742cd8ff,0x1cdf98b7608351c4a0b4fb746b707aaf07eded91,21664,2025-10-21 12:21:08
15.881650556464693,4,54.4563342756763,0,23,0,0xbc6ba7f25be3c231474167ab32e791f6974f6b8c,0x3003ebcac3373e4ab9a19a986cb03f6b836772ce,5535,2025-10-21 12:21:08
29.450244035448957,2,59.6644239118858,1,20,0,0x7432ee53a3c6de9cf40c4cf5025dee6668126f5d,0xeeb4ff6f57f17b9c8c2a4741939d88d975440642,88782,2025-10-21 12:21:08
15.312891126436213,1,47.270288603889455,0,9,0,0x096f13635dca842538194c896e4713c56a7c3861,0x403e913faefa3c760fea27bdbf2c5991d12271f1,39705,2025-10-21 12:21:08
11.058823023212502,3,35.973456400121805,0,8,0,0xefd86428624e22b684ba332ce79b021fbfaab65d,0xff7ccd4866c647f729d74cc283e5d92ad2e4ab20,62302,2025-10-21 12:21:08
18.663616387874512,2,33.768049491246224,0,16,0,0x02a39a623da638be51a07a26fd32d8e555ecd253,0x15c1d975e5aa54ecf15c7eabaef96fd25760b63a,14850,2025-10-21 12:21:08
23.951311495746303,1,49.592041815995294,0,2,0,0x12dd3facc0ce6fb4ba8d5d785c6551e45943b557,0xc9ec271657318f22f4d8c03931ec70e9f56bfaa2,92391,2025-10-21 12:21:08
31.429385129262425,4,49.891783506377934,0,9,0,0x790f1a0967e22f67dec5716bed45d686eeba0ee4,0xcb9bb491bbde5d2eb028b6f3cdb6c5dc9c11fa9d,19065,2025-10-21 12:21:08
9.703856224328034,3,36.99777264600096,1,19,0,0xdadaa3ccd763ca25724909b97f67d16d3184639a,0xa2a5376c574803158dd785add854f2bbb288c224,43101,2025-10-21 12:21:08
6.2726506442887,4,37.49279665507187,0,5,0,0xa320e180413a6402980934f922f0e5cb3f752b62,0x001951158321b1fce16c56214a9de6e158b7bacb,12006,2025-10-21 12:21:08
8.310898482130678,2,30.17768576322691,1,16,0,0xfcfd87e2cda12c328cfbca9176055e8b9a76c6f4,0x443bfe449614b147de42ace4cf909ce100fe0e56,3097,2025-10-21 12:21:08
20.415289246756604,3,38.889149375232826,0,2,0,0x1fe9cb40eae95e1b0ec003bd4d4a0cba523f4fbc,0x4e3363abc4a54dc6ae555aafc25f812fd22df5a1,21702,2025-10-21 12:21:08
16.831524652727765,2,38.15187890261104,0,9,0,0x339c0111909d70d70d9f2871ee37bce8607db0fe,0xcb8e42e7d6450cce5ad9dfbe7c953084be029fcd,92609,2025-10-21 12:21:08
4.629137090962403,3,39.66995918173666,0,10,0,0x8739dbaee3d35e13371e7b9a188f59b46ec77224,0x7d8ef51a546c8cf9b9af5422431a12cc7e4441af,89884,2025-10-21 12:21:08
19.474262521217728,4,39.43282102142837,0,18,0,0x4140a6dea6027ca82d55e545595c7daf5b265da8,0x5f0378ee5fa95ea3e6da40ebb8790e08e13da092,49390,2025-10-21 12:21:08
10.428836530549274,4,64.53059695539896,1,9,0,0x3058c71f27ba87e902ca70b63b637b599cf7b08a,0xf5fed23deca8247e46b9d5df7bef56747155d6dd,18548,2025-10-21 12:21:08
21.662063301602924,3,49.31009692130077,0,11,0,0xbee85c855c32f2f138627dcdc80b08862f36e8e7,0x6382882dadefc20676d6daf4693dfe0a93e3d3e5,37524,2025-10-21 12:21:08
18.501142158466383,4,32.15272233582533,0,4,0,0x7055e4a02b3d96fef4f1f2cd0d5cc731b3934286,0xeee03d004bad98f8c058a01e924a9a7aebbd260f,28515,2025-10-21 12:21:08
11.13358980894159,3,51.092388308897526,0,4,0,0x8e6b9c34c6e5e827fa9a3804b345dc07eba2668a,0xaca9ee414495a409e16f2a7c12960f94600d3af6,31117,2025-10-21 12:21:08
11.432166300112298,6,32.039513071760716,0,2,0,0xa6b739397d3c392b2a3bcdf1b2ab1dad5c21874c,0x05dd3f4ea11985afdcb2bbe1868f774e6f49653f,11461,2025-10-21 12:21:08
12.641788954427,1,38.99112824146187,0,5,0,0x844cffaa3b2c9836e46b7d7954efa1be74757c0e,0xf65690ed89720ca1ab56aed1b7f5445df026561c,73554,2025-10-21 12:21:08
25.225581537492484,4,50.83837081539059,0,1,0,0x8d82c4b67e62ee6048128275649b69a9c2ea458f,0x54291bd465ac25d8218adcb4008a71e0983c5a3b,40329,2025-10-21 12:21:08
5.216211133518576,5,60.76172527741379,0,7,0,0x37ded79ee5be7ebd403a5e8cd35c9ca489d5212f,0x93a7f842cba61c1dcdbc858c4b01297a22fc6f83,95878,2025-10-21 12:21:08
9.161938711573441,1,42.29729632325391,0,7,0,0x5977b400b61c394798c084394d8f79cb4cafd940,0xb384565bc1818c547e1fd0d6533a5616cd96b527,86845,2025-10-21 12:21:08
21.536140583212994,1,48.60755754663835,0,6,0,0x82049256af331ff16a44b161cb44212a4bc5361d,0x07bfb6107e3acbd9fb98fbaf3cacbfaac7704a33,13050,2025-10-21 12:21:08
16.86998531625214,3,47.39872752284725,0,4,0,0x5d8943d85be3e0f8f9250522a6a85bdd08c412a4,0x8bfab2f7b873196f25231bae496145e5c1d112f1,89561,2025-10-21 12:21:08
6.452527321594665,5,33.25797704279854,0,2,0,0xb1dbcdb27fc5b11065ccf5427247dbf2d4a50f16,0x894f874c6b19e9645f8f719507e0e1391d4a6694,80684,2025-10-21 12:21:08
3.493284304901188,2,43.471450081857746,0,4,0,0x8cd934b3a291d2ffe1d70404d2e8eb09072a6941,0xd2f4fc3500c75d89bb0e60b6e6c7dc47f9c48a7c,70047,2025-10-21 12:21:08
9.11079119238142,5,23.37967700072561,0,6,0,0xfdca66254001628293af736fa4573c5c9f18b8fe,0xcda6c6255ad41fc964df1cd3ba0bb7e470f7c462,34036,2025-10-21 12:21:08
9.082380560241486,3,43.68888661319517,1,7,0,0xb9955963f6e90cd6bc0ad795dd0ab0fbccf36447,0xcc2c8e6af534e7f0f12a4cae744e5888ebaac456,81075,2025-10-21 12:21:08
8.618041085627937,1,43.01940236781093,0,17,0,0xf133a75989839625c045bbb4d6b343df810e3ddb,0xff2c01380c53511d645fdd3d0707a099d35086f0,91032,2025-10-21 12:21:08
418.8872563040069,10,135.40161030889462,1,2,1,0xeefbbc59fccde730d825f9d7a4a6ada9d80ad710,0x914e2047b050742bebb7972f60262fea62214a0f,1960,2025-10-21 12:21:08
17.944622873369507,1,45.14287211883989,0,16,0,0x35ed7ef00918b362a008d3ca240f23cb582e34e7,0xabd3bba392e437ae7907ac83aee7ebe81ca858aa,59863,2025-10-21 12:21:08
24.953846467645366,4,57.205506039312326,0,14,0,0xf8226800db152eb742d771426181a1522e91dcf4,0x7ed3a6e2033ecdc4c3844d76b10009c5485d99bb,34433,2025-10-21 12:21:08
38.119059692817885,1,55.008204977684144,1,18,0,0xbaf4677bd25efb43953d780b0357eebbf02b391c,0x4c640834ce3f5803d922b7f769b4143d7dd50470,84995,2025-10-21 12:21:08
16.808856265023117,2,21.089214347160407,1,22,0,0x82e3e30441e0446a991dcbd744eff8e19ea140a4,0x0bbe2dc0dd5c4b42f101e9f894fbfa724bf6b122,54898,2025-10-21 12:21:08
39.600236075683874,3,35.17980502789095,1,3,0,0x475a5f447df085812041a08a85aa7ceaeb8e4e1e,0xea8a0c8dd0b96bda397005ee4e41131343f5bec2,70105,2025-10-21 12:21:08
24.8880499073708,1,24.465134513441114,0,8,0,0xe32969997c41bf8d04bb277cbb03be9e788187ad,0x104389087d9bbae3ac1e29891790fe32c9122d82,44297,2025-10-21 12:21:08
7.556321410957194,2,46.1041804694612,0,23,0,0xacfd8824eca2f59fc412699b42357b6b2124d6d7,0x830794186515bd6dbfde4e4bf3d9b0962e4cc713,74208,2025-10-21 12:21:08
17.40665501110214,4,36.906533152051196,0,16,0,0x5efc1a19a4ad4008de67bfc42c2b20aa2c179d95,0x8ace178bf2e439c9b77a44ed040bd36abaf1de01,23011,2025-10-21 12:21:08
17.147636798979207,3,54.38969468704792,0,5,0,0x40116ebff65d738722bb88ca49dd02a4330e5b9a,0x624099ef973cf9179d41857ebb1c4a2f7085c02c,47311,2025-10-21 12:21:08
38.3076641407829,2,49.09140922775994,1,14,0,0x309d54410f6f42d52f55d8706a818f5276b7760c,0x77297e5e610acc0d268ec157a89b244ba70a2553,50790,2025-10-21 12:21:08
22.39017035272886,5,43.528072492319886,1,12,0,0x9e997f4c1118d42e58a88a9da34bd0a9516e3e38,0xe49c2ec3dd9f9054dd4bc38aca8c462e00224757,24964,2025-10-21 12:21:08
22.95725676506294,2,20.23207933122913,1,14,0,0xc05156231684a487016250f71017c9d4b8b27369,0x60d9e7042641e0d955d78c1c44ed97844e2fd562,49964,2025-10-21 12:21:08
18.085790299207634,1,65.5451488940476,0,12,0,0x972207e16ea6d6369fedfeae78654e9e96914c75,0xe1fddbc185d1460dac7ace507c46931b73d78cac,83119,2025-10-21 12:21:08
6.773218183505681,5,67.40926556205793,0,7,0,0x50f126b9548968aa2a7b8131c6d3db57edc5350e,0x373d701bb92197e9ba88f0dcffc877271136b31f,87557,2025-10-21 12:21:08
8.61810202990283,4,38.06195582098177,1,5,0,0x5aeefd9ca73855374fb06756b63d3dfbe0124e98,0xd47cd668b439abe8aaca0efc5a2560e574467de6,69913,2025-10-21 12:21:08
9.415494424907926,4,40.734287471694266,0,23,0,0x4c5d63f7fa5a0513a39fc949b15a28e52f2453b4,0x258d182291cd2c6203c6cc5bb92e07c1423d22ee,25746,2025-10-21 12:21:08
5.750759046413182,0,46.602688574175765,0,2,0,0x29c377031340b4646c8c70dfe991540df12946f5,0x29aae7a01186967c19a0fb5eeef2c123499e3756,81073,2025-10-21 12:21:08
11.329739818549506,3,54.877285159246,0,21,0,0x253f23a7029eb7bd9f82f89fea93b3ccbec6c59d,0x3bcd64ab181b12364603f1513d474b1e9ced7790,85418,2025-10-21 12:21:08
6.037861533879777,3,50.72471411779736,0,23,0,0xe27bdd419d26980b5ad8626b1910e207ca73e011,0x8708ea87a965450f08e5f2828d40a49f1c1c09e3,56910,2025-10-21 12:21:08
12.296902833899225,2,49.799397411482786,1,11,0,0x186899140139e0b7e5dde08e0ae3f4fca8fcbe1e,0x34ee3c1475460514f93cb68890664793a0c3a1cf,31096,2025-10-21 12:21:08
4.476536101244086,4,28.288528352046512,0,22,0,0xb8bfd03a637ff65f49273f70fac1d1b54c99c618,0x2c3f6b8f319ecf93f7a1bdb74c17131526508b6d,89342,2025-10-21 12:21:08
29.098486562894617,0,22.442086689052523,0,18,0,0x10fd1a2eed56a5f0e8b7b10f6f22fea98d1dc43d,0x0335fe2c12c3dd7ab70db83d3ddcbb36169afcd1,20946,2025-10-21 12:21:08
30.035973896083437,3,41.99325639556317,1,21,0,0x0f55a065dd3629a55ec95e2e94c05644c5636ee4,0x2aa4d0ca7e53ddf26bc58159033887e7af4a2c9e,82667,2025-10-21 12:21:08
10.93219441400951,1,47.95195368158836,0,21,0,0x609b11fe686b524918588fb6fdee430e85de1b6b,0x496cf7f71633c86b4d46bdc8f596cd38784affb0,11149,2025-10-21 12:21:08
10.245154034292963,2,47.08491970575581,0,13,0,0x5c3f5ffca5402619907659450b8e0f3ec2309332,0xe7b7c66472ea4f998ffa787d56bcdcd5100b670b,87313,2025-10-21 12:21:08
35.89378855407258,6,33.48773342492856,0,22,0,0x76819251ffcfbbf191b1c4bd06f0046268a3ef4d,0x0d6acb4c88e6b611c9a0df64066f92236cf6acc7,23543,2025-10-21 12:21:08
17.572785855981426,2,40.55053609104747,0,1,0,0xff78f4b418c54430f50916c077660c28446a9754,0xc84ee9a70ea1778b6717eeb29f3b66f50829e3e1,33172,2025-10-21 12:21:08
16.17648249149287,2,63.418156093866074,0,19,0,0x0999c852bb9eb6f3c2b65da3d9715f2e7fa7aa01,0x4d5a5daddd0dd39326362c323eb93fbd32a5feb4,71000,2025-10-21 12:21:08
31.32423433839339,5,44.34589766404606,1,1,0,0x3023924ab9677a1f0cd505c689e90638a3106b62,0xf5b63da80b7c121954c686a8c4ed223b12a8f8b7,43586,2025-10-21 12:21:08
13.155798986007976,3,57.57613112576651,0,8,0,0x49bdb6f7db8990855d6f866ab2983f5c6bcb8cc9,0x1cb847510336139ea06aff2b7cb0b0cdcfce84a3,26704,2025-10-21 12:21:08
11.626624478449,5,56.08444601722893,0,15,0,0xb2da1118788099ef804f374b80750c13edf4d096,0x378edf6e71fee963797ff9185a4edff82447d8be,86010,2025-10-21 12:21:08
11.924738533493214,2,55.7147593025456,1,2,0,0xc3ddd0b588a36909c8fdf0d859a638b5b5fbd9f5,0x84d19d5387fdc512153f0851e2788434fb02a8ee,8205,2025-10-21 12:21:08
6.330759048680888,2,54.17768197795137,0,14,0,0x3c6d1f1caa58268eb8201ea7f6027f642640421c,0xb7cdcc302cd33c05aab8716251735ff201c9d7bd,76514,2025-10-21 12:21:08
20.694456578942727,2,34.10657362287894,1,1,0,0x293dcc0380a6786c89cd201de9c0184312e8dccd,0x5b386e0535a7c82d19662d49e727e2324beff746,94371,2025-10-21 12:21:08
10.318227795520087,1,30.93280567440442,0,23,0,0x27b0be4131241874a043edc8161ccab2d29f7105,0xc3b915b4770adb721a9397c4ca672668256d8feb,96142,2025-10-21 12:21:08
353.86168549077104,15,109.18517092954428,1,4,1,0x5afe0489a94b65a9f3cb19c4bbdd9c8c22cbaf6d,0x33badf4c9b4e0b7f782bb5ceea9838535e5f3940,59775,2025-10-21 12:21:08
4.939024171638305,4,35.190532729866305,0,11,0,0x917e679f54a3fd7d1e5dbfd95414fe2667abfd9a,0x8aea6445ade7a2c72f9d4a41ef029366cf832b29,15344,2025-10-21 12:21:08
3.683114090036707,3,55.45460240482252,0,8,0,0xd80356a450da41edaff109f8338436cfc472d7ef,0x9d0f534d179e2d6887ed2ef4906ad3d8979e6e9b,89932,2025-10-21 12:21:08
3.9546674656875003,2,25.01655032855374,0,4,0,0xa5dc8531a2694665e14eae9570bbb96edf4dfd6e,0x31f27ff529acf17864d7c2c3a2bc272560edea77,93199,2025-10-21 12:21:08
32.05112797429836,4,37.851927410085295,1,20,0,0x231b54e0e07ef75a80e9e7172562d1e0d4004f29,0xa37fe562f2caf9e989e9bb8b282c3f24b381972e,70608,2025-10-21 12:21:08
33.335419769491594,1,35.278377820566746,0,3,0,0x2a6e212ea38feb1d54545b37b896fdddab046e44,0x8165725a1ca9ce962429ee0093409ba2215dc134,99205,2025-10-21 12:21:08
36.89309460439252,3,41.52475057481142,0,8,0,0xb44ca40b5aabc57d41fc6d04b4b21a3692cde56c,0x2000535a040385bbc396ab9f90c0468897a1f0f2,81819,2025-10-21 12:21:08
3.696766990183764,6,54.4438522283539,1,0,0,0xfe12f807025a762b50788fd3366fa56d08dc57ec,0x00721fb50b136f1337e6682ff298b12b895486d1,5575,2025-10-21 12:21:08
12.968465273443227,3,41.00229488556943,0,23,0,0x4b6290640885a86f7a113074bfd6eb14f881da1f,0xb98ae5d203ac744133fa86cd6c88401ad75e97c2,62103,2025-10-21 12:21:08
22.62615920109876,4,46.8863108156798,0,5,0,0xf42c0ace042f8cb22f2d02f476fbcca33eb3771e,0x25a33fa3164d4fd640f1d4cc6cbeb917cc4852db,64963,2025-10-21 12:21:08
13.599267783818382,4,46.03381996212095,0,19,0,0x6badb41c2a6f55bf65a1765f4a5d21801a990735,0xcd5f80e07bd6accab07482c4cf69a720ebcc54a4,60255,2025-10-21 12:21:08
3.5112280937967,2,32.75597792952728,0,23,0,0xa479607f362e1094efad2a270c1063229a214049,0xabbaec5d2fcf4feff9af078346cf9f4f37aaeb51,93695,2025-10-21 12:21:08
13.039226618241871,1,28.119656748023218,0,12,0,0xdf76eddfae2cb8a9fc60535dfe2426e43e966f98,0xa3c2b1e5ae90937421faa5b367e8c683061de9a8,15987,2025-10-21 12:21:08
10.119584184117976,3,44.13662141753273,0,5,0,0xe2aa9f76815426e4536cc64e669c7da03a027cb6,0xf58b786dab29b42cc26bf54b4a70d348fd08522a,49218,2025-10-21 12:21:08
16.18614223198571,2,43.28743695175066,0,3,0,0x23114c1fa608e90a0df86de9b32b4155fb0b9805,0xa3e4b854ffc55896dce6346757d8e0d3f84a3811,75813,2025-10-21 12:21:08
10.190560982577207,2,48.30867028406351,0,13,0,0x67f1a7a9de11867f095041e82f96e1939209545d,0xaee7f745a47f556182894ed09f3f52ccb5dae099,95033,2025-10-21 12:21:08
3.256706556653024,3,52.963400197488326,0,17,0,0x0af73672d38eb8f62da36c55a39f789679132516,0x8e8a31ba76059b41cfcc459c5ff103ebee38bd0a,68823,2025-10-21 12:21:08
5.239413275801377,5,41.28537978912315,0,3,0,0x737720a2f9ebdec0bd173dc862d0ec0d092f4771,0x9ea074859209c5a2326bafa845422346d841c845,62298,2025-10-21 12:21:08
9.799161920822437,3,38.2055501508225,1,19,0,0x886fb9447e7455548d0e926c81cacd374ba7ba1b,0xf83addb237b66a012088d4aea3281761b21eab23,89110,2025-10-21 12:21:08
10.20655532747659,6,47.92148842118799,0,18,0,0x7f54c160d5250019e6bdb3334e1a62a2ace1533e,0x41bfbbb6b3adff038cd4e1b5619192eba93e42cf,40404,2025-10-21 12:21:08
8.245061858471036,8,43.88152895913687,1,4,0,0x7bef1615c475b6571b64dbce8efa877d3b71a434,0x3651be61cbefbeb205ac9c383a957428a2e8ce1a,86803,2025-10-21 12:21:08
10.74528308783296,0,60.66854707213786,0,18,0,0x4f460c160f8b2a53f27fc1c27f2761f0016ff862,0xf7bcc5d84d3ce10379801cebfb27a82b3f72a5de,36178,2025-10-21 12:21:08
5.235810917455258,3,45.07560180394133,1,20,0,0x778abfc8bd8393a1e712810463e3a25bcf7acda1,0x0b6d4ef37760952792eea74e4723082700b5ba56,47399,2025-10-21 12:21:08
14.95511804602936,5,64.35861025680605,0,15,0,0x57030d3da8554d2d188613a7954af91000ea53a8,0x0238e73f9d6fe8997bb4fd8d4dae2ee5b21d6248,2019,2025-10-21 12:21:08
34.34738549402247,4,44.472448919992345,0,8,0,0x8255990e8359b7075f0bb8c89d7d60a07c97077b,0xfe38b52ab079351cb3715f17ffd2ff85e2a1df7f,28797,2025-10-21 12:21:08
27.91866313106246,3,41.589070678583916,1,12,0,0xe9f9cfdb2027d7fbe61c497c25178035d15a6599,0xee376be1e63578cdb32d1d3ed12e0fc650ec8fe5,83505,2025-10-21 12:21:08
9.467718029082041,1,44.706482978843056,0,16,0,0xa7421119be493fd1464a7b5c8947fd56bf733a51,0x40ee9416a53a2cf428b591678f30f790417f45d6,33289,2025-10-21 12:21:08
347.54259351442676,18,185.67171966188073,1,4,1,0x8b71bbfd093da3d14b22b9eb23a4383a69a4988c,0xd348573ad3d7a2dbacd4b20b25a5628c9d81d7ca,37148,2025-10-21 12:21:08
10.49163608354353,2,46.02541439817522,0,18,0,0xccf75cba5be168e8186445c712962056f80af896,0x11e570c773f510ac6622ebe9bf0b019b2374e167,19458,2025-10-21 12:21:08
29.832939678027078,3,46.48547903592639,0,9,0,0x724fe2615918e545cb55e9586af0985f9e7df22c,0xeccce259795957db01af2603276f0a8a36b52d56,17643,2025-10-21 12:21:08
12.88040211998604,6,49.33747609348535,0,21,0,0xdb8b844266275250563e324bca0513d5aa5b960b,0xa493a597621e9b48faf949a0b8fb1cb15a2f4ef4,17348,2025-10-21 12:21:08
18.791954285509842,3,26.170165533282734,1,15,0,0xf5877ad5304c4d60ca5e60e298c7cd957b1cfcb6,0xa2b7c2f5eb9c4aaa65a8efa1aa95b9c9481b7e60,2091,2025-10-21 12:21:08
10.36740537137318,2,28.967831533859037,1,13,0,0x121a4c945e5fe6d73824ee2e1ba4853694b6fc11,0x237171b27a8be4ef3e2ed2831fcbdec32de431da,7756,2025-10-21 12:21:08
11.631756353566043,3,53.09657530148241,0,9,0,0x8ee308e0dea18a2a028b14090db6992e00caea42,0xe90002e13267ba45de680ece1081148ec29def79,20881,2025-10-21 12:21:08
7.328883543593757,2,49.82533709821185,1,0,0,0xa3516473db73add42faf384c3361326374882838,0x0dbc917083f220730a49779bff2db3b9f3f25254,44857,2025-10-21 12:21:08
5.490879102492799,2,37.9488947983404,0,14,0,0xbfd14f5210a637771c479110f5dfd4ecff0a774a,0xda17a66583d4fe8e22dfbfb795cf127ed4cdee12,84902,2025-10-21 12:21:08
15.478959785912108,5,53.25923583030653,1,10,0,0xe272c3ad66385763b1afc1fd77b0c030909ae409,0xffa144851fa06695ecb1cdf73a6f76b27f3e7e48,52792,2025-10-21 12:21:08
12.913154617885949,2,64.74078687745023,1,11,0,0xb5e39caa4d812c2af8294555050f5c9e52251eb4,0x2fd131aab10707856500b02ed6a7b05b7b4a1e3f,97422,2025-10-21 12:21:08
19.95013870606558,3,47.496094582097115,0,17,0,0x924dc21345ccddde1cd22506c76360fcec7d9e92,0xf3e3d75890014a5a206f068ec0798703d93b0cf6,20240,2025-10-21 12:21:08
12.4828414176421,1,35.92673440627735,0,15,0,0x80ff507d23b53d78407dcef1f55fa6b809cb7a4c,0x6f9872ac19bf275a210f722f4be484d6664d2a67,96352,2025-10-21 12:21:08
35.756594658871265,2,61.056779580824546,0,21,0,0x577ba66bb07f243929428fac8c524a7f824cdedc,0x35b491b0bdc5f9f5640a53a61d86d4b10c4df94e,28653,2025-10-21 12:21:08
13.273450761576468,0,46.23419133500961,0,7,0,0x111bf52f9474151c716d33ed73787345e8c4fdd1,0xa28af9e0b4a3c1b09a35791ba153983bd1eb0f5a,8435,2025-10-21 12:21:08
29.639311767356187,20,184.6647313463231,1,3,1,0x65abd2f72ff9a38c31897e3fca55a18f541cd9ee,0x05753b144721d01107e79e32cf07c73434eea380,50239,2025-10-21 12:21:08
12.568171309681874,4,34.36963727146282,1,4,0,0x063ac64f04b3091cec8eb0937496ea1330b7a2eb,0x9926c5ec7ddb5aedb70e849103cb972ee931119c,13315,2025-10-21 12:21:08
22.329088681132582,4,59.13769648291259,0,15,0,0xcbc31b94fb4e2d7e0cf10f5e3906846333c47368,0x09fd944ac2f279d63de79856abc6ccbf4cacffe3,55701,2025-10-21 12:21:08
12.663003715547621,3,53.09258628123298,1,14,0,0x53f473c3650e8c49a147574392f1e8e09de15c5b,0xc1fa071783057d0d4af065bf3bd7c714c02eb29f,71284,2025-10-21 12:21:08
7.313249678752475,0,47.68775789148641,0,19,0,0x07a3d69ee8f1602327abdfbdf6261fbafa269c4b,0x2291e6e63b7e997dc355efbc4de3cbde856dfbd4,66885,2025-10-21 12:21:08
6.037150833613172,0,30.27645938489222,1,7,0,0xec875b325f84b66fd68171ea0b951dc406c0bb7b,0x1a5aa29ff52d7ff60cf3f1aaa54106b8f8da92ee,46542,2025-10-21 12:21:08
14.328837219665044,3,51.443105001082,0,19,0,0x442153ec9b3511c9ee9c351d6a7851579e0a5ba0,0xb59e0a05b54b59458c6df285d43ec90640390936,33220,2025-10-21 12:21:08
5.313868820660336,3,51.635978685607625,0,0,0,0xf5932232830309923df38526afefd36167b653c8,0x8fbbd1b3c057dbe2acfb4a0b404e8668ca476556,76430,2025-10-21 12:21:08
10.493807531577072,2,47.64481684951374,0,16,0,0x04afd0a9af055a6f9c8513ccee81d6d3d9da50ad,0x9b2a4bd14eb7cd6b2c61f39164bdef8613291175,95858,2025-10-21 12:21:08
15.607614007142132,7,45.60785372501303,0,13,0,0xd75ad6c56425e9e8581a0dc34967fb0507bf0321,0x27240c09b1a606efe984aad5edb9a6db7ac11df8,56658,2025-10-21 12:21:08
16.945990538007962,1,46.69974539749269,1,15,0,0x75cbe32e5542a98d54a60608566019278ea7b511,0x56b407cf0e0143300c91cc109a7274ab251a0c82,61250,2025-10-21 12:21:08
8.496181149812632,1,55.56101251669989,0,17,0,0xdcbe96850de8d6e212e1ca9ce1352844e68c0812,0x68e383158214c6a538c0dd9064e3fd42c08b495f,29371,2025-10-21 12:21:08
14.402423590761732,2,46.14845090277753,0,0,0,0xb49b34c94b4dd9994a1a09ae72bf67ab5d5a282c,0xe79d592fd7165a1d3ce2026ecad52c1d5cb61d62,15349,2025-10-21 12:21:08
24.8143593782338,4,30.73350789189653,1,3,0,0x45eec0a86ab0564c46220d71e2699af78d76900d,0xdd54bbe0b83426f933f82c42fc15741b4dc9bf5e,63197,2025-10-21 12:21:08
10.261483981656136,3,42.26372389606732,0,5,0,0xa7d61896e8ae0a29159311585f3be8156c2368e4,0xb0bd268d7359deea8c6d9fa15f70a0031636b9a1,60514,2025-10-21 12:21:08
6.410576087917701,4,47.321945046423274,0,6,0,0xac178aaf19903c00462649a760c06587cd558b38,0xc2b08ba5cae9c96a339c9c70a633754d8bdfd161,72960,2025-10-21 12:21:08
7.7505073162607205,3,42.94160140078656,0,7,0,0xaa72a362c274b4754047d85acec927c41f0af71a,0xfdfb42855d28b6d49df6d91545abecdb7bee2978,70223,2025-10-21 12:21:08
4.87737034676382,8,42.69213847897278,0,16,0,0x2807b17d1623befa0b90cba9eba77131ce7669ee,0x4f46c32cbed28a90d87d0735f70e310c3b2d80ea,84544,2025-10-21 12:21:08
16.970795799727224,3,42.92683903991755,0,16,0,0x2ba4d09ad330b6404797c1c015c4f37e43ca7b08,0x5d33213660f9c2b32d563b6de500b3636539706b,92313,2025-10-21 12:21:08
15.247780354091642,5,42.985800999230264,0,6,0,0x1dfd789783a12cf74a32a29e96adb7c47cf83141,0xb0565c37a7f1dcce0d769a14461884ac1b63fa2a,81434,2025-10-21 12:21:08
135.5600691996929,16,128.48137823383024,1,4,1,0x9159a9014949b2481c5e7f2d1a0c0a3fb56cf779,0x6606c94f679eeb6c9f135cc84b1373f737c23984,42937,2025-10-21 12:21:08
14.148805594254386,1,44.168282280653806,0,21,0,0xd0b7b902db4caf99db775337a27398b19cd03e8b,0x2e23e16687247e71cb0f40c67a52db9011919418,92981,2025-10-21 12:21:08
29.605687357634203,3,30.999287655982613,1,14,0,0xf6d889e88df67b18171ab721550f6bcbaeb03c5e,0xef5629637842da52565361c45549474efa590003,55341,2025-10-21 12:21:08
28.969940630759158,3,56.911730449400956,0,21,0,0x7aa796a4c57253c2235ea01c3b98797a6db5dd65,0xf24652d112922d7fd258fd75cfe94476ea4ad95f,31000,2025-10-21 12:21:08
3.673260140045661,5,27.315845743619278,1,10,0,0x2eb5b65a15cfc10e9994f3f8e8f82d9bb2c2a945,0xbcec4ad8a5229934b89a11d0e70c51839a414640,44680,2025-10-21 12:21:08
15.479767885356793,5,36.61638119999192,0,3,0,0x52dfb15c3813aa14e238ce9a4f8fffc49e870c24,0x81c3fd508f878c38345a6a21be492eae265cab26,99229,2025-10-21 12:21:08
7.316216906465355,3,42.241600401035434,0,8,0,0xb29ff0da1c1f351fdf5ae07272032708ad854adb,0x9a950d432272a14929f2781cd07b99e5bc8bce0e,70060,2025-10-21 12:21:08
7.001049401599414,2,33.37061013147087,0,22,0,0x4eb56729f04a0d1bf72ad9e3af57e0d1ea5e7b7c,0x4e4218a6efe820155fc189d033d0b458a7e35654,15030,2025-10-21 12:21:08
12.00742186957889,3,28.428564148676955,0,6,0,0x23933e1c578c008afc3ea6190ad65293ccf06801,0x06a64efbd8b204351fef477b1df28aa68c3a66c6,23690,2025-10-21 12:21:08
44.09588438943522,0,37.04344866174193,0,4,0,0x1f5f4d505a56b15e8ffe814c64c20cf6eec7f5ef,0x9eac453a8388488b2bc23721bd5ee2f898f954a1,56540,2025-10-21 12:21:08
15.56386145465708,1,49.764301667171246,0,9,0,0xbb68d142bc123d117d223a42592e73424ac62201,0x7249ad32a28124faab3b84f946340f6a31678777,87458,2025-10-21 12:21:08
147.98840639990084,11,136.30058329731912,1,2,1,0x3b829483356dba5cccae3d6edba922bc6b510582,0xc611ba8ecc0fe0e69557eaa3d4f4d50d32edafa6,15844,2025-10-21 12:21:08
6.94996607849875,5,37.94462052721539,0,18,0,0x8e5c3999ddffbc18c4dd414510f588dd8c4e9e02,0xbb01bab71baf832386cafa3c67afa7fcb5aa09fa,6969,2025-10-21 12:21:08
8.061581820381395,3,44.70827300773439,0,19,0,0x783ab2d1e41a89a8c23bfb8fe0f618abecdb254f,0xafd2504109b2c155a66425242538164894cb4b12,15387,2025-10-21 12:21:08
7.5239602594881925,1,48.25259498229582,1,3,0,0x18f258e79452e45d2919863c2c388b5ab8d854a2,0x53a24826836a6a203896954fa99d0322cba029a9,61165,2025-10-21 12:21:08
6.140993467039626,3,47.588875157127056,1,17,0,0x030cfb0de5fa460075f7ed559e6bf1f2bc3ed088,0x7361b6577ec7e9f3873c10b14ad4c91d370ce1e1,49249,2025-10-21 12:21:08
18.646735494954243,4,45.46637366565966,0,6,0,0xf3005109ab16fd3663c18efddc9d920a7387aa6e,0x4b172270e364ecc27450293d99bf34fc8367b61e,80769,2025-10-21 12:21:08
15.863306422275429,2,44.9837828303662,0,13,0,0x813cd4f4b08e8492764b06a008561eaffe7e6471,0xc047b0c1cc85072d394845d6c4f41d159e59e528,25932,2025-10-21 12:21:08
34.80447762582193,4,36.072266927238495,1,21,0,0x5365b54a41a6673aaac8922c196b9162e0a77dc9,0xb6383203ecd2bfd25808b1fadb2ce8787598cff2,34473,2025-10-21 12:21:08
6.222663703463712,1,57.784349579657146,1,23,0,0x0a534d776457428890635fc67a44b5e6e44b30d6,0x30b61079faac8382794b1b45e463a99681eaab8f,93044,2025-10-21 12:21:08
14.218305220035145,4,53.63923549962446,0,6,0,0x6c59115bc84615a5955d34358c442ca64d1846b6,0x916436d0f211d4c91c2e61317bc57e5a08f8c49a,3705,2025-10-21 12:21:08
5.95253929595865,2,49.78037815192283,0,23,0,0x9b73628ee7be9f81307c336d5271c0bbcbe18e44,0x621a7216dfec85d11083b3cf93c0b9dacd7c8885,31042,2025-10-21 12:21:08
3.965075305175389,2,59.33832838659845,1,0,0,0xf520c76bfed78141c7f3a397606d924757498cec,0xbf60a4fffef5c70761c6399a5839f18b0567300e,72651,2025-10-21 12:21:08
17.08747043833185,4,48.31038902817213,0,21,0,0xda5ae8c31d7415c20b5a7025e9c26e58c5619341,0x028d56d61afe583c7726753d7daf351b1eef352c,29970,2025-10-21 12:21:08
7.74944514555233,2,44.97761883525819,1,10,0,0xa99963d8d798748473c4a313ae4f53ad9cb3f5e6,0x259be75b7f34d2f6a6536bb2c5b3456d664bd964,28978,2025-10-21 12:21:08
19.93125910743106,3,32.37135246271822,0,22,0,0xc634e2494d3547cc151b53c052ce629386314718,0x428b803aca2e31e55d6fcd5c73d19f6d00dad444,22697,2025-10-21 12:21:08
8.043426371931913,3,50.75561925830365,1,15,0,0x456c8634b202c046839d9f06203dffa8e5560433,0x2df5e1977f451479dd6fbee8b871e3cf37198b13,38368,2025-10-21 12:21:08
29.54528614583041,5,47.19071562537668,1,1,0,0x61462df1fb04bb437f1efcb348f2c0d395633504,0x297066e8c975f554d01ab51490050318f0260c0c,72285,2025-10-21 12:21:08
19.8745958853992,3,59.96880273850856,0,8,0,0xfa274677c1ce1cee94c2bb907527ca0285086004,0x5b53929f07763c1f67bc4897dc3980bdc804c47a,11284,2025-10-21 12:21:08
14.075728170203762,1,58.048347633193295,1,11,0,0xa3b7c15e70206f0fb87ea2bcb3e8954ce40fbdee,0xa4cb709d2f6e5a46ec469251013a95a471f21913,93293,2025-10-21 12:21:08
14.789250931916532,2,54.23044827226762,0,5,0,0x021f9d0b4dda2eed6795b4e9b40b552e335d7bcc,0xb1e12c04a3aa056ce328ae24460a22e99726ce87,89055,2025-10-21 12:21:08
18.340924853535135,3,51.97238046390313,1,2,0,0x8847efc79332c4778d0db3543cfea218e923e009,0x5d468b5aea1e735d1c510a43face308bda7f04ab,78062,2025-10-21 12:21:08
9.521109891289676,3,41.896038635244864,1,7,0,0x8af393515c607c58c3a187f17a74663595cf58e1,0xf8f0992abb3f18039bc298ca26a1719888cc56bd,7490,2025-10-21 12:21:08
63.71492278594541,15,112.26006368545225,1,2,1,0xe97e70acdd1cd344e5606f54edf5a7cb5458b0d2,0x3fafa122c02e332f9f3a324b2e7ca2f927b0eea3,10506,2025-10-21 12:21:08
8.382244210128906,3,43.16459677983534,0,17,0,0xe28e25f8e949fa88e57887c3e7f1f28931268e67,0x2006a341e2b0e3a7bbaac2d038d97e923ea4e602,4798,2025-10-21 12:21:08
29.988086651425096,2,26.267598881808482,0,3,0,0x26e0fb521de3ad85b8de747170acb263ceaf606d,0xc02aac5857d3e4c7c07de15f3bb9fc934037c815,93990,2025-10-21 12:21:08
22.589684914967982,3,59.15204526701824,0,14,0,0x2181223fa66e8e97554155b4d54adb32d0a3fce8,0x477ec790df93a13c5342af1652d9854f71556252,11977,2025-10-21 12:21:08
13.332185268513816,3,43.76107636764799,0,8,0,0x666d3fb6a1b797849719979f8553c76b80977e8f,0xdc74588faf4965d9c30e31cff7189d54cc8e1089,6010,2025-10-21 12:21:08
8.862646561422691,2,68.0594658596774,1,16,0,0x6f8978802e5bae6391db35c3b9180ee96f82a588,0x315f0a3ebae39a62a71373d49ef77b4cf581c2ae,9531,2025-10-21 12:21:08
10.469425048216051,1,44.24328927342937,0,7,0,0xe3fb77af652be3db896a7c5eb0abf8af2cc283e7,0x8dc242e932930b79daf65670c6d831078ab27dee,62380,2025-10-21 12:21:08
19.94825164443546,1,58.7448498142756,0,5,0,0xedfbaebc31c4a23b2f0386fc5d9835e229974e78,0x7ab0711b3961d435280c7538081c5fa7f1beeef4,84480,2025-10-21 12:21:08
8.228095596197901,4,51.50667628792086,0,0,0,0x1c6ccddb1d6ac2738b31c34728e8a9275a517613,0x99cd34cbf93e23a4e0ca3a874217c74aa60e59a8,17274,2025-10-21 12:21:08
5.569572495278089,1,34.11306589523658,0,8,0,0x489d1bb6419fb249f0605b50be672eb9010836e4,0xa645dce6c54bc1cba2f3409cb6d7cb640d81f9b0,80302,2025-10-21 12:21:08
9.19348065804938,3,37.37866551485902,0,3,0,0x8f8549f0e34cd811e22b6d01a0d898c2b20421cd,0x13d1f5787dca78d71620e987dd5fb1a095410c24,8241,2025-10-21 12:21:08
12.277902907450933,3,45.92627587948923,0,4,0,0x27701e0f7d059ca7c7677d9d21b3f4f1ea77cb3b,0x87cd84322a3a4d9defb6b8bab344d32641c80eb3,47743,2025-10-21 12:21:08
23.27101279630599,1,58.29794365205076,0,1,0,0x4abe44f88eda307a0ff6bc3036c71c84dabd7113,0xead6df79aa56856d166dee1436388c4723c1aff2,85648,2025-10-21 12:21:08
8.43624728471119,5,46.23529201841093,0,16,0,0xf32410b35d51539e00e1372ea427d3a7c781a969,0xbb38e30ce1e6e1aef2eaf9276072462e7f78517d,44256,2025-10-21 12:21:08
14.185833090163543,2,38.85055897483957,1,9,0,0xdd0c3336cdf4429447ea1edd7387448cd4c85aa0,0xe9181fe6bf207ac620bb93f4c240e6149d17205e,64733,2025-10-21 12:21:08
7.871103237517502,2,31.88456033962999,0,3,0,0xabb7fd01541c562fa7f3986c2ede48ecb8778f4c,0xafcd765479ed36187bb3c6041d111430a5271754,65054,2025-10-21 12:21:08
20.865635880491965,4,62.94524848392212,1,7,0,0xac8e5cd5a9db568fe2bfec5c94f372e1326bc39b,0xf95c5301f783ade795ea056d0ab8577c80c58734,97690,2025-10-21 12:21:08
8.970937275974139,3,33.46293676369636,1,1,0,0x8cba4d215d506b46b3465df001ccaaf2091db16a,0x848f0989856536a12abb328fc3d90bdbd73c8b88,63333,2025-10-21 12:21:08
10.898276026304634,1,34.32277422961455,0,18,0,0xcb589d420f01ecaa2a9ddd9ff4639a55ca154efa,0xa8cccc6b86abef71b3332c054ea2b65e38f382dd,5231,2025-10-21 12:21:08
21.14589696599229,4,46.75574084925822,0,13,0,0x5308d2de0dd3d63a38ae58bbc166d79a8712b10f,0x66e0013c199c4175f21ded8056ec863b15bbd9be,33937,2025-10-21 12:21:08
5.324977377295663,3,34.34317302180433,1,7,0,0xc6749cad8303f4abef74b985d72c285373a3b66b,0xa6d53fca69551af1c5078795cf90c713004bbed5,67179,2025-10-21 12:21:08
7.840048761493052,1,29.524302058636888,1,17,0,0x79f6c7cf7df6f032b8b978449f4d1c6747536784,0xa82bc1d178e7b2ec9979dad55d870654207eb2d6,65608,2025-10-21 12:21:08
8.290506316591879,2,41.65396145469704,1,5,0,0x87077c6051e5af1ec1d6fae9e0e40ef844327685,0x511af221ecd702f0300b35a5b36718450ce365ed,81499,2025-10-21 12:21:08
12.703547065873591,4,64.83704135478752,0,17,0,0x0ef446e900c5582b440e53b5cc77c28ac308dc4c,0x16d88cd25034828d4f218aebcac55e1749587860,68566,2025-10-21 12:21:08
40.773499507971955,5,50.69758919704179,0,1,0,0x7ce647ec0af3e4358b09a106df1879025af28b9e,0xb03b18341e8f7d6b6fbe7e9e96965834564499d5,33817,2025-10-21 12:21:08
13.808966906766173,1,43.261261796854136,0,18,0,0xff91512b9bf88d1c7d2d1a972ec7cf50d1ccd1fd,0x985ed73f643cb184ac5034ee3108ec37a7bbde37,43476,2025-10-21 12:21:08
9.118942894623043,2,39.3679026595738,1,9,0,0x65d104a1ff995d1ca8bc463b12c40b3c318c5f85,0xb35c4ade0e8a5db9eca833d3f12c4ce30733f65d,26996,2025-10-21 12:21:08
11.945421153395719,2,45.44552165571152,1,1,0,0xe10d3c0ff7ac04d8037707ab2da69a04f33b4f2d,0x13b1fb2aa95ca8d03fdf7c3e5ae0f9c3658a246b,26735,2025-10-21 12:21:08
17.864770782606435,3,37.4688266937942,0,12,0,0x6105b0fa67de1ef36a51d3285cb11cc24b54b0c0,0xa0b8fa82713683062af98981fb6d7a0e4ca7ccc9,45151,2025-10-21 12:21:08
13.257079984097226,2,49.185145591570546,1,19,0,0x6d9d6c95810a558fa90a0bdb9b54a55c39745e10,0x10d93eef0ec47afe7e847946cae7cbebc7ecb10e,77084,2025-10-21 12:21:08
2.84531107918996,6,48.3396514967619,1,22,0,0x75c84f76a9063c58eecfcc884359ef4b947e9404,0xbab78b6d7899c932f392103ade476aa55a4a377a,82530,2025-10-21 12:21:08
26.850086442346022,6,48.21584540372756,1,2,0,0xc44b2bb84b148d75861d0dc2a38e4194c185bbb4,0x9a2740766f44fe6ad8c907dcafd9ed8d61bf4add,96090,2025-10-21 12:21:08
33.091771843015806,3,35.11997181997059,0,8,0,0x1661959927d476dca7b05ccaccb2df41a350c1f1,0x3627453683e5508a19d0419e4a0ee6d37bf76025,41710,2025-10-21 12:21:08
20.365438575051805,4,46.68651367610195,1,8,0,0x8ab445cf928ff23be8f97570fd39af311ca9856a,0xb551e7248b68c30fc9c2af4fdd90607e61bcae6a,27971,2025-10-21 12:21:08
13.687102906231239,4,45.64407522431942,0,10,0,0xae3224ad5df16f60edccccb6cf33282f327797e4,0xa5d6068761bdc6a1f3f024522fcd9cfd5c8e1163,13565,2025-10-21 12:21:08
11.424746907600296,3,52.9643036664211,0,13,0,0xce6b2e791751b5a912a4f0892cb05026386482ad,0xb05f8bb9bce5acf53fa063b83a809e31a5a81bea,49098,2025-10-21 12:21:08
14.312816109415818,4,53.918776345702746,0,2,0,0xd77303ef89027f2f108a92692c78b74a9b157156,0x10eec8fd014fb680c7b089df129ee32141d17d17,78945,2025-10-21 12:21:08
7.639330645123666,3,41.287426293296065,0,11,0,0xd8fa8d10c6599c9b3aa8f06445e1ada2fa835cc2,0xd70d4ae87cad98210a7772086565a31a0a815768,71853,2025-10-21 12:21:08
8.624588953851775,1,41.36687991611455,0,9,0,0x28f8c22e5c0d48875d82c87bef087758ef715bae,0x83de8cecb91fe0b533cd9dc9ae0526d078347493,33420,2025-10-21 12:21:08
16.452981137669045,2,33.77085322552429,1,8,0,0x7dcc5cda8fb4791b40460c925fb027863f66a67a,0x4191c03b979999e1d6eb7d90256df46c563c1703,20288,2025-10-21 12:21:08
20.548303411322955,4,61.12868370707128,0,23,0,0xdd3387ea358ffcdbde5a4b617a6528e1315b6855,0x3075136861d09c6812ece386133fdf3b9651daa9,50899,2025-10-21 12:21:08
8.81226227435121,2,51.26877063529022,0,16,0,0x49fab939a33401f26cc0e265f13ff0b4b1d795bb,0xd1290fd866860385d725e3e7e24c1bff684b8ec1,34729,2025-10-21 12:21:08
21.545878711705257,2,43.070186322393106,0,13,0,0x0d132806885dbfc6f724c3883bd10214e5d833e3,0xf72942440b7d672e6d612b5330c71599feaf00e9,70517,2025-10-21 12:21:08
8.214192350170217,1,60.24638596482756,1,3,0,0x0d23d04980db619ba83ed2bca65a978be65db7f8,0x153a763c3cf4be6e9bc84d28fbcd013c5292824c,64316,2025-10-21 12:21:08
4.85268178532205,1,51.93706112536185,0,23,0,0xd75785d51874928a9dc6c8cdf6b7d9d499d5b7df,0x204e4a289bb32c4d61e4287853b8331feef09d3c,37722,2025-10-21 12:21:08
21.111050100029512,2,54.95167665158606,0,12,0,0xd6093c7ea8e5a31b804730344bd0e159d48c6c4e,0x5e3f31f2d2c63fe24305467f23479e66df4ae305,84442,2025-10-21 12:21:08
29.137636419435406,2,42.60444141062901,0,23,0,0xcbb8d021eb68fdcb1b512051255306e156d1fe50,0x8c10943d3000f7049e56a4f80d658a5d183f82a2,14169,2025-10-21 12:21:08
34.138540848860124,21,114.23940650469083,1,3,1,0x57763347d382815e44eeae5963e3b83f79c031a9,0xda4783cdf7d948c27e4d7eac908d4212056ae96f,96445,2025-10-21 12:21:08
13.008940824060561,5,47.65163922746587,0,16,0,0x4f1f696e8c3ee42d6e48bcd6360ee1ed24b4f689,0x123969b78d5676cc6cc8b950c2f48012cab356e6,6798,2025-10-21 12:21:08
10.85453995097964,2,24.89783345433937,0,10,0,0x85e6bce736d57e04bc28829dbe143e6bd732e87a,0x120cf053ea9fa387227eeefedc19454b04b8ac91,88090,2025-10-21 12:21:08
13.058049722494276,7,56.904749851934824,1,8,0,0xa6a7797a039f6522b3d95d09386a5a4fbc1158db,0xea252b5623fcfcbf50047c00b0908ef15ad1dc44,86057,2025-10-21 12:21:08
417.1462546519023,16,150.0942725399939,1,2,1,0x806691fdb93c75adcef69aad58ab9e9855898262,0xaacf8353ea5238062f8b6a1a4efe006fb6a77b62,33599,2025-10-21 12:21:08
5.163088457567618,6,41.22468851440175,1,0,0,0x3d8975f57c1d4c6bc272d39955112233399a2f08,0x21f0ef7c540b497e7951c117b770c893862c992f,51878,2025-10-21 12:21:08
15.612329301391584,5,46.4425352228204,0,10,0,0xd1d2155c039e4b54e2225332d3f72925095ea821,0x167f06165e8684c5c5fc22b03265dbe8c9258928,18295,2025-10-21 12:21:08
305.85514632432336,12,133.84972418467936,0,2,1,0xf2ffb21fca376987c652937b1eb5fec063b044c5,0x20a2d47e039f7ac53209bf71e624d5b2ff5a6d9c,8832,2025-10-21 12:21:08
16.576076146853538,3,55.274793433526916,0,12,0,0xeb7e3fcb6ae3dce17493bd164868cb9e9c4a5795,0xfb61e1eaa26073b5d4044688043641ffdae39e39,25306,2025-10-21 12:21:08
8.30913913342861,4,27.55467111393946,1,15,0,0xa315ccbdd872456151761368f2997cf8c733a63e,0x2ab47ff1eda18c4b11285d0f92434001827fc922,35784,2025-10-21 12:21:08
14.788466166443287,4,43.66721284770845,0,4,0,0xac9968b889b9e50fb7dd5612524c347e382b6602,0xebe8f8ad1e7fdaa8c670bb1c7f266777d408adab,93533,2025-10-21 12:21:08
90.92543099889456,12,146.67221234556249,1,2,1,0x90794e32677c06417e15b45a978c2262ad9b49e3,0x85863e9d93085e61a2329cb8f7fc1e8af73231d7,68171,2025-10-21 12:21:08
22.924015617558297,3,42.00122525503388,1,14,0,0xa8ab7b8517d0a41c6492d6b253b9185ef4c47477,0x59063ca34a79168e7991303e4514e43796baad17,45576,2025-10-21 12:21:08
7.203946839397907,1,62.44311114743111,1,5,0,0x038de1a33099fd6b04734a9fb24b23a241829d04,0xd7d4f634dd2fb33699e9bc064d7a7d52187f94f9,79555,2025-10-21 12:21:08
48.98909508166242,3,30.910392532079605,0,13,0,0x31efbb78571a5092ef6bcc0562a774a1143b340e,0x2d6a14d3494a0aab9bbe7e1cd8b3c7924a05730f,27934,2025-10-21 12:21:08
3.7237084250933115,2,57.32328605214664,1,0,0,0x629de9df787abd1e6fb3c4af94a8b1124b399fb8,0xaaab99ed75b97f1f5b1559c6d0f004020673876a,8703,2025-10-21 12:21:08
9.21250820228293,5,24.525628142292497,0,7,0,0x204700c5e6d772e38a4edad8b44852b4089d9a60,0x892b194f9e8114f8893b8b08a68a94501e006dc2,54416,2025-10-21 12:21:08
4.358462173073807,3,70.85975175683896,0,18,0,0xfdaa3123bd190a38daa8b82f00d29d7fe3a7d6d7,0xefeed006abe4cf07e5f4f5f7b8aa8a2095e6f54c,16882,2025-10-21 12:21:08
43.80815664400776,1,57.66661253198412,0,20,0,0x1789a5d268f7ed7a641441a9045c6a15efb7522a,0x9a4bd923d928d2efb457955509a50c1771be2538,42913,2025-10-21 12:21:08
5.602377798899688,4,34.98990455517186,0,7,0,0x6126804c1b4cc5764fa4d1525f2173483c0a5aa4,0x698c6fc5d37bb594c5bc51298770b83dae165dcf,98473,2025-10-21 12:21:08
5.471674550050681,2,40.24874721555397,0,23,0,0x92eaad47032311e12b843ce328a90d537624aa33,0x8a15a757d18b561f97a82ed3eca5dec29b6f7442,79775,2025-10-21 12:21:08
18.132914385760472,4,50.01900233700672,1,1,0,0x9e78acdd3b10d93e7f41ea339416437e10599768,0x32cb72157be97ff5bde55431dade418309094a7a,39846,2025-10-21 12:21:08
13.408835229891997,4,27.281033177535562,0,0,0,0x02845dac62625764b5f316359b1ffd1570d965fd,0x6b648404daedeb22d40c78e9301b602b63cdbce9,42731,2025-10-21 12:21:08
14.662596678682316,5,51.069426083866375,1,23,0,0xe4c9cbc704bf539ab91c749f58d14b0ff257b4b3,0xd3073b8b45582b5fbec876346a5a48b4ccf59dad,65461,2025-10-21 12:21:08
9.810176845789847,1,50.3034290167058,0,14,0,0x431d07dec014792faa8efd5a296b663d52d3e220,0x6e145ee23bd161dab1d44f51dedd8103163f194f,18792,2025-10-21 12:21:08
17.623275332017837,2,50.47738978737561,0,1,0,0x4b2b0e8ab3b8f11334a04bd91499f523e45885b0,0xc8d3a077fd994d7fd01df32d2b88e7a6fdd7a36f,36266,2025-10-21 12:21:08
16.574266008727562,4,42.34171634353008,0,4,0,0x592449e3206c747372758c407ea2a4d164b6bffd,0xa73fb47ddcf133e9ec305a21ca976661c40190b5,72940,2025-10-21 12:21:08
15.903798608563772,5,65.45654547677154,0,1,0,0x64482d70d3b12a53042cb13c32dd44f796a86125,0xc875629174633fec4e346db56681ec2deef2eaf5,21953,2025-10-21 12:21:08
8.729549182675402,3,43.850490685081574,0,0,0,0x07654de94c77ec282ce9fd76c8a8ade00262237d,0xb0d845602d841d25bf2ca04c9a6aaf40e11b9a33,32778,2025-10-21 12:21:08
18.06420155513577,2,48.516623549740586,0,8,0,0xf033c763b7a29d6853f30522068268ed2f8a12a3,0x01d1a04ef44b5ca4d9688905689ab419706cb395,50183,2025-10-21 12:21:08
17.97938695556679,1,55.219631550600035,0,20,0,0xd6af8c0b89c4ed3dcab5944b4e7cf9793cdfe87b,0xee7ea2175a574a4652df3175df64639e3ca1dd76,7202,2025-10-21 12:21:08
26.527892534859415,1,45.58608917371793,0,22,0,0x51857f546b39af2abe61920ab01cd0e1f028878b,0x320c452af9db8d99854e1f54b2ba92f083834433,76516,2025-10-21 12:21:08
7.9677195340965685,3,33.952253263584836,1,1,0,0xdf3d7a43c3198c8d0b38d3d11c9d8a30bc007048,0x6fb65de25d82a6a4f6ca121968be2aabf6962ab4,29466,2025-10-21 12:21:08
11.153636308916576,1,31.379566291452427,0,22,0,0x3a84c8ce1dc76629b1ad90c068e0e93edc1d7822,0xb5b478bfb5a11ef3926bb3213e4398f0f8de7c8a,56668,2025-10-21 12:21:08
19.692654833702598,2,47.725179902295935,0,16,0,0x686bdc6d1ba01b5bbd9ec7751d893ffc408aaa9c,0x28812761d981d083ace5a4e3323368eb93d55ede,27976,2025-10-21 12:21:08
22.834190169494523,1,37.36534696690888,1,9,0,0x06a821d97307e553515ef15d86bdedb30804d69c,0x4a48b158d2356d2781a6bf6ccf21d863ab94684e,58952,2025-10-21 12:21:08
19.167856500501514,3,46.92004236968677,1,22,0,0xc952a7a680736637cb0433e204795b045e8f8425,0xf604a717f471743c8b227a1dd2cb78dae07e96dd,59521,2025-10-21 12:21:08
5.364873413610695,1,40.69572301199284,1,16,0,0xa7babb470716124968bb4a0eaef24b277ea07d3a,0xff1d0e67c0324e8b0210b558dabe71a85c8679e6,14741,2025-10-21 12:21:08
13.718516231777395,4,43.11405170852512,1,23,0,0x59e7d1763b45e21d1e3f6b00e38bdb402a5ce2a5,0xd78f5c96160a939db2ecd3b4f9efe337c107dfba,27088,2025-10-21 12:21:08
8.363021333437661,3,53.17467126698372,1,14,0,0x549c482fea96c31f9222295cd5a879f6ebbc191d,0xc6b12e0a5d37209056d7f0ef44582a0e2e79ea26,11521,2025-10-21 12:21:08
26.034555271428,5,38.28985154337546,0,1,0,0x06f605adb6d0b598b0f11f92d36f2644666800e2,0x87aa4caa7d01cb2307f369158c662f6bf8f616d9,50681,2025-10-21 12:21:08
13.107779236276166,0,47.96572676694308,1,20,0,0xf5180d4692d1c2eb6e07249a456a051d92d40607,0x8ef6060b18270f8bdce9506b44c8fef58b13efc5,83159,2025-10-21 12:21:08
12.434191797276961,3,38.74226956268224,1,1,0,0xab5fad0ed6926ea79de249f1d10f232a7046c808,0x29b92cb9f9e0453cdf852d64f8a4a65b9d29f6f3,45797,2025-10-21 12:21:08
16.87745685252293,4,58.55805339431501,0,9,0,0xa83fe94f5f354e2284fa277ddc2f6827bb0bdf2b,0x5521270a25ccbb6b9b3f7cfa7d33acd42c5c812f,40281,2025-10-21 12:21:08
15.186688750811967,3,36.42557570452783,1,12,0,0x32c8ccfb94e22a1958f6e18d2696f3d3b111ba42,0x9ea05aa20dc6eb599e661348faa77c86fda58f44,55184,2025-10-21 12:21:08
6.136147193954347,3,51.06762150206407,0,14,0,0x96c65c7a3f8bbec99432fde8fbe38a0408b6b984,0xc281923bc0145523ea80f87334a91616b46e0f8c,36290,2025-10-21 12:21:08
16.87808635975166,2,54.06787272932399,1,1,0,0x9d83fc21328cbbcb7b01254a45cbfd7d045a9a58,0x39adde7539784c973938646edb0a1391c517a6ee,27808,2025-10-21 12:21:08
12.68622707637119,5,42.534289457404256,0,13,0,0xf96366aa5ff77cc9bcf5a14c099dbc9dbcea8302,0x49ab0a7333099fe1da604877d439c1f01656e9d2,77622,2025-10-21 12:21:08
12.04792105389565,0,54.28015659151687,0,16,0,0x9ce18f699be53a3bbf673d62bb8b2d29bc1271c0,0x428ee765d331bae55916c9fe3c5affbb56b2e443,26565,2025-10-21 12:21:08
15.425017489571683,4,47.75002298291811,1,9,0,0x475df1b8dc3c23270086822d11fa813a38d2f9de,0x99db9a64231b24e0bfb3b4e472f83ac9dec411a8,86709,2025-10-21 12:21:08
28.053812182266242,2,42.993147816246704,0,21,0,0x1be2d844f6d0948dfd5b79707532f4ec468a0d82,0x8ec1c00b8db420e3a24976a49fd2c4bcaa02f104,42921,2025-10-21 12:21:08
9.41607810916696,4,33.07026628980863,0,20,0,0x55ff3df1f4f235a61ae2b6c4338e89600226bdfc,0x010977c0622119545926ea93d16308a0e0668c4f,83216,2025-10-21 12:21:08
7.438489192201934,6,45.81277167591069,0,1,0,0x170ace78d4a3557708902645c73dd372c535319e,0xd1fb72ddc45254a691750eaa1c2d2c92a48c5c8f,544,2025-10-21 12:21:08
3.5839326150943003,4,33.643640952421705,0,23,0,0xaa2a7cf0a9580fc3655f87cc4fadba1bf2b92317,0x2836f0923b70e63da2c745f1d0b67c25eb03b10b,48550,2025-10-21 12:21:08
27.663796159280174,2,28.952949902021878,0,21,0,0xe7dcb79de4e95d56092a2a6d5888c3e2e326a2e0,0x2a1487b16adb25b8f299e1d145353b4651f894f8,82922,2025-10-21 12:21:08
10.56882717637234,5,36.3123245542709,0,13,0,0x7547a722f96287f78736d50b418eaefec2beebf6,0x426bf7b4f827a190e69b4b622c0203dd949ee8d0,22680,2025-10-21 12:21:08
13.894459959141981,4,52.29236949310753,0,8,0,0x16c3a5e878d4438d9759dd5556576193da6f131e,0x7330b74246f8da8dcde68b8cdb2419efef464e7f,92473,2025-10-21 12:21:08
11.154006927255697,4,38.631235257935664,0,18,0,0x1d6ae13653841d69b1f76fdb8f569dd868f746b6,0x9e159c530d58eb05b388f60204e6424fff82d951,29517,2025-10-21 12:21:08
160.92702838514043,19,186.11078740228666,1,4,1,0x034b5641446c20b5b6a9e7d6e6608868a361d5e1,0x3683f9cf261342d4f17cf47bc2184d7e94c5b1a0,56159,2025-10-21 12:21:08
13.715955124267138,2,47.69052693015707,0,2,0,0x92aca06b1f2b02a3d65fff0a3f825af148b12b11,0xc11c86f4f87964794cab4d4f1f895bc1d033430e,2477,2025-10-21 12:21:08
16.023428484247294,1,55.679977780589724,1,6,0,0x554d1f0cc2283dd8ca0205018a035d10f3266bd9,0x1b5ae987f6604d34be559cc4c227def7cb7ca6a4,70495,2025-10-21 12:21:08
10.008179533888617,2,55.326575166220124,0,5,0,0xa68838ea65a8305c098d41b79a5c2ae19ad30049,0xfcb5d5aece84a6880b6cd8320d67c82204766306,57477,2025-10-21 12:21:08
22.86784165771109,1,38.82714293121113,0,14,0,0x8b4f5982be31d3713768ede1385886d6f719bd6e,0x2bf482b1baa97155e14a0caeb61bd8ecb035253f,26973,2025-10-21 12:21:08
11.84431081945648,3,40.754018339778575,0,6,0,0x565a2425e2b1ac380741d81aa20011dc5ea7b32c,0xd19ad49fb71da5754ddf27b9b19875ea857bb4d6,89121,2025-10-21 12:21:08
18.85122175122379,3,46.29998225801595,0,2,0,0xd107c6ceaf1b6b57e53cd7090304a8d885fb0949,0x1074e86ef34249327393daf744d4a54f0d0c5125,6795,2025-10-21 12:21:08
32.111859402015945,4,45.45960936048934,1,9,0,0x1b0c440cec62ac5f1d81100b3634544d3d8f48fd,0x15eb519f16cebfbc8e0735fd2c9aef0b0feb4fd3,9845,2025-10-21 12:21:08
23.371967625285933,0,47.07542294888742,0,23,0,0xe38470e3cec3127b7d013ac52f627576b4423e74,0xa7a22184cc867bc64fd17fd474bcc098e41d303c,97583,2025-10-21 12:21:08
14.81558716445225,1,35.23379684136444,0,7,0,0xce829277b65665cc84459ac3998bf1ab28042d20,0x4f1534bb99c43d04356e3ade2d0108fc3650fd13,34805,2025-10-21 12:21:08
31.791161226622126,1,38.264603521027574,0,11,0,0x7d23f44b165da6e9927fe56877f20b09179e5e50,0x5428dbea654f779dc99940f23003f36a5e0a05db,89649,2025-10-21 12:21:08
35.82377990709483,2,40.09387765973347,0,20,0,0x1421d8960efa029e5c1a7db37b61845cde129b7a,0x612a15069d1f409dd964477cff7b27403ab47915,741,2025-10-21 12:21:08
26.412876896055163,5,39.08123933656908,1,11,0,0x4f908ecafb08956c09ad0ef41a9b445859af041f,0xf32a841287b570154d0378b01264b1b273aabf98,20077,2025-10-21 12:21:08
14.00412905031399,4,39.072971770428936,0,23,0,0xad7c6a5128861dcbbbc6f08dd859d07588e63a02,0xd579519763580a893f0e7a78b90baf1e5a4df22e,96148,2025-10-21 12:21:08
14.997643451678838,2,54.3736741425368,0,18,0,0x5e037b75d526eb7e1ce450b4225a0f44425a0d9c,0x80a36489bfe707e99a45e0faa4e3abca83c59a2a,27181,2025-10-21 12:21:08
7.136943937385853,5,51.040974263555675,0,9,0,0x0a139e897a9a10341b957bab4f36c4b764cdae70,0x87895ac700df9c30c6300dc5f558b66f075dab45,52006,2025-10-21 12:21:08
637.1329115718231,15,172.0843034409844,1,4,1,0x7208ac5eaca7afd9ba3cf15f10e6fd65b1401cb4,0xc836dc2d126523064f0be3ca3cd6af599d3e4d16,7226,2025-10-21 12:21:08
4.4970581560379905,4,46.016300535334246,0,17,0,0x46ef4a51470accd96f7eac43081eadd467efda9e,0x8866740feb99ca922c2ea4fcccc6f83795fc2947,5068,2025-10-21 12:21:08
14.92589829141005,1,51.293606334288924,1,13,0,0x3906bc9aa80d0eee684358143c24d6ca22fd5420,0x02760db3e4b443b806de02ffaef9c4eaf7a66496,29554,2025-10-21 12:21:08
24.977586731081278,3,34.73646377610104,1,9,0,0x9e1e23e49dde83b84c267885fe82146afe6ea52f,0xb92a33de14c81ae09743d2668325f54cc1a14d22,16844,2025-10-21 12:21:08
5.232678153143185,2,51.84486133552996,0,14,0,0xd5e021e3f72e59d0344f0ef84864849f84f06445,0xc97044f8d0a025896a9814e0726d0db5ca84667a,65645,2025-10-21 12:21:08
7.916551075040922,0,46.07760055452543,0,8,0,0x56be709a25f0fd4f498a16870dd0b10765e1a8fc,0xca4aaba3075049150325647d2218316a72836fd8,55186,2025-10-21 12:21:08
11.48068672192459,2,58.22703219988979,1,18,0,0x00169db0d297b67ccb57e489ac0657100d146efc,0x64c9dd0ac1cf6c4eec82895d992098a21036e2f9,91014,2025-10-21 12:21:08
19.01591945952353,2,44.897943996090675,1,5,0,0x83c8dae2b58aedcf0b34fa5a7b1565d3538c0b8a,0x528ddbe6533e340b6fd85c1c6d258d9b75d94fed,95818,2025-10-21 12:21:08
17.030334691127376,2,59.33633608817878,0,7,0,0x32fa4207851c5559adb83175eee90e5131367df2,0x3c75a7bf83916f73f1c82fc28f7393bdfd0c0ede,77641,2025-10-21 12:21:08
6.366635797620025,2,43.80441243373604,0,9,0,0xdc09ed09ffea6eb02a4a4eae37f27ff539fae29e,0xba8c016c1a391dbf256b1813f47cbc30b68ffcac,77645,2025-10-21 12:21:08
9.463187880094347,6,40.44828216046236,0,10,0,0xcb915e097fcf4fc6bbf6a9541fe2e241a039c2a2,0xbcaf4aef1ebba82f133cfeea940ce9ea0dbc9f6a,86964,2025-10-21 12:21:08
27.810790364230854,2,52.49766628489185,1,8,0,0xb9a5b89c9aecdf1415008948bb788726376b87d2,0x4d956f04ec721136b1e5c68bb6072cf65be2e13f,64276,2025-10-21 12:21:08
22.882962490381445,0,48.619142707305265,1,3,0,0x42fab8068266ad1f49dc61991ac519d02b0531ce,0xf099c62c1460b0e9747a216536c882039c061d74,10550,2025-10-21 12:21:08
8.93854802844657,2,54.80004236133894,1,7,0,0xbf667fbb6c02c010b868e791046136cd8567bbf7,0xf901f32fc431ca864bfdba39cc41717c436069b4,22638,2025-10-21 12:21:08
10.555332388304054,3,50.23323782728588,0,2,0,0xc8bded9f1cee616a83b44b1c2c902480ff5b1b59,0x54e6cfe015ed67c3a28d19e05a26cbce7de16c94,90408,2025-10-21 12:21:08
9.429766717757246,3,50.92113900284919,0,0,0,0x504910a850f98b8c680ec272723cbbd3499a36a3,0xb44494d6a7ae36f8ecc18f586c44025ff1a5ed4f,71462,2025-10-21 12:21:08
16.60267008003112,6,42.87548297286944,0,8,0,0xa04b7533c0f9c023e31a8f72a109847ce3147e5f,0x020c6a607b621865442d4db7122fc5048ce056e0,48586,2025-10-21 12:21:08
12.229528080158138,2,48.05085404706753,1,9,0,0x7a241beab2607412c319c46c809fc5501afe75c0,0xbe533cf59ba9a7fb26ca9322a5a97d0c307d4278,47656,2025-10-21 12:21:08
12.505411464960371,4,61.742707660711304,0,15,0,0x9c9a59e61a36cae5a7dfc5104fa9db981683394c,0x4c0aaf5b4bda5cfbb36d4f6912cc0bf274804aa1,20924,2025-10-21 12:21:08
6.720513668147644,3,51.603430545626814,1,2,0,0xcd5b685d215d823263bd55846c071396b537dcfe,0x71af8f598183fc23a7f65019e1e744521b2c49c8,47040,2025-10-21 12:21:08
15.764663239273917,1,56.67217733304373,0,15,0,0xcb6e544dffae6a536466fa1b3e93c67a06a590df,0x459f24367b028d0f7199b4261a70e5cbe2ca090a,1613,2025-10-21 12:21:08
11.931392336902377,4,63.07630805670686,0,13,0,0xd74c676aebdb9bc05aeaab03375cd6cddbd96691,0xb2563be2232c35eba8ca9c9666e46b7e6fc2e989,65498,2025-10-21 12:21:08
25.15407065091682,1,45.065486578045395,0,0,0,0x577368f71fca7232e73a0880716c059baa9dd7a5,0xd57eb530cd67ce38f7b9c19a7c3b9d82267e5597,99761,2025-10-21 12:21:08
4.036893502640797,2,43.009374462401304,0,2,0,0x8ea082e1b794c00161853bcd32818f23825be454,0xaa9b914b1ce260364dbf4f27260ad2e032b81abd,14905,2025-10-21 12:21:08
7.7578571581320865,2,30.01364502850788,0,4,0,0xcda219c839b5f846bdf4eb81241bd592449f7839,0xcd4922a414214d2716761895828f22db75019ed7,59231,2025-10-21 12:21:08
9.879336734877949,4,48.91828707716102,0,2,0,0x0434ade87aaa770b6c353b44059f7c4d9cb54041,0x677565a049c0f14fe1dfb3fe2894195c54db2749,18290,2025-10-21 12:21:08
5.437555990033446,2,45.33023307193033,1,0,0,0x317dcc6834e881bade0290573fa3ae90897ddc2d,0xeb8f3eb3d1c26566825125fea0734e45a0c7cf4f,28541,2025-10-21 12:21:08
19.12812604353043,2,61.629314471898375,0,20,0,0xd2cf933131aea64651db10c0c4460f419f06e2a8,0x2792279d7ece2e3c5cca081046ebb747d267af44,39630,2025-10-21 12:21:08
12.284736725131381,3,40.741820016334486,1,6,0,0xfe4448c9c0495ff820baa78ba54b7b55880b1012,0x6128de650a6b451795e170edbbd1cf4541c29370,39715,2025-10-21 12:21:08
54.29423831412808,15,162.06220280242044,1,3,1,0xcdc153e49812d90e10d82f2c6086fe874b2a8f4f,0x5a6829b29306a924adb6d45306ccbe1a60893821,6336,2025-10-21 12:21:08
4.513559087177035,1,52.19599497624891,0,8,0,0x825c121b1493a3c7d5f91c04e64fb34a974896ac,0xe4253394dce599d9566ecb3a531adff70ef42570,94805,2025-10-21 12:21:08
7.661395364932293,3,49.058240866738146,1,14,0,0xdad1815d7154e69c4ddee256077fc3ddf72ce421,0x933a50fbee5980baa2b491a21e37e8799084fd18,22217,2025-10-21 12:21:08
9.355583286115852,1,49.78140575555808,0,19,0,0x47842b272f89fe0e0432060f591df37284510403,0xd1f025252fe9113d270554bd9dab7a0cb437a9a1,30699,2025-10-21 12:21:08
12.623132714349728,0,46.35428834719957,0,14,0,0xf7dbc15b9cde407481e560d9316287b9c6709b56,0x96f17efaa4b1081bac0ba6ed57e9225525c00e43,73312,2025-10-21 12:21:08
9.013896710247264,6,43.22831884885238,0,2,0,0x6cd86b6c52c58a922a66477aae1a54363474acaf,0xa1dc2fa0c59d49f5a51ad7ed5dd10c83cc9fea71,50425,2025-10-21 12:21:08
48.392211152513475,6,47.952247583452426,0,9,0,0x8911e81253771e12da14067b36861199957b9ac9,0xec87a18715417e0758509d4633bf274cabdb5d20,61348,2025-10-21 12:21:08
14.461923563935724,4,29.023802708315436,0,19,0,0xdab200a1f9515fa08befdf60f8c8ad9a511bd783,0x7dc7663ba95c5cc7e0f514805844ead216e2ddc2,65360,2025-10-21 12:21:08
9.240691656245264,1,26.19711589431215,1,16,0,0x1e4cf6d3b8be372bdb5e5215669a0b58c8eb1353,0x1c373399cb5826d3ebb635c2346dbd075c77832c,33800,2025-10-21 12:21:08
4.626789251191951,2,41.61330946116242,0,11,0,0xb8e195080ccbd7ce8009d694ea281f53410825ed,0x0d8acf18c9cb781a662bfe3ed980d26bdea1a23b,18921,2025-10-21 12:21:08
4.709201845888097,5,53.51409936762654,0,6,0,0x8e0b4f3e21d2d0c0cc7412edd1e913b361863b6e,0x0f8ed82a417415fb5a457a4018da7b30cff70b89,23255,2025-10-21 12:21:08
3.5785549688621567,9,59.14110390606782,0,11,0,0x9a0c6c5e871ea2fc2cdbf51a130004c83d76c5d8,0x84201d41c5bba2c6998b02fb9d3523a94e3cf2b6,28404,2025-10-21 12:21:08
8.930150254674778,6,43.583373681277564,0,1,0,0x9068e9fdfcd1ec34eea4ac697cf84114e44d5bfe,0x71b9aed5c807535c98442824e0967bfc7df9bf09,23881,2025-10-21 12:21:08
21.835403576508558,4,42.767284115666904,1,15,0,0xf7fa4c283b7f8a629a56b6d7944cff1ba1e36f72,0x9ffb906043207293d30035abfdc535a1af339fee,68569,2025-10-21 12:21:08
44.12777825970214,2,45.231043460007314,0,21,0,0x03558ec6cbd89a4444d35b0f18559348129f78eb,0xddde402232d5145bf8902a6f7489f7007df88fff,59011,2025-10-21 12:21:08
14.60817464393207,2,39.255132945837246,0,17,0,0x42e0b133f48dfb1ee1f4b1d94b46317d0f90bbab,0xa56493d72a659751432542dc5c36024c189e0331,41923,2025-10-21 12:21:08
10.585741723066693,3,51.22944030413308,1,11,0,0x6320bc77b3ff1363caa29b084151b581ce067137,0x9e00994a90cd3334e126eeeb9bbb8df448ee7bcc,48218,2025-10-21 12:21:08
8.263414942397032,6,53.865794927576495,0,2,0,0xbed3b809c62ab9aa2a6e52dd1aa596888a903397,0x74b3c29932522084fa9ede0be32657d774f2b3c6,63566,2025-10-21 12:21:08
11.991002127531514,2,40.61150009521828,1,14,0,0x2fd02568442b2822f83c50a1ad21da9ef2bd4b00,0x7849d3693eb23775b7b326a5511d94f2d288f051,76235,2025-10-21 12:21:08
6.588774813359253,2,39.34062869107595,0,8,0,0xa68e86aac1a6cb8e61efe6d372bd426fe2940351,0xb4fa1ca5ccac8605ce1bda1db276f3d2093f701c,24862,2025-10-21 12:21:08
6.65970014877451,1,46.15596738679908,0,4,0,0x596f72b9a24286f4408de1f6d617d7810f8d29cc,0x918f05b3c8f58115c913c3d4ebb6c9ae0462bd9b,99440,2025-10-21 12:21:08
16.128951760236593,5,36.74834100254462,0,14,0,0x19117207157980875b4f51a2e82cf9f6acc3bac8,0xc273154e6cb144b27689d544eca50b6124d7dd88,97725,2025-10-21 12:21:08
11.54818147237531,5,33.74802172262277,0,12,0,0xbc39eccd95bf1620b64ab6ef04105b430e46035c,0x0b14a2522c94eea9b667f1bf4bb15490b7f69c90,22754,2025-10-21 12:21:08
12.626253052912057,2,47.47271452108756,1,3,0,0x76e6e7ce6c3a5b172f31ffe81dc52bfe53c7272d,0xb0f0367d873bfe2c6599c045b39a0c3ba3ec1978,8969,2025-10-21 12:21:08
9.422786987915002,2,52.020303236673264,0,5,0,0x4ac1567c381dd75313e2c33ea60e84266793c815,0xd4334d7133c04b47efe481ccdd85e63aea6edb5f,44468,2025-10-21 12:21:08
6.692500529673617,5,26.74342004335392,0,9,0,0x277f53d75b8d68cdf7df3b5d6339295a1ca372bc,0x339d9e0b43d348b76eca24b611b48920a6b85d53,23315,2025-10-21 12:21:08
11.55342840445755,7,59.056475975079636,0,3,0,0x76d6a83a71e2380f61405cb2c577b36bff5151c3,0x71b5961430d5843c17b85f55146ff7e7e44537f6,66416,2025-10-21 12:21:08
12.030667847565283,1,45.030601167385726,0,5,0,0x48c2bf412c46cf5dd1cd87884a66f98852709a39,0xc155b359d8b9b80a6b3f17f92184b77dad3ac2a5,15930,2025-10-21 12:21:08
11.077125942318176,4,39.38910869019003,0,10,0,0x14bb6a0323595b020c002d1db36aade11cbbeca6,0x6646182fe02405eb0c95907cd1110177c5eecd39,17814,2025-10-21 12:21:08
10.888568103277027,1,51.86774070503355,0,15,0,0xb8ae2975ecd529883fcc9b54313622a2f8d048d6,0x377b7ff9312c2e500b22134a26994318280a29ee,21719,2025-10-21 12:21:08
19.848050318929396,1,56.2884748754939,0,21,0,0xbb035410a3b9f4e329e7bd5aedb25e976ec0f50c,0xba3256886c96e9a271cea32bfbf85d65f70c650f,27343,2025-10-21 12:21:08
14.558729858058829,1,54.55703971113867,0,14,0,0x39f261cb3ef41f81ff5b7b6de5e749815b9bbfa6,0xbc005b25ec83f0a1464be5b045015c6105fea9ed,26946,2025-10-21 12:21:08
31.71224988480273,3,23.38696113697638,1,12,0,0xf845895dab0332d756f872e30d3b842153522086,0xfa42ad80e80ec6f0cc5fac86bfaeca54c2a118c2,7814,2025-10-21 12:21:08
20.841675796800338,2,42.501062641879535,0,20,0,0x8a071206ba4ca2c3bb955e16bc18d14f77cace36,0x6ddf3d65ae9eead32af31fad13a24063513f45b0,93999,2025-10-21 12:21:08
20.038258048481172,1,37.653289063231405,1,18,0,0x7ff749114ff3d3287f367df5172d3367800bd639,0xde31d90cdeaaf8e0187e9b9931729f013053ba54,32962,2025-10-21 12:21:08
14.79738360412383,3,56.21689142387919,0,12,0,0x74019d218c6f16bb90dd448335eda1d9f56398f4,0xae36b63337a4bd48953de6f7e65bdbde1f45ab18,24601,2025-10-21 12:21:08
28.426799177877424,4,47.50951020712043,0,6,0,0xd2807097467eab00603e519499afae9a5497a37a,0x93efe4468b85f83ec44c4f0652b7d5a8f67b857b,30990,2025-10-21 12:21:08
12.31798463422085,1,45.223505549663656,0,20,0,0x26b4b45eb4c0e8a340227af78d9e65fdf72ee999,0xd10895ec99227c2cd9da5c546a3aeecba95026ea,7606,2025-10-21 12:21:08
7.685392590159859,1,44.925192032592534,0,14,0,0x72c18099160b4b88a39de18a32c2c6bf14166227,0x8bf0e3c6eb987118b19d6b9a87baeadb41569ecf,63627,2025-10-21 12:21:08
22.735846329780156,5,47.69306189562338,0,14,0,0x631bfc2aadae24fc630220734230cc319d51e813,0xc649de859879f8d0a1750a90ac028517a920ef95,85045,2025-10-21 12:21:08
15.164794672433867,4,40.93889642976597,1,0,0,0xc3fbaf0ca60c7f2d779bd94dd2aaba800fd1c951,0xef35eb7d33a5121dbc83bc2a1d013ab36ddf2d6b,50526,2025-10-21 12:21:08
27.954094737485224,4,39.10084603750067,1,8,0,0x351360ff899f686faf06a8c7ffb34299b126718c,0x38e618ec81760ceeebbe07c9e482f2d740c81e6f,71557,2025-10-21 12:21:08
10.329139532144824,3,47.074887978521815,0,19,0,0x3e16fa167c8dbba011d6f5eda827449cab476ab6,0xa732b0b9668aac5305b19c8f6034de2888cde1e2,74719,2025-10-21 12:21:08
8.09599103748977,3,39.665475542241,0,8,0,0x3de5c054c0ca0230bd961a3b871aa805207532c9,0xe9ed6de5f7b0bf7db05cbc796262a2d41cbf0d3c,76614,2025-10-21 12:21:08
6.271932085313321,4,26.85116170518594,1,20,0,0x1c4e7b7289f4f6a86921b697bb3058325536a10a,0x33b99e82d5c664118cce0d0ef76b8ffb5cfb2f1e,97326,2025-10-21 12:21:08
25.602494475406644,3,56.37776780668662,0,18,0,0x52f2c0c1207ff580adbe334a1fc0b847db23353f,0xb6a07e788862e955b131267a07ca76628ca26713,43551,2025-10-21 12:21:08
11.820757950507854,4,46.46475611653318,1,15,0,0x4bd478a7b4bb531aa40003d4e3514c5e4571cf6d,0xe3e659e55b8eca3a9e1b1b8398df0baa1ee6dba6,12568,2025-10-21 12:21:08
12.912522526519895,3,41.760911467840785,0,12,0,0x5978d7d43298602ceb2c5ec13b14ce33b3c3d415,0xba0f7b6ac91bc016bd935f4ae76ade6aa838f2e2,52340,2025-10-21 12:21:08
5.2206284073505635,3,40.20281103233864,1,15,0,0x0912f1e272adff90eda7763b4bbadff95563718e,0x4928fd0e56048db53fc3dc44d5bed2e341fb936c,8945,2025-10-21 12:21:08
5.851647904571331,5,41.97730607917474,0,0,0,0x5db0e0c799c627e7c6d47407661abbb2b2bba955,0xf3f7084a153c7796bb29f3206a97ea77e00f9f4a,15743,2025-10-21 12:21:08
5.85615830948646,2,44.89647710092263,1,3,0,0x2fa4868199015967fa552e8a1ad42015d90ae194,0x9b20a17c4d3175a70ae203d4e5c5652de1ce75bf,82805,2025-10-21 12:21:08
12.394426475222057,4,60.32380382587622,0,13,0,0x0ddeaa93444d988457fb6e53f23c2c75f5047ac1,0xb09fc9fc819ca41882a1a781dda820510d3ce8f7,23354,2025-10-21 12:21:08
14.063012425771047,2,33.50258544632107,0,18,0,0xd2b8bc3a9fb4bbefae6ce416fa5a811cc79a0740,0xb2d7540818429cf60d44dad67fd70359ddae1f6d,27598,2025-10-21 12:21:08
8.902071333029978,3,33.202232506254916,0,7,0,0xf9a05bff9a11f0034357aea101c9da5ad36fd1f0,0x8dfd94c4ebc484fe3eba73cff7671a3268fcecd5,94994,2025-10-21 12:21:08
24.62777282013622,0,44.23134592996338,0,10,0,0xc4d8c55003d1f2a59ce0abcfba9135c28936fa45,0xa39325b2444a6d4066925d40631dd17c257628ac,61048,2025-10-21 12:21:08
11.184985616604038,3,43.331852593016066,0,15,0,0x8f8518a111d6a3770031fc29198d5650d42e97ed,0x17f6914b4917af1656846aad3398678a643ea3b6,14500,2025-10-21 12:21:08
23.200621101165286,2,50.70945694603873,1,16,0,0xe68b01107b369e07a7a9b28e44bd40d910188cd4,0x0a0750a4b70c9729ddf9237c97e1c1a407837ed1,88372,2025-10-21 12:21:08
9.672305254583973,2,53.848425828011585,0,10,0,0x3c15c8c7935ad899ea3f8b728cb40a74ff4185af,0xa64dd9d2200a79f47369ea43eace43ef2750957d,89541,2025-10-21 12:21:08
7.278940616377977,3,51.67065472728354,1,6,0,0x9b2616bea1a4f9c9ce8c8f52eb33833457b04893,0xf313869cfe6dc1f264763a37ff87d40523c90471,42374,2025-10-21 12:21:08
682.3859572925647,21,161.81165050496483,0,3,1,0x78077f491b6daaf4eb45b97a02bf6fda8913a3a6,0x5ad977dee6ae86f9b5537bade1ce91dd874b2c32,45833,2025-10-21 12:21:08
24.270446583873603,3,62.87239964604669,0,12,0,0x4ba46be1754eb0d155ca8af50b6fb27522c7512b,0xe47f2a3f8343bb55546ce272cfd231f57dd9aea8,75481,2025-10-21 12:21:08
27.618456361424673,3,63.05416846419781,0,1,0,0xe5dd6372df56f7ae3450b821a6aad339e8f68029,0x330813b6dc7b91509615c92a83bc1d17d191a6c0,47944,2025-10-21 12:21:08
9.967195579477156,3,49.53905229441347,0,6,0,0xa9cbd5dfac0d4d3d3ddb6fd460ade876e91a5d32,0x05a979763583f77560b1994344b9e2ee5039c9d3,93301,2025-10-21 12:21:08
12.60644101409361,5,46.82170627712102,0,4,0,0xc7d32ae4c892e83b931b732c207ca44c3cfbd4b4,0xbf80bd8c79fa1df1352860e9323a52898381c839,16918,2025-10-21 12:21:08
7.747998019949544,2,53.71702585598813,0,5,0,0x8a5c87f215dc122c04786478ffb88a1c21ada4db,0xf3da921c749a5231294aacfd3991e158c67e3cf1,62538,2025-10-21 12:21:08
17.045295957780844,0,61.01074306164392,1,11,0,0x2c81e4be44f096d1bdd18b08544456a813a4562d,0x6004f2e536f051e2eebf94504287923d9e383d83,85848,2025-10-21 12:21:08
3.938856972435893,4,47.09686063574488,0,19,0,0x288d13341fbeafa3ad2dca53027b261d460dab0a,0xc54afd57b810fcfd13d5fcfb4f37cf2086bf3990,24416,2025-10-21 12:21:08
20.676211864664072,2,54.057176004973655,0,8,0,0x71bca3ef24157464cf58bad9a098f29ed23703e6,0xf8233039b1fc3c67603655ad5f55a5ce7a10d569,98183,2025-10-21 12:21:08
14.524595938149195,5,51.552336285137606,0,16,0,0xb26a4c9a87a2db36cd19a58b85b55af95235900c,0x8f2059fc43d9964facb399b9d873398fedb76030,86730,2025-10-21 12:21:08
27.044712587715075,4,35.01063623754409,0,9,0,0x6049a75de2d1ded1388048dd3af6af5fc39daeb6,0x436704e9628ec7db422f21fd0edb08669ebd137d,50269,2025-10-21 12:21:08
24.86372511705266,4,56.516655830474754,0,15,0,0xf616cd85b5ac5bc1b558184e8991d4ac146be6ba,0xc5d39cb21cacd33ccbefe07754076baf26619fbc,65237,2025-10-21 12:21:08
19.89880698677779,3,56.905296437176766,0,19,0,0x64e6564b181281cde7fcbcc2e58992864f7562c9,0x2f6ce8b59393b7798ba347724991f549a7e16b44,40514,2025-10-21 12:21:08
8.964484411536429,4,38.93916167780341,1,6,0,0xa5af26f959b7751d9cfff950c555b83a6a27e1e1,0x44f071bbd6431a35842de2c43ec709243ffc040c,63922,2025-10-21 12:21:08
18.686457396510647,3,50.30867162067149,0,7,0,0xf40e0da259b57600300ef90a2c91fffa9769c73d,0x7e9b568ca70112c4cc5dce25e59f2330c9f0d378,2693,2025-10-21 12:21:08
17.249443876740525,3,36.42266823394981,1,20,0,0x84630abff78c89d70246bf704265be0a1440abfb,0x5bb20f31fbee62783447fb05a1d86aefb98fb934,46245,2025-10-21 12:21:08
9.865974415163524,2,31.227045107279,1,20,0,0x3b88e46a10efb1ec3f5f21fc678ab9c712e00e52,0xdca9c6b2c76a5714c8e709e71ddf60cd2690a834,68883,2025-10-21 12:21:08
458.11742918011356,16,145.07187012729202,0,2,1,0x3f9b74bda58daa1241713fd2335f9bb99820d761,0x28a5b67bc0f05507f96f6c3e47f9838f99e882b3,59883,2025-10-21 12:21:08
14.710306926525554,2,49.49433515947262,0,9,0,0x4bb938347255fd68a2cd44450ec8bf25367395bb,0xcd4595b90f3fe96a7d75233ec5345a22f603f2ce,10984,2025-10-21 12:21:08
8.673057333368389,2,52.124817644338044,1,23,0,0x9d6b9f6872c3e8a66e01e0e33d4f4b0e6f5f7dee,0x41984d93b36f397e09ba5db844381fe85b9c73c3,40312,2025-10-21 12:21:08
2.631745512631981,3,50.55826027575127,0,15,0,0x30b28961eec2f1e313afddd6c7d9c5da85aae208,0x90d5cf14e21908b0753d80d3a96df3ad0e3aad57,2700,2025-10-21 12:21:08
10.120166552476624,3,57.95207072669644,0,14,0,0x20fbad1b2771fe51fcf6ce9aa2f72f9507f60dd6,0x1e8d6c5237656844cda966c4fe753c81e14226c4,41850,2025-10-21 12:21:08
221.50927352733163,8,126.64963726247842,1,3,1,0xfa410d1c51c5ceb77543d5ce49ee358879084a27,0x52747334a735d72567c4c399d932d195de05419a,19676,2025-10-21 12:21:08
15.276674536990274,4,47.73911086847179,0,10,0,0x7819391cc50d921671f8af0121fd07e04acf562f,0x4f6bb0aa47a7ed707fe74aa5f1d1e0921a746170,77668,2025-10-21 12:21:08
19.52079085331268,5,27.90773600797404,0,18,0,0xbeae67924087230d0ed558b4257be6a9d2d03534,0x36ea02f242b3530676466078b0ae9afe0ce278cb,54813,2025-10-21 12:21:08
43.52318210984814,2,36.3557329466428,0,22,0,0x96e44103a9c7e259d18d83bab7dd1f915109f114,0x10da93b188448af6bec15590110f5ede287b6d42,89510,2025-10-21 12:21:08
9.319332712469679,1,54.25281892716831,0,0,0,0xd5adfe2f71d92344539a6cb7e385b780d4e691ba,0xea651442bb11eb4fba05e80cffb2a94e21cf2b6a,56664,2025-10-21 12:21:08
18.55433854225693,7,43.38232718834331,1,17,0,0x66286dbb9a466537b1ccf7cd462df686c08614af,0x6dd41c0e260e65fd395342980648c15dbf23e3a1,89511,2025-10-21 12:21:08
10.503342821907877,2,20.125432412938707,1,12,0,0x9e1683257774cacb5bfc1f5dfc4273d1a2112c69,0xc02edba972038580f05a273decc851091d0db718,33420,2025-10-21 12:21:08
10.903226102325196,2,37.343888429698126,1,7,0,0xfd095a02b3cf71e62051c2d52b4d2b66b05cce26,0xe889a5792abc88d9ee4deb897bc69340410a1a7c,36925,2025-10-21 12:21:08
15.275652734303783,5,40.430081661747685,0,1,0,0x092b91d77ad8c8ac166350d5ec0435aea4429e16,0x55be8104dcfde33e71d01acfeaa8a6a39eb89e9c,60471,2025-10-21 12:21:08
7.657813357537408,6,45.848654583611044,0,16,0,0x9eb7480c274198c02ddd363a11f906d8b916de72,0x5f74a91cac984e3dce7162e5129bbab60d668fb4,35953,2025-10-21 12:21:08
17.732522955886925,3,61.301299648744106,0,2,0,0x3d8357910603419c3aa9a63a0bc93ab5cdb4c31e,0xba7bb20c149b8f3f6d9ef60173776150d4391d40,98166,2025-10-21 12:21:08
8.704946052336966,0,36.618235176684685,0,16,0,0x9a5b553709774f8b893fdd1077a6fcceea2297ba,0xd2aaf636fdfa65ac2e97c93c11000826bab4ba6e,12994,2025-10-21 12:21:08
6.538137293571093,6,30.56799206214206,0,18,0,0xf71d00a02077837630bac277b1603ddef633fdea,0x6c5cd486a0ed71eecc4e24af9979f07c135752d3,55434,2025-10-21 12:21:08
59.537478690534826,4,43.21319112392016,1,1,0,0x604dd566b615f866cd1deccd682f15bc109b389d,0x188b694ae205319eccd611a77d73ac678d19f6e3,74814,2025-10-21 12:21:08
520.9780058404506,18,113.11515058642279,1,4,1,0x225cf5e7c95776430c57fad3f62cd46fba88635c,0xc925575b904eb62c982c9b513b18dbdbf173eac1,1135,2025-10-21 12:21:08
11.218126316930729,3,51.88495974561567,0,17,0,0xd3284728f01c318c6ec1aae3c51821b3df43bdfd,0x6aedb3bce81a709b3283492ca178fec7b2f01ba6,64865,2025-10-21 12:21:08
10.653840213380732,1,48.120621317267386,1,7,0,0x22bedec225e3c663086548dc89a57f6fbc0eff18,0x815edd893d4a74be4a36247ef86d660a82c9349f,76860,2025-10-21 12:21:08
6.776541395372395,5,48.20187854921873,0,0,0,0x93afe217df68f20fcff8d442c770e3581690939a,0xd497235ea631d0f8e856ed605fc67c85a10aaa64,29319,2025-10-21 12:21:08
5.428833176770434,4,46.90223221844894,0,22,0,0xeefeb622fe37fd2798b7e783b270de903929f18b,0x7bdc06de0819bcadec8b953a33b8a941b342b0ed,77367,2025-10-21 12:21:08
14.997782083031314,4,26.332994131960582,0,12,0,0xbb4287394ab4762551ec062474a44af61d0a3460,0x81e0716b07049caedc6f60f6f021f1d1723bacaf,56781,2025-10-21 12:21:08
17.217635491871548,0,28.127209203588315,0,22,0,0x8abb935a0834e7f5e9bd2975fb1423824d7c86a3,0x3d53c0001be626c6b0fcaefb23bf0747fd55838b,70313,2025-10-21 12:21:08
16.188477966391616,3,40.64098530909567,0,22,0,0x8feb1b13f12fe420a2c5282a2ef24648508d27db,0xe5d8ebd11dab0b8a5dd3a8450abf7ba6fbe9dc2c,36630,2025-10-21 12:21:08
6.626958571294463,3,52.40125664105244,0,19,0,0xe2730ad567f5fd0482f454314f9007c30146cb4a,0xa48273c88e583046b57ab2722a7ffed7eb76d751,88635,2025-10-21 12:21:08
15.86768804015666,5,41.066488751771274,0,2,0,0x9e562a947ca51815a19603b78928bd73f09f4a64,0xef9f6606ccdfc0fcb655167d72d5548e8fb2af78,71613,2025-10-21 12:21:08
6.634619560107998,1,50.446245744993384,0,13,0,0xaf4425a39135c5da87492f3d4e0cb8c374fea4db,0x4f535bf2b59a606b2e445f1d8c6a34e495d3534f,21765,2025-10-21 12:21:08
4.6794386663112615,5,33.347980000347114,0,12,0,0x17bca9e6db1a58f79bf26f3a3f6aec6ba0ea0512,0x38e0440d311e1b90b856539142e01b76e6c89c11,74887,2025-10-21 12:21:08
12.757165766555554,2,40.37263352003662,0,22,0,0x11f77c524d64f6f963f9dd95839b0e737a8bcbf7,0x9fcd5a178554965c85ff0ff36b2ebc53f4e7cacb,35126,2025-10-21 12:21:08
93.13775787095247,17,160.60653182544692,1,4,1,0xe0cdbeb847cbf562889ccf133032aa15e2f988df,0x5db1fdee2089bfab598e2ffdb4f448ecc1f5799f,35703,2025-10-21 12:21:08
17.22295825933013,5,51.1908316938801,0,21,0,0xa771a5d39119b6af0d7c49710c1d5eff3c7b88e4,0x3cde044316fc6a29ee51ca08a9bb0942873b74cb,98453,2025-10-21 12:21:08
2.1741606282975563,5,51.50965678779441,0,3,0,0x5acba6b3b921938d40b45cdb9c5c474a922d3978,0x97ba1e76c5f7d644ac9c6efdc7b321561b1c23fe,1433,2025-10-21 12:21:08
13.719948332813289,7,49.713912627649904,0,7,0,0x61855c50e856e0fcf428f13282ddd070a06839c3,0x433d266a3dc0cd1337fa1085a05b8fe84d049412,97546,2025-10-21 12:21:08
14.867657235687473,2,27.81069587046153,0,15,0,0x441eb8988d8077bcc3cd900ed02923afcc1aa898,0x3222e158caa0a19e509ed6252b5382fae4590685,46143,2025-10-21 12:21:08
15.713175556565476,2,46.80871111482433,0,18,0,0x96f12df78f383c168175840496ad63955a990464,0xe9cf3c6b3c8f7a020cccda06b6d8018dfb89136d,53773,2025-10-21 12:21:08
46.46875204718784,8,49.338352400888766,0,5,0,0x7081f74e9e6afa6f07fc2ecec32a169ed46091d5,0x0cc1b491505b487a7b984996cff25fb7390e2a69,20103,2025-10-21 12:21:08
10.999933490754463,3,34.53078249893094,1,14,0,0xfc5290fc230d627c6bd57819f894f00659d8b099,0x50d5c5c15e8f7a22bae460251d14ac4cb2f9d349,1333,2025-10-21 12:21:08
15.936708134572504,2,44.361221671686536,0,23,0,0x99f6c7e9ff30aac21f2eb5929cf3051344323e22,0x5e4b8cc591fff4fa980fc903f6dd81c8c3d0640d,45962,2025-10-21 12:21:08
24.86218620502573,5,57.914688890653636,0,21,0,0x3c88731b8573755e5c8f0040983128ea72c7353a,0x09fd16e621e9a76a880167c5f4f51b8938ea7934,58858,2025-10-21 12:21:08
5.79682701051463,2,37.765133775802,0,21,0,0x49ef8fd18246cddbdb1d30cca2d517620effbb93,0xe964b179779759a13bae1f18f8f428b63eb275e3,70305,2025-10-21 12:21:08
8.280224657766013,5,35.011791306659504,0,16,0,0xc3af42ea1e17c6bdd0bc8220a39debaf1bd2bac0,0x80c42fca1426fe04ce65ae14217a137cbab98db5,28609,2025-10-21 12:21:08
18.33662486286082,2,25.575023090382302,0,12,0,0x2d3e5f2a5bb1edda7405f23977ac7b4fffcd08da,0xa43eb0abc943f55630284f2703211468d41b335b,31115,2025-10-21 12:21:08
13.657650050036578,3,55.469545344282096,0,3,0,0x87a2563eb96851f5c262bc7aa4fc2c0ff499fa2f,0xb12e5355d26e36c82f814eb3e9a66b23620a1fb4,63938,2025-10-21 12:21:08
23.414848166976455,6,44.212115999197,0,2,0,0x3ce93f2e5f50c30e665a13b2a7191082e76b0a57,0xa47e2849c2e71787c9c080e891f7d8e552987146,97077,2025-10-21 12:21:08
6.1068057962473485,4,24.553709961987316,0,12,0,0x589d259cd39b2f7664bed0552486785f4944eefc,0xad072d91647f08b57ce56fa7e83dd299c1e137fa,78546,2025-10-21 12:21:08
19.449012923877152,5,34.60206775471765,1,21,0,0x316677a78531456533e6029dd1164cbd2f8de821,0x523f2d2c8a2a1bcd1bcd79c2d998a291753f095c,92086,2025-10-21 12:21:08
5.322478748819859,1,46.84858654060365,0,21,0,0x28c72343beabd1a814a87029fd82ad3268f38118,0x676b12034b80bcbeea6379141f16d3b8fdfe91dd,26435,2025-10-21 12:21:08
115.57805978214058,20,108.57201418863872,1,4,1,0xe644c8a3ad05ed2ed1387becc610cb6b9fd4af74,0xfe6700646081a4cd348c4334908f063e89036e14,74145,2025-10-21 12:21:08
12.418688677872407,4,46.03117925717205,0,9,0,0x94e781767ee236f4653e1b55d505194f690482c1,0xae9b6ed99be27c344dfe67f09acd67c108af8aad,5581,2025-10-21 12:21:08
18.315700619476818,4,46.50474498773901,1,0,0,0x912015f73de14fcbee242a34d615556a2c4db8dd,0xddcaebdae2b9d800f1d63857f68ffa981e088b2b,61359,2025-10-21 12:21:08
3.759169012537128,2,58.38592138295607,0,22,0,0xee8682b60dced622d67c3b0493f82392f2f6f44d,0x6712f6cb286d86ba5b41f737f59526dd64ebaed5,79707,2025-10-21 12:21:08
5.432569312098946,2,54.466183083304365,1,5,0,0x39c70a8a8a40bfb11e5982df714b3430ece05763,0x5b7d8ac52d40d09908919a0bc4744916f0f1ff46,62672,2025-10-21 12:21:08
5.23833312542203,2,55.507742904721134,1,6,0,0xc47d575c7bb391e2e4e34d00b1eae1c793d510b6,0xa6752b70a2724463911629d1f4c1cfcab4f7bee5,96915,2025-10-21 12:21:08
20.701288868091556,3,61.77200509966096,0,14,0,0x3e3181452adf254448f735e4a5eea75516bcbc2b,0x096f3f3895961dfca2c9d046c55f5365466e14aa,71863,2025-10-21 12:21:08
25.034336555874148,4,53.571583884232886,1,11,0,0xbcc6ffbd439b0bfee7d197d6fe2da604c11261f3,0x6c783d4771f099db3a1ece92137af86169530f99,89713,2025-10-21 12:21:08
8.62365540431987,1,54.02091311588268,0,11,0,0x306302730f674f8df6385a714247c5069f003f87,0x05b6c0bd18feb9abf33954ca8e27ff0678aab9fc,30042,2025-10-21 12:21:08
27.228664698816626,1,58.01102063024093,0,4,0,0x92509054f58b41d0feccacd17e054e9a8344a1a1,0x00bc71fb579587640b110bf42debcd7c1afed2a8,58770,2025-10-21 12:21:08
955.8443620559781,15,96.31153616255963,1,2,1,0x8cbf25334466db053156f119a6822f718678bd25,0x1b8fe82ac491b0a2714d3d8e94c0685978aec642,28034,2025-10-21 12:21:08
9.728964970574316,3,34.2410617127574,0,13,0,0xd70ec52d78cdc41ef6eb55b0e05e537c8597e713,0x33f68d1bd9f13f79f0af5da0842039578e347ff2,33055,2025-10-21 12:21:08
25.975476994814244,3,38.77328233447617,0,11,0,0x00df564783050f1ba33572e521cb33b1ba2898be,0x39b54e79a1b80177de71743182db43834eca73a1,75896,2025-10-21 12:21:08
5.601042475535748,1,37.58501750087275,0,8,0,0x961cf47e00aea56d6d293f8ae9c345646b1649f4,0xa9f198dc95b091c878dabcf52a3d6cd7dfbce9d8,70732,2025-10-21 12:21:08
20.84310062995794,2,45.415418405638945,1,22,0,0xae5b8344de22b0d381c938871a251203a50debf0,0x9711b4109aa3dd03ebe3594c8975ca553d4d31e4,47513,2025-10-21 12:21:08
7.380133796419245,1,53.687983383055496,1,15,0,0x76664e3c6ad2810e7d5dcd3f984ca00d6dc056a9,0xbcc0d8f9bd881a2c71b586e2784e7701fb60dd36,19106,2025-10-21 12:21:08
21.95641368803182,4,56.10911144734433,0,15,0,0x422b1abfb0da7c81dcc3f2337a2e2b5ea2f43a31,0xd94127fec0bce4e285423b7d0d60031079968199,29994,2025-10-21 12:21:08
21.2573788872466,3,39.90106047134367,0,6,0,0xf84e46bf2eb50448b472bae5dd1854802ec18a5a,0x524828efc79a813257a6be143b0ae44f42c09689,23117,2025-10-21 12:21:08
30.751725821785133,2,32.548494240399144,1,22,0,0x5e433e16f52b689d0bab97d1081660ecd9d06532,0x5a3b4c2392b9ce6c3957ab7b5d85858767e36122,88019,2025-10-21 12:21:08
22.21188832191919,0,51.970509788397266,0,17,0,0xe44a2d5bd2c32fbb5d82fd0dc6b43261a31f9724,0x430a69173fd94335ef4cf51f0aebb297eaf071ba,20873,2025-10-21 12:21:08
8.15919675965595,0,43.78978968990436,0,3,0,0xa3e4375dec040b2ba582fbbbec3c9091cc670850,0xa93afcae20706228c7b92ba85263518c2f93d861,91859,2025-10-21 12:21:08
39.44899108863805,2,40.24465553264645,1,8,0,0xfe3360c98d0920031df8d0210a84a5f76cf6f829,0xeca0f61ebbdd5c5a41d8090d1d742b3e38ce4f36,79318,2025-10-21 12:21:08
21.39100023029402,3,42.973942270819265,0,8,0,0xee7f573f0afc292c0dcdd4cbf58ff735208752a4,0x5c1b3f2b8514509d52f7b453039f332eb2e076af,21256,2025-10-21 12:21:08
7.541980369509462,4,42.950675257583924,0,1,0,0xdd861f5c8faaf90b48b22bb9f82ca8fb9ef279fb,0x2e68a63e0f872a98435da658f0ef30c963c0e07a,93557,2025-10-21 12:21:08
6.788235211612242,4,50.6864461601277,1,13,0,0xd820c865b34685b3b39e213e5017ffc2f012ede1,0x392d81b4124c1ef6d1a9be4421759ffcf42e90e9,5113,2025-10-21 12:21:08
15.578491207933627,4,47.18338750442161,1,23,0,0xc3c3a91c02d3eae54df13bf5b3aade6c55e9dd1a,0xa4c00214dbbb46467b030adb5380d670a3d05dae,37514,2025-10-21 12:21:08
14.963818807119582,3,51.7101780491777,0,4,0,0xc68575535939506d15892347c9c5b7228c5734be,0x2e400658e4070a0b98a644dd972044b69b766ced,11775,2025-10-21 12:21:08
6.756517292479928,0,42.81994368878876,0,5,0,0x86de46a8dec223a9644372b13c7ddf3748176145,0x80fb7813772060d672e9bbdf1d30e18e78d0a950,84663,2025-10-21 12:21:08
28.3778373101366,4,55.716803738905895,1,2,0,0x8ab7fe6ae0920952ed1ce917e08b60f44fd106ee,0xf6947ed50bcfb6c5d272ec7d4927d1eba9077362,6902,2025-10-21 12:21:08
11.914759453117426,4,47.43890941620451,0,10,0,0xb876396eddc788445dff7d22fa4fa04846987e4b,0x8c0c767cc4b7d6646cecad9078e934655a6e8146,21199,2025-10-21 12:21:08
13.933176167902024,3,48.02322900348275,1,7,0,0xc1497a09304c1eb163d1af22160c84322cf201ad,0x0688f6ceb95dd90d533c1d7f80b6f6acb6c3b5ba,72042,2025-10-21 12:21:08
31.38945372471597,0,58.77335029528342,0,23,0,0xe62539471941bdf8f103b6e1a98b00e74bb8753d,0x9f8fcb83111be096542aaa2ab0ce0c9d75ed4379,40051,2025-10-21 12:21:08
8.100981012935321,3,39.35710147280981,1,0,0,0x5149fe22d0da792f03cf0001b0b5e609f0eda9e8,0xeabb8f013592dd0b2ba7ca40497da853aac426a9,46420,2025-10-21 12:21:08
17.689002767484247,3,45.34204684538076,0,8,0,0x80a726f06a02bd6f0d84c13f7394e14687d9a5c8,0xf39ee6930b8ad9afe69741190c8f6b34ef32861a,73035,2025-10-21 12:21:08
7.511821353215072,2,46.75673712491779,1,17,0,0x62aebc0487e5cd772be5f61ca6951152589be02f,0x1b6e8355819d14bc24690333236d2989c77b42f1,72505,2025-10-21 12:21:08
7.399629490855858,2,50.66602148392725,1,14,0,0x1a212eeb3fc611e1c57f3b928091b6b2b8e0b850,0x3dfa91a813c6209c50a151eedac437fee1a1b309,35329,2025-10-21 12:21:08
21.72475298427767,3,45.77585389486391,0,7,0,0x8f8c9ea462c7c296346e1362c39efbf72b841d79,0x278d263ececa248c371a8db9077203c215e2b613,85775,2025-10-21 12:21:08
14.857846942573186,2,52.81358119806515,0,13,0,0x7cc081d35c8f087b61df618b31483f47250d2799,0x7f20b464af5901ba0a229b3e5ee1c0d092a31448,95623,2025-10-21 12:21:08
28.40483643989838,0,39.5870090503776,0,19,0,0xf59ed3b7c2197b3b8a2895eed4c1cba5f34cae56,0x60e6fafe292a3e1859eca5815d86a8085e54b150,80240,2025-10-21 12:21:08
7.5280318900603245,2,42.349350031114206,1,11,0,0x3a7fd465afa46a36c27933bd07f4824dbbde3bae,0xc060efb4534196b90179104f192552dfc99cce26,60773,2025-10-21 12:21:08
8.241528824990292,2,51.76994097375054,1,3,0,0x69d4e15cd35e0eacb0f36ae60d4546544f828ca1,0xd5e0e4a6530a6cf3d346cb83ce0d2699e61a5abf,4177,2025-10-21 12:21:08
5.595153805657274,2,47.149828174545476,1,8,0,0x96578c519eb3ded2249083666a4e33c45964cfbb,0xaac2cb9f6e015b81b3cac417be238942f6daa0cf,27461,2025-10-21 12:21:08
13.002424284073161,5,46.24384766907714,0,19,0,0x8d80413ae69562de4f5fea5585b18365e89c2745,0x2375d2daa8cbd79ac0b4afc098dd1af3d038bf9e,49758,2025-10-21 12:21:08
9.247779422532831,6,45.632321465131014,0,3,0,0xde226519cb7b462e94b2b2bd0a26a80e39653a25,0x4419ad50b9b03d642882dd825d1eff15b446058b,62395,2025-10-21 12:21:08
10.70860240799836,4,34.21684933370772,0,8,0,0xe34181c37637a57343634f8716b192012f4cc5d6,0x499f629c7a0bc96e5ad9501513515eba8de5b962,45699,2025-10-21 12:21:08
6.684565453578243,4,33.826729910687654,0,17,0,0x44a7082a531dedfc5d973760e4df7f58a610b8cf,0x33a0ad8fef861b260e23a46a81c519b19af44a0c,39884,2025-10-21 12:21:08
13.135859700031045,3,41.68135138178021,1,22,0,0x41adc3e9cb58753d94aaf3373cfa219043988a44,0xc7c7bfc0c584650ee26c7e6f0beb213c285558e8,9367,2025-10-21 12:21:08
17.58428795166869,2,47.68812356412154,0,3,0,0x53fc57b47725046421bf181f6e8b2e60b5a1904d,0x8c358ee5774f2f54df2535d605ef79d21c6fc936,53641,2025-10-21 12:21:08
14.997281115380533,7,36.09564247057338,0,23,0,0xc5af13d20d02b11b9df44b6ff4d2952b75d6c2a6,0x87fc19521ff92ac6dbcb582cd2723f9dd97d26c4,28076,2025-10-21 12:21:08
12.530784244048002,2,37.312335899614794,0,6,0,0x87ac1e99c1d6de9b3858a255762e01ea910fe353,0xdb8cd0eafebd3a28c6d4907b0d0ea2affada0f2d,56587,2025-10-21 12:21:08
32.62924904474267,3,59.23953845541167,0,17,0,0xc3a8106dfe4c41c5445d1ef4af0cc706ce57e4ae,0x4c149547531e78a79cf8c042e3edc4fe9a01aa7f,92290,2025-10-21 12:21:08
16.58123394344511,5,47.607668174830636,0,6,0,0x539f9f0a610001b0c3bc99ea6928116c8d5a0534,0x95d8be1c5b809f9b734f4dc32bc24ea03e810896,53713,2025-10-21 12:21:08
64.51335256743103,16,131.33367050135803,1,3,1,0x3d211f9a3f2fab59cf223de4eae8ca4de08c1c3f,0xb4b774e121bea51b2ef310e6096d4bd18be56c87,19574,2025-10-21 12:21:08
7.083576131916711,1,47.55977146418771,0,0,0,0x9581880bba5b585cdf1c704f92a5db4bbcc9ccd3,0x72fcf736503e88622e78f2ea754dac61cecfd01f,4917,2025-10-21 12:21:08
17.87205166607266,0,47.252697220150466,0,16,0,0x207fa4f78c759748516d09bee0bdee7eb4a9f8db,0x13133cc0823e20d96a70cba8aa80732612c84d5f,86365,2025-10-21 12:21:08
8.146821690399534,2,47.38498925673054,1,10,0,0x5ecff05c0c42b99805d281ba68eef2f220c88588,0xc22a72bc93f6c8ef2e522c500bbcebf326b6363c,7854,2025-10-21 12:21:08
9.191832963506249,4,39.93365166212081,0,23,0,0x02e20f53ff7534b19b0b69b2c2526640c8fe1e3e,0x73193924395d223d2f239760fc3569a8a0e01f3e,65394,2025-10-21 12:21:08
34.521360656224424,3,47.8638674395539,0,1,0,0xe991eb0ce006ab8e095fa4d211e1636d90b938f6,0x16b9709c7dbb988eae1287a3be43f4e0ceeff11b,19141,2025-10-21 12:21:08
9.971273471384825,5,43.925551182057504,0,8,0,0xf9561098ff112bc223a0ac0dbb3f0b3c1f6511b0,0x41c0a94110921678b75708cc7b218bff25145b83,6318,2025-10-21 12:21:08
19.35632474719999,3,42.53081672510545,0,9,0,0xf314bb3f044ec413fd4faa569a229b180227fbe5,0xe9868d2f8e66d5d916e790774ff3d12255f878a0,46780,2025-10-21 12:21:08
6.743400832328031,2,45.68322129939818,1,19,0,0x2023023e630858630e68bf5bf0860de34121d364,0xabc9b0e3462aad0744581a3b36559d0862930156,55396,2025-10-21 12:21:08
10.040307270966382,3,42.57416963710206,1,19,0,0xfd6b0d2ff1bc04274467048ab8d6d3eeef143c0c,0x4e1662b0ed0dcccabc76d33cb0bb0071696645ab,85932,2025-10-21 12:21:08
22.634587490905922,3,60.89523036103863,0,9,0,0x625b4fb3284f963f01b9c4fdb77bd7c813baf95e,0x732cb13033e89852e9b8df5e89d8feacfe320432,64033,2025-10-21 12:21:08
11.173528640675135,1,39.030279720988844,0,22,0,0xc5bb4e170c0b084db1a03a1217d2156e8a9f34da,0xe7ff96ffb1b8d7ab933e6630dd552dd4b738944c,30260,2025-10-21 12:21:08
11.02019117755629,4,52.33179317422558,0,12,0,0x52224a588b4d76302a949cc2a388a8c8dfb08ebb,0x60c512cd73f6994fb1043521235f8babb15b810a,95159,2025-10-21 12:21:08
21.582482285531693,2,51.18556356977925,0,22,0,0xabdac178b7849b6a233c93a71b145e3b69371d93,0xdbdc73c1af7473e3ebac4a09273fd05e5c173bb7,57166,2025-10-21 12:21:08
55.48759351671483,2,65.35531456719595,1,23,0,0xa649a1f234628924fcf465a2be05a53e185c079e,0x72d4709325a9786a2440dd1632e3f6bf38619c33,76045,2025-10-21 12:21:08
6.646973093760154,5,50.03232384532496,1,17,0,0x6aa5baa09c436e106747ffe37a26504dddabe3cf,0x20b8d4879d6d0b33375039a6bca81ed14b463311,19240,2025-10-21 12:21:08
7.79169492405018,2,56.966271208272424,0,1,0,0x5831b7f0f535282246dd5d682442a98cf8543341,0xde3d1193efb2ff939a620baeb361eb9915e435fa,92165,2025-10-21 12:21:08
27.30997520819461,2,32.54948776496005,0,16,0,0xf7b6dd60f7a0d85705cc021df136bf2e68dc36e0,0xeb834d809204ab4d240ff11a905fc61d04e8efa6,99176,2025-10-21 12:21:08
14.002417067817111,4,37.57671987123428,0,12,0,0xf172f474fb0c19fa291f840aaaecb72a88b53bb8,0x448d9da59b5d2288eaa4956864ddbade78afc224,24317,2025-10-21 12:21:08
12.339271600256563,2,37.28957842858795,0,10,0,0xa8e195a329f5abeeefdd78b8e1ec7af7438f3b93,0x1ca7944577d70ca0f907b932d1983b700580dd48,95524,2025-10-21 12:21:08
1.7423583967971914,3,32.91141135379278,0,4,0,0x29cbc22a6fc481d31af73092b6b24e1e73c0b3e7,0x77868754226f095404cde25bbb0bf81752181d31,26433,2025-10-21 12:21:08
9.965556531605866,1,33.931297084659434,0,16,0,0x80d53a70403b1c9813e20b0171d050985950f620,0x4ca1023b4fa31a115f922ca50a542872e404db1c,92293,2025-10-21 12:21:08
16.740244197413467,5,49.41760649649479,0,19,0,0x8e73211ca20bfe96e1ebf5bd5ad330fa57cc93f0,0x328df470563655c22daf12f614c3360ec0630fb1,46840,2025-10-21 12:21:08
16.35583919645843,1,42.83172949777857,0,13,0,0x3f137c2bdc49aff18d206a4e82a0e67a1e18c30d,0x346c91343ebd9bfb6159237dfad596dc2e80dae0,17611,2025-10-21 12:21:08
14.158224757988567,4,44.432114041137226,0,3,0,0x88e55d818c33c86b9bffd47bc063c11ab85a3168,0x43405f30a431e4f12f506ae1b728bfb035d67cb6,14072,2025-10-21 12:21:08
4.908092447135112,1,49.235078740220374,0,13,0,0x13d0020f3d5c48cdba11b238a5c84880e86af720,0x142738cb96db34df9e76b7e40ba83f0a83d2d55f,92194,2025-10-21 12:21:08
9.959523015362752,2,41.5624348048989,0,2,0,0x30037b099b85fc4888ccbf2bbe79d3f3b6e73a9c,0x5164743ec4338458cfc94e37c2d9844810c00741,14934,2025-10-21 12:21:08
7.5460304235321995,4,33.453656612711555,0,17,0,0xf50c1b43fd2fad595cad97e1661c541876ed54c8,0xb9bccef67b443e6f78511e24778047922eab53ca,70202,2025-10-21 12:21:08
18.633896382062773,4,48.07003060005362,0,12,0,0x4c528ead7800c1394ce63c07a28ef1af097d20a2,0xfe760bebf745b648767ec231fc027caee70e7e2e,17618,2025-10-21 12:21:08
12.832151692582753,4,40.0268285364233,0,16,0,0x7faf39a67e6f03cc986be07ff3dddb6c56990be5,0x603219943b08c6d5ac69b0ed507351e9e1bce1c5,68344,2025-10-21 12:21:08
5.808896820654677,4,52.70050108917586,0,11,0,0xb2930dfcfdc97fd1261b3b6b2f1719f6a235a20b,0x28ffcd2b226027d27f031fc7e74291a66445f569,52485,2025-10-21 12:21:08
31.165584264451336,3,29.768275358261523,0,8,0,0x73015e08d6f7757602874f019de98b9781220194,0x9a44a2311900dabe689ef3ca8d3ef8df86a68a66,84225,2025-10-21 12:21:08
33.524783827333046,4,44.65435760156197,0,12,0,0x65d173a1e37de0a8d7d798d6a8e00b31703aad81,0x26f4fe1ec6fe04e6bcfc646f7ad9ec49566415cf,97302,2025-10-21 12:21:08
19.68713036237657,2,39.32552718771648,0,19,0,0x53db359c3e8bbf774f5e00e8b324de882b6e2e23,0x45bebeb20b8909893eebe75fb77128130e32cd3c,84342,2025-10-21 12:21:08
8.393784076678998,5,28.923586894768032,0,15,0,0x1f5fe499c1b9fe1d1328c4b01e675c61dfb5b53a,0x243da84413344c39cbb1de6d9e1f68e78dc7b186,30902,2025-10-21 12:21:08
14.4214236490799,3,57.21804684976701,0,4,0,0x3129532d0beadaac203b3ab0e6404b659ee47805,0xcf3968e03df8b936fe1d27d027bf59848c89eeb7,50348,2025-10-21 12:21:08
5.799835606670308,1,49.28761258880764,0,3,0,0xfee1c74f0f49fcf413c50a865077330ce8d7c961,0xf907f7c9ee9c287961040f33d13e01b7c3cff3c7,881,2025-10-21 12:21:08
11.747066052033468,3,37.183279276531124,1,12,0,0x632adb939c561691af10cea602a70ffebdd5b181,0x870a783d794061ed4cc04a5edfe8d922f0f5ca3f,43995,2025-10-21 12:21:08
399.29230816917186,13,76.17755406190167,1,3,1,0x538f00f92a5268bf913254b28b729444722784e9,0x1382ee74d4aa646109646060cc2224e1059b9b30,4259,2025-10-21 12:21:08
12.220883123498327,2,19.910428215049244,1,23,0,0x7d4b31fadecd31668b34a33e42fd8d600028cfc7,0x8653c6b6a7890cf254989ae13ac45921ba7f8c1f,48016,2025-10-21 12:21:08
11.59656916773876,3,39.58526993492831,1,15,0,0xce846c98477d24792f256656d6377f1e94e12247,0xbc2547480bb56150d2d16a82288c729535e74fd3,13922,2025-10-21 12:21:08
16.605051765176288,2,44.82137845112266,0,23,0,0x264db999315334d8e044c1eef2c309d2008333ae,0x910a0ac889ae10aa5f41d4fd116a7ab84b4c70c4,54190,2025-10-21 12:21:08
11.171699530449548,3,57.71899545423943,1,9,0,0x8cab73bfe5150470a126eb73c702d34cffa81ec6,0xdaaa8abe33861173940f35b6bcdab5f1afc6ba3b,82069,2025-10-21 12:21:08
5.348730880886093,0,34.17982214958064,1,23,0,0x2b91827044562bddcf4b75162e983fa33997027b,0xf6ec9cc124349a9f3242644844c02f05148e5685,2420,2025-10-21 12:21:08
13.851422659291645,1,52.9856667311059,1,11,0,0x656073fe0314004189e6eed3d6777b46a61e2a1e,0xfaa6d23254e0996e1ee48353a6b8ac5dd99a2a78,34676,2025-10-21 12:21:08
10.64553716577691,6,65.084730109817,0,22,0,0x2863d7c69c53497c2abe24840486899fd42184ac,0xa0a7508bbaa0e70b7cf1e1ecc973f6e9c994b1aa,39937,2025-10-21 12:21:08
16.182696833906103,2,60.741467860324086,0,7,0,0x011b3d57fdcc2d9d953788dbc5edee11d9846584,0x1c72e97c2b420ed8423cceb5711bb2b588f98f85,74309,2025-10-21 12:21:08
5.134433266244612,3,46.68230541183694,0,23,0,0x73c6818b79096b446efaff9d3050a0eb73e49909,0xfa9f2f4f5882c6d8b294d08903d374bcc20036e7,74596,2025-10-21 12:21:08
10.900704331032301,3,53.62754591952687,0,5,0,0x6a15e815bb4eccc1eed8f1088873d810b965217e,0x0c745d7900f7db73abec48d1d06936ae2a39e70d,89835,2025-10-21 12:21:08
4.190281228508452,4,48.12865651490911,0,16,0,0x353ca8ebfc458eee51a0fd811399f2dd66228622,0x665a0a93719ca1407935c5dff34a505d653510d5,33196,2025-10-21 12:21:08
13.609666538071451,4,57.841046951788975,0,0,0,0xcf28d7c67084c4484156ae66ad15802b5f61f97a,0xf093ff557bac00a7c44929c9897f9b72ca8401b6,50762,2025-10-21 12:21:08
5.414005660004779,2,41.425849518293,0,0,0,0xecf5b888819c9c64e809694a863a78893530575c,0xfc014455daeece8b6748f1617cb4a74e225a6a62,46779,2025-10-21 12:21:08
9.21081280557899,4,36.858467434023964,1,5,0,0xb2fc7980aa5971dd3c0312325c6ae6042b001973,0x1e4c26aaec276a7bcfb0b63ff83320294b9ff010,27658,2025-10-21 12:21:08
15.72535750383218,3,48.91698016010473,0,14,0,0xd92d7f1f83a80496da3bb4fa85cd510392a665e4,0x7860f3783f1137597a1ef29590fd5a5b0dd20c58,64169,2025-10-21 12:21:08
13.35959780938371,4,43.30725561667375,0,2,0,0x2e3c4321411e1d17b682058c00390854a4aaabb1,0x5febcbdeba5ee103cfad8ff062811f670f862cd6,92468,2025-10-21 12:21:08
22.600600812498367,2,32.776353850127606,0,5,0,0x2b63d5f7ed0efac50bbb73491266fdba7c211e51,0xbdbdc577d0e317f72c3c034b73b42241049fdcf0,16004,2025-10-21 12:21:08
22.793981372930876,3,39.22465735980787,1,18,0,0xae3f892019c96883e70aafd5d7173137ec3cdee7,0xdd43c9fcac71674fd25ce028a9c458a165ab8a0d,50200,2025-10-21 12:21:08
9.667906985022672,0,52.57176821102023,1,23,0,0x647e1f239f44e00fba0ded4e127b97b9e17ab89d,0x3a2039c50f842e89ba0d1dc729848fb04b36a0f2,90565,2025-10-21 12:21:08
20.282557053242346,5,55.64170702341044,1,12,0,0x950aa24c228f4de76322a14b11efbbb35b57a553,0x47d72fa4b8a1ba66157c287bd26e7e029b8604eb,45896,2025-10-21 12:21:08
5.825648031626383,0,33.06624231456685,0,19,0,0xb4a69a8ff39051a6585d53b82e0a977ea0815e8f,0xdae921cd010582990d5513dcdbaaeb4551fd4e49,21826,2025-10-21 12:21:08
4.6802119844359575,6,30.78650054681453,0,3,0,0xc56e84089dc6f714c76f63c192dddf83093cfe7d,0xd16910b5e0335be435946482edc1ec04aebc7826,9334,2025-10-21 12:21:08
28.26647819737035,3,45.565106484655566,0,9,0,0x79e919367070549e659d0e5cd2befe5658fb8749,0xf3f645f79c9875b4e3d172f5042d0679831d7835,17463,2025-10-21 12:21:08
8.184641821157488,4,40.95361479959054,0,23,0,0x23a978c7926a7206d206abde63d1f9d4aa85e9db,0xb4c8ba3610046b4d3d811904fb40546aeb02cf9c,64793,2025-10-21 12:21:08
23.33211519068975,9,38.72907175227704,1,2,0,0x8b01a521563cc9e8abfc21fad4eb805f765284eb,0x851c82214254a899db2234971906747d739a2c8e,9872,2025-10-21 12:21:08
10.746563678178848,4,35.75074184280726,0,16,0,0xf08980c6819590d2aff4f6a47451b4609887a8d4,0x3516b65bdda01225a723f8b77086fd9f3c5e0cae,34574,2025-10-21 12:21:08
14.02061630352048,2,47.95665551482,0,8,0,0x6068f284c8cd7dca6951bf61f55f8c9a38ff14f2,0x7f8f8db8ec099b98ee95ab501a971983a3dbf46a,40130,2025-10-21 12:21:08
9.161709732637954,1,36.1428620020031,0,3,0,0x51c983647b3d6ae4275e3e8f819ce838c97df9d2,0x08e5c4c40061db375b36e600465060d1facfc9a6,78620,2025-10-21 12:21:08
18.93338321460798,1,42.07242081227545,0,0,0,0xd96becee11d39631b1422e02e3b5a5b435cc490f,0x0cadb4ee23ebed785acfca1188ed96d3de31c9c5,81471,2025-10-21 12:21:08
10.156278953168231,7,25.888406747395123,0,10,0,0xfdb1d8935410005966e8f2d801e6b19a3f1a1adc,0x66cb5b5b4f7486f1ba27c8e71c94fb873db6a222,95798,2025-10-21 12:21:08
21.146882691702384,5,30.603918692011725,0,12,0,0x0f89e2ec0e957661a351cf4b421a6733ad839db2,0x5cc8227c79d6304cbe86c27a4911525f2f3e9bcd,57118,2025-10-21 12:21:08
347.79699739035783,13,159.4212458792542,1,2,1,0xacd02e4c1489a5e24b0f78487e714b720da33933,0xe56fc086805df23d24d116f33c7a6f1a421d4227,74407,2025-10-21 12:21:08
38.08913843095582,4,52.958638123412264,1,14,0,0x8ad086cfd41d9b9e93fae33abc173f816446e328,0xe267fab442a65bdf693f26a22ff3a90e1d2bdaf5,54206,2025-10-21 12:21:08
19.155211084197166,4,55.30438785636791,0,23,0,0xb2416cba6bf478c3abf11faecf35510f17428bbf,0x3fde86498ab6534e501edb162bd3842d64ed6890,67748,2025-10-21 12:21:08
5.5076945518044065,4,48.09046835024035,0,23,0,0x6756e2000aab61cb5dde09748217a4dc0ab5eb27,0x5805b297cd9633c7b5e643063cf44a118ec57edd,69065,2025-10-21 12:21:08
11.34933195727536,3,46.16508052475871,0,3,0,0xc51526fe0bed09b363fdf8e74e0cfd27be67019e,0x522da42a1ff3b3c86f706988bb40cf5267519a98,79688,2025-10-21 12:21:08
41.83462215704908,3,42.018474738001,0,20,0,0x644bc980464ed9a604dd553c47504eb6fb7d3135,0xedc681f587949a16f77ac1c373963d88af3f2386,21100,2025-10-21 12:21:08
7.7254525459486905,2,59.548261741466504,0,7,0,0x550a66c4cb3bffa2aaacc7afc72aa4799d510619,0xe388cf08727315160376fc6e69aa6a66464c63b7,14953,2025-10-21 12:21:08
11.239279658813244,3,42.236647049557824,0,0,0,0x93a5c6663a99bcbb5270dec747b3ff13a790ac4a,0xf65bf541571517de3b97c579d98b600a0c1aefcf,55246,2025-10-21 12:21:08
26.814657835155263,1,50.011292760645766,0,2,0,0x5333c2fbd94e52daa2815770dbdf070c28210ccb,0xaeea258e7c2ea1eddd68b741bfbdcf456fb85462,46356,2025-10-21 12:21:08
28.568438193679047,3,43.97896941108561,0,22,0,0x09256df5583f4ed03956a195268a37952fc223d1,0x84eadccd8d27f6e39532d5e6717097700653181f,65129,2025-10-21 12:21:08
12.828719003853616,2,57.450410082232565,0,12,0,0xbb4bd7bc68b23e79a201997b637203553fe78e12,0xad32f164983c1b50e16a6dd45f31dbc6daddd948,75163,2025-10-21 12:21:08
12.795895860747471,4,44.674961069423105,1,3,0,0xb70069e6c6cce4bf6ddf8552eddf6e5b4225542b,0x6d1d02ad75d16b7bb3df7c9d3f2713601b480256,70462,2025-10-21 12:21:08
33.16227435349319,3,46.214610641995456,1,15,0,0xf1339cce1deb8aa20b4d9250d930d0979a3925af,0x5bb679dea50cd30bdb47cc1f4dc5cce2dd139e99,50835,2025-10-21 12:21:08
11.212636702650832,1,29.405642208737746,0,16,0,0x98507028378efd758a5ee47f323b8360b576431f,0xc712b1b0f0920702c9d82f8be0563dcac38c3c65,47024,2025-10-21 12:21:08
12.630798109891847,3,36.747080391691355,0,2,0,0x0c04861596c7a82bf16789bd48e08c94dff150cd,0x3784e7ac3986cf7ba05f0aa63c60e92285aa674b,17248,2025-10-21 12:21:08
21.208800458839104,2,40.76166461793517,0,17,0,0x66ebc97f01a07b7b29eb184e8f15ad0636800a69,0x3f259dfa61191e702d601432a78195865fea8bfe,19134,2025-10-21 12:21:08
410.96025297299,13,159.8003299012025,1,3,1,0xabe1736917f508a13877d3df0932ea20823020c3,0x6a165dcddca29c00ef88dc412ccab57854cd0ca6,5728,2025-10-21 12:21:08
15.047821620708671,3,50.73767109901901,0,10,0,0xf9b69a770a579ffc9f78740cf8999946bb6a37a9,0xc94f0a4fd3aadff37cf1d8e25180ec7d9da25c25,55596,2025-10-21 12:21:08
24.839413133952256,3,39.30648576418862,0,8,0,0x8b3f1931b0d0a3d8de8e64502f0f94325f5838ce,0x065ef6f478e857b6bd460434694e1411711eaade,20642,2025-10-21 12:21:08
6.868367512083812,4,39.52808211117509,1,22,0,0x3771d9db71a75c2badccd6b52d43dc5007c7b8c7,0xcb029afe9b6a006256a03c2af8768e80ae96685b,29699,2025-10-21 12:21:08
21.79486344659461,6,33.95548172145004,1,9,0,0xd1da47e8fc5e38fb35bee4039276c9e0a76eb19b,0xb5de2f0c50adf42ff9bda80ffab2200ef8edb0ec,18227,2025-10-21 12:21:08
27.029165456797156,6,55.15392328675223,0,9,0,0xdd3e18c700740a31fc895a800a31ee0570aa9950,0xc22974366223ecfe1b19fdf6e241bc0f8d3844f2,13659,2025-10-21 12:21:08
10.480330242936263,3,49.068476351397834,1,3,0,0xed75d0808d2776b124c41044b275113ecd5b8cf7,0x49e5fa14a6be7e3b524cd5a280dd273431f6169b,73965,2025-10-21 12:21:08
18.63289661897423,2,41.956551289460485,0,20,0,0x7ed1da35d5eb95e77dc6c455d2eac2b654a553ba,0x6d581a7745e81d64c783cd6090b13cdf8e66a5e3,91764,2025-10-21 12:21:08
11.149988296014723,1,49.06094018848667,1,2,0,0x4c6aa0bc9b5450373defc97a7156603d65ecb299,0xf8aaff50592f00158bb14703b05d8752e17a1ad1,32507,2025-10-21 12:21:08
54.36930294310969,4,52.27167988892101,1,3,0,0x04a7ed24e8d7a8ec4c2ca830eae1f7f15b48702d,0x851b4b9f9fe694caf9a348f4a0580471e0330bf7,22315,2025-10-21 12:21:08
4.134495689075989,3,70.03171790905711,0,5,0,0xb4b761db64574f804000e48154bd6625e2ff143c,0x332772dfb6e1e3f2ff0e73ca2a8f4ce42b3dc2be,70051,2025-10-21 12:21:08
11.945840603595583,2,42.79434059732686,1,10,0,0x3f37cd02820cf439c7aba8940325e147a447a439,0x1363138da06e82d8bcc84d82d651893724d08329,46612,2025-10-21 12:21:08
25.345982020956612,6,45.021835908370356,1,15,0,0x81039b28229c6cb1af75fbabdf87373ae4a9ae65,0xafb910786fa981e9f4e867ef085efcbc5b720b95,98244,2025-10-21 12:21:08
24.87049828885837,3,58.96760177398491,0,6,0,0x4f1dee4e96ac55ff4dde803f6f0cbae35976fb8e,0xe7353925045d5d2c42ba421fde737b7c5535c594,94093,2025-10-21 12:21:08
11.538393392310288,2,47.269319438002476,1,1,0,0x62f9328eaa79c8991446337058cccfe14998eab3,0x95e9bb4c737e7c24a6cea976604dcf9bbe395e8b,90738,2025-10-21 12:21:08
33.233002457364805,4,44.037877379594214,0,16,0,0xe878ccc194e984b37517b46381b98354f263f0dd,0x3ec9612cf72a8392fdc1b103631dcaf5adeaf71c,29707,2025-10-21 12:21:08
18.057127206309094,5,60.08918894266903,1,5,0,0x725b1836e8ca2c22de49529f806a842ce937bde2,0x15227d2c5f02a49db3740d9fea9ff0d24c2a4006,11461,2025-10-21 12:21:08
7.331543062208432,0,56.685803642733816,0,21,0,0xe4b2edebe5b06eead5b52f0fae063d537b8100ed,0xe4188833a8b070f6d5ae74c75d8236e1572f0432,36058,2025-10-21 12:21:08
38.99203519232816,2,48.699256130043906,1,17,0,0xcbbf6cd12b3891ffd91c0fe7dec74201d879a3c2,0x54212df9385e5093ae23198503a4163476b24793,1699,2025-10-21 12:21:08
6.800741000409241,2,41.20375503323166,0,4,0,0x47d959ea373419f3e9d92bebf77d658d33f5f011,0x6bf8ab1405c6555ec783d26725fc6c6a1d79c552,62091,2025-10-21 12:21:08
8.266933267583564,6,42.77425072775147,0,18,0,0xc93f4cdd17478eca8391da1fb493586fbda3614b,0x5853855eddfdd711f9e4cd8f0e01fefe36bf22d5,42560,2025-10-21 12:21:08
8.792904921126897,2,31.33885919066315,0,14,0,0xa8ad83742c53cfc23c097854b83fd0bca60deb83,0x92663c94a40f99d2bcfcdc4a4d5f0d548c35e6c1,6231,2025-10-21 12:21:08
9.91535568449556,3,41.0679899631781,1,4,0,0xb2305664d9b9459b78d525e3f3aa657a72a31067,0x547becfd53e022856cf611b4dbccc1308a718683,36944,2025-10-21 12:21:08
15.664725570644213,4,47.5893042822569,1,2,0,0xbe7c567375b69d67adfe4170effcc143ba1e364e,0xae3e1b4fdb16a3861785352da39646b77ba33a21,77764,2025-10-21 12:21:08
8.764987176658586,7,49.575419340047816,1,8,0,0xfc31109d5538c32a980ce106bcf0aa055afb43f7,0x034433dfa1e71a48c40898fa0c28116c634f8ca5,92646,2025-10-21 12:21:08
8.694574270588427,5,47.73660119212502,0,17,0,0x200422ae1f8ac561a07df9e3c8b8cab39245f930,0xce1a6d9de48caf1f640f0bdd0408a87e481bb2fc,98298,2025-10-21 12:21:08
15.034958550421107,0,51.36553206873264,0,10,0,0x6e41dad8796ece891dc28515dd49441df5c68d4a,0xdc231bb9306431ccb7bebf242b963bd80c44eacd,11080,2025-10-21 12:21:08
10.113184271904746,6,34.840045688319705,0,20,0,0xea4ee856330a41443ecb9c845fd0b4b8ba58bc31,0x60c767defb0ad256ffeecea28fe46d643cc83bec,57359,2025-10-21 12:21:08
10.606205791909922,1,43.49531858505018,0,2,0,0xe83dad10142c5d31c6ba57c94234458366ffe508,0x6173440ed3631463e5a3cf2f9a0afea7a5fc9203,31676,2025-10-21 12:21:08
11.020167152664984,1,27.98859525732758,0,9,0,0x52a1dbb2a02e4390429adcd6d9dac7497554a95d,0xdab3b7524a5a41f5dddc77dad52cfd70674e3f40,73607,2025-10-21 12:21:08
9.370111724382264,2,54.91926309886955,0,9,0,0x0747295003dbd9c52caafbb49af39b2839e64642,0x5bea94c448eb879fd841e197f201eb569b50bd0f,44497,2025-10-21 12:21:08
33.71267303012587,5,49.335624601918795,0,17,0,0x58eeb5f3e02219e17e7234a84a56a1353421df02,0xf56f0ce74254be9505fec0b4e45997d667e6483f,64798,2025-10-21 12:21:08
44.45088749753268,2,24.408395163076797,0,0,0,0x9f8074fb34a6d715d3d7cb3b243eb48daff2ed11,0x39860a2adbbce55fcbf0d8ee9ea695d30e84f863,75580,2025-10-21 12:21:08
18.631714437556873,7,40.197855658676005,1,13,0,0xd869b359f5283014dd76801e93f6cec041de11fe,0xa17d806b3b7c019f96ca5cd0566c7d5b16005d50,34488,2025-10-21 12:21:08
13.11718082220902,4,60.15318094323802,1,11,0,0x8a94fe7c9f5a098e6a1d711376195aa39c0775ff,0x787ac0ac7452bd6eb8da2ba2700a19eab059d872,92113,2025-10-21 12:21:08
20.173828173943903,5,34.73374517115821,0,21,0,0x9d6bc283ae131fb3f1fbedae75d7af08fbad17f3,0x0e561affaa839c61f1c51ea28ca6eca947af366c,83373,2025-10-21 12:21:08
11.296894307970073,2,54.43597776272946,1,11,0,0xdfe1c0b39e07179066425af4838d95f82bdc0b5f,0xcdbcf869d128b393d9de8588ef25d53aecbc026a,30318,2025-10-21 12:21:08
11.080593677135159,1,59.201849387819486,1,20,0,0x3a9e330482b1b1e96d5e1fc06dea54f49c2aeb4d,0xf66989f01d2ea11ebf2dd6c48b714f02a48a8f2a,17193,2025-10-21 12:21:08
12.3902353971256,3,54.79259744286963,0,16,0,0xb5a66c9974df3fb61f73901e040adb8aea392d83,0xdae5995d8526d0c22e00cc77f895b7c3ccc47193,85653,2025-10-21 12:21:08
6.500333026211066,3,16.980884305121084,0,21,0,0x013a0560526fa11eae3a7276f4eb3d9918341119,0x07fb1fe1aa4a0b5db7695fb0aa862dc32302e448,3443,2025-10-21 12:21:08
10.038142595440137,3,40.496318087433316,1,12,0,0x18cb4a5312d2efaa977e5fac9a7264d88450bdbd,0x40d4a6b369fbc1f1a62625c64d6c3f0ade79918e,50361,2025-10-21 12:21:08
14.017009368875213,4,52.77797630877715,0,9,0,0x3e03b0cd9358115a9bc5b21d2bbf3c3639d55cd9,0xc5c459035f556f88230bf035fbb24f8a001e59a8,51539,2025-10-21 12:21:08
98.62151791788297,15,137.65756673689054,1,2,1,0x28fed9d49ee89558c9ec42211d57caf77961e9a1,0x7a474e9926c56477a4f9fabf6365bc1e1c96622c,57457,2025-10-21 12:21:08
25.44709002218297,3,48.81244655162099,1,14,0,0xc96358493266f6f4c97a1f305520b4bd0279828f,0x1fc9fe95feaa5a85e74b7185a4e1902b976ae864,59219,2025-10-21 12:21:08
41.96777852946041,2,50.870575345945355,0,13,0,0x675ecd49c7bdded16d0f6e53285fd5c04eb6d3bd,0xdecf03f484f84eb8bb5903d99fffbd2806af05eb,75830,2025-10-21 12:21:08
34.02260266757603,4,52.53189949732549,1,21,0,0x1ec8587e011c1d3660737f9862b246db68e0d2f0,0x16f1e2bbe9e44f56605f058313629591109be16a,89073,2025-10-21 12:21:08
6.222859576101464,6,43.56418411287866,0,20,0,0x5b961d8cbf42d66f05e2e64e3c96ccec67f4303d,0x436bbde8d7a9af10cfef8286522ad0494906ae71,74256,2025-10-21 12:21:08
8.459641592291447,4,41.88532805100798,0,2,0,0xa906567e51185507da736e8dac0bc4c76c9320f2,0x790b90ecbcaa9cbd4786e7495c68b2ff6085e2c1,53409,2025-10-21 12:21:08
8.620074777862063,2,41.828971674260345,0,7,0,0xe14df0378eff0254b011f65ce50cff03f9e5a543,0xbd42e1b1a1b42f592ddbb47d7d3c60c1e0351167,45349,2025-10-21 12:21:08
12.7573953355937,3,42.44812828485716,1,22,0,0x16bf5f6d200336c636785e3918b653310f459804,0x17b351fe879e3bc204aebf2318bb3ea39c477e4d,9842,2025-10-21 12:21:08
403.8449261159097,19,133.9160186096371,1,2,1,0xac48afa3cc225ea0006d4ddae8bade256281bbf6,0x36920265b90b1299a48d7a0b7fd344dff2720da4,54799,2025-10-21 12:21:08
95.54063490239977,12,89.70107670522228,1,4,1,0x93ef867a9253c3b1fa98a0f0f6e963d745b3217a,0xef75c40e2fe2d878d18727fa4c9d8b1e0fa1158a,30566,2025-10-21 12:21:08
15.981360553755344,1,51.85656392513711,0,20,0,0x495d5386bb9bc7f6381d4d1782f4f852f58faaf9,0x8a52c34e1e98004a3959e8cd0ca062999f28c465,87642,2025-10-21 12:21:08
80.04981434451474,4,43.97943609371152,1,1,0,0x63f302b80c11756a3fa33b5bbcc3d0071b897e0f,0x0f3e76d448858b6aff51e2ea80e60967f2142d96,47549,2025-10-21 12:21:08
22.917291477960934,3,55.73412702410445,0,5,0,0x9af78363c2a0165eec7af25b5bf1018cf52e960d,0x9b16ffe1663928a039deedbe37ba3d943f07194d,78079,2025-10-21 12:21:08
10.343578145959329,3,37.45701867392857,0,22,0,0xc7962c3a634cbf0d49d9cfdb32b80949c1449fa0,0x91ebcbc43f952bcbf512144cca756acb8fb35c6a,85507,2025-10-21 12:21:08
42.315630094213674,3,35.99839772126337,1,2,0,0x36e0bcd9e1391ff1f012f30064c698de079e38c1,0x2db7e33dc18c89947a7af02bb1426e1bde2faf6c,15033,2025-10-21 12:21:08
11.970464351869563,2,30.9177323169255,0,18,0,0x87d542f0e59470c9f06e7d9b08667d7c03cca825,0x22402ec11bdcf21d249b96364e8c3219313284e2,1489,2025-10-21 12:21:08
9.092376048952511,1,33.1244683322496,0,20,0,0x3022fec2a58f660ce83c7b07846a910bca58fb0d,0x6afd19507b5732eadf9e36586d2df947c442bb38,30718,2025-10-21 12:21:08
6.187733949929631,0,43.71601734082391,0,22,0,0x90395de81d46b3c55338a0c4a88816d97010c89f,0x8bf24746bf9211afa8f0ec0e155a55e5d7c58dd4,75913,2025-10-21 12:21:08
19.346646874733104,2,33.35336651487605,0,19,0,0xaf437f27253cdee76b4cdec24d37a499f418e5af,0xdf30ca1a38d371089bf5a942e819ece7e3ddc67c,97345,2025-10-21 12:21:08
6.737522553644998,3,59.77720295302075,0,3,0,0xf023f99d1cac9e31ee5c9e8048a6da5f6dc82709,0xb09ea088a904adf3d9caad3a14affb12788e6380,85562,2025-10-21 12:21:08
38.41387845205062,3,29.634693096179618,0,13,0,0x58047fe9ea55d27d0bf375a80eef1cfbd0a3c838,0xe1f9d44479198f4d6843ef87c23e80af6e9e29d6,55121,2025-10-21 12:21:08
11.396022182963716,4,26.417085117748925,1,22,0,0x5493c91c72ec0af96fe763f793ebf4f7c1fcf9e7,0x89acb03e2534c42fe6c58e424bcab9f8f46ea0de,15582,2025-10-21 12:21:08
18.978111495715705,5,51.88259710772414,0,6,0,0xe4f4632c5d5c9b563222efcf15057516b28ba750,0x63a47741d5504d3bedbfb07719ad82c23d61e9fe,64163,2025-10-21 12:21:08
21.50995556025848,3,51.188603301446356,1,9,0,0x1dbc7508d7d19b42d068ba62523fe0109135adb7,0x183a6c8640b87487318cdc86e73a93ace0c8d984,88423,2025-10-21 12:21:08
4.747886814150656,2,53.08359549665708,1,18,0,0xdd98e963edfde60abdedcd9aa507377dd15c9dde,0xda62a78be7c4b522ddc68ee81a6d7dc0938846a5,24153,2025-10-21 12:21:08
7.706348780455079,2,40.48781173056123,0,8,0,0x32c8fb9b814e99687932008373b53e107f504212,0xc362c0ca16936f76405b63b2592974520ca04405,54378,2025-10-21 12:21:08
9.753550774858434,2,51.73472796158231,0,18,0,0x191022327bc3d90d16c58c5178453a1b44dfd0bf,0xd8376a5e1d895ebed90da9457ef93b82715f0a39,86859,2025-10-21 12:21:08
20.113983450545447,0,44.00685662207968,0,9,0,0x402a83850b2c2d3e9372ae3bb26509052f8bcb1b,0xf8699c3d6230deb038014dc6ff164529fc51994d,87133,2025-10-21 12:21:08
4.684240361624575,2,52.152365838912324,1,23,0,0xc28b50165d0915b55dc819f9ad8898f8298c982d,0x4521c237a6cb06c239aca618a438818f005c0f55,1723,2025-10-21 12:21:08
22.17546591701483,7,50.44459869527462,0,13,0,0xc33dc3646f567583b48811857d77d4aa932f373e,0xa86102f1c79a93210610f53c2c15d3e9bc539b85,5329,2025-10-21 12:21:08
8.440903209323558,5,42.17759408076771,0,9,0,0xdd77d0faabbd8dc25dff28064b2ba60568e8646a,0x58b37bef3b6824032f255c151d918760b2865f68,26956,2025-10-21 12:21:08
11.787782333698981,2,60.19336351090644,0,21,0,0xe0d6cbcc9f3156acc674c9a9ca739e0b734c3e69,0xc89895d0b3ed7cae40500d0df69aeb67f5a95d50,78402,2025-10-21 12:21:08
14.650053959307298,2,44.23760982679402,0,22,0,0x219b16aeb9c517de57537354f367d50631293d68,0x1b2770430f5c6b0c0fa5ddf24a52bf92e4bc6a00,2315,2025-10-21 12:21:08
7.738358251005215,4,50.10535378451236,1,19,0,0xf9a5948b777e7799611a45c80af667cf0bc9c394,0xae89cf775f96b52c6652a108c644f3d83e6c7949,62830,2025-10-21 12:21:08
21.579088663296197,1,42.65492464854109,1,8,0,0x11a32fc6d6e1f44d77ac3905b607fd872892b3fb,0x8aaff489aa89200b5f86ae1582d56b1ccd8c99ac,94602,2025-10-21 12:21:08
5.062654908228343,2,40.20035357287791,0,22,0,0x56c762aa1a1dbc8664c56c89350631371e006f63,0x45acc16cccff34bb6542c5b5dc5aa01c888ac443,35210,2025-10-21 12:21:08
16.671510304709606,4,40.08455586193095,0,8,0,0xdb4cb46b246ba6c83f0d4da326835002d4f58e89,0x771ba80321d908430a9ff55661d5213d6aee4dd6,15288,2025-10-21 12:21:08
10.018024100971441,1,52.7982864075505,1,0,0,0xa0d1eab74ff281697fb10273ce483b85b6799081,0x93057a066fc01e919ae314ceed7173c6a535bbc2,50924,2025-10-21 12:21:08
13.48551969265077,4,49.12355969085948,0,13,0,0x209a2d16659bac3b26fa28976d1927ba2f734d8c,0x9dcb33bec80c787d47ec4639e5f55e0cab2d082c,38830,2025-10-21 12:21:08
8.373808955948226,1,48.3276047863701,0,22,0,0xa91b2ebb07ba8982d4f8d4003666c5c0a2f4bf3a,0x7a4bc6af1e3f3ad19d81047cd7d40669af65b170,15252,2025-10-21 12:21:08
35.78492101066691,4,52.248293734858315,0,16,0,0x38f68cd692ea93e802ea3ef36a3970299e5c2764,0xa06f03ac95ff48b7abdb2252b05b0181c1b43392,56342,2025-10-21 12:21:08
12.335437587247684,4,53.22572921200481,0,1,0,0x1a4f8a4b2d6bf27445a9c5f2a68b033e051acfad,0x36cb2af5b2590e23a3c3cd010e38c7071a4de88f,9134,2025-10-21 12:21:08
8.835724346457159,4,34.70389028910599,1,16,0,0x5f09c459ecec1060d6c08cf45d607f5b10e032ed,0x0c8a5b0ff6243dcb223e251b0d860700598acae2,86608,2025-10-21 12:21:08
13.940675132203664,3,49.847346479689236,0,12,0,0xa5f9c70b6747ca0130c4921618572428075f616d,0xe19eaa054ed9c645e1c0512b07697e452e631650,39488,2025-10-21 12:21:08
16.51657494254608,2,32.70473748782614,0,12,0,0xf06af71ef912937b2fc5c9a7913e0a70b85fbdfc,0x8a892ebd90b63d278c736b1ac0ee09483d369016,87973,2025-10-21 12:21:08
24.50417748663916,2,48.23247187533562,0,21,0,0xb2c71a2d6a0f8982d319acee0cafc7a8e89ce44e,0xd972801f1d7f3f279020e2b5dd7d5c4145780abf,57311,2025-10-21 12:21:08
32.11585052626944,2,31.18230811432296,0,17,0,0x45f311b543ff5c3935ac3cf8ec6bc5fe2ab3c12a,0x1e988d49fa635e9fda0aa5d9297cf7eca672eb0f,7046,2025-10-21 12:21:08
13.938727138218319,2,42.00306504067111,1,16,0,0x08927f3a763e6b7924efae265094cc3e10bcbb66,0x74aa2eedaab750b138f8910c01ec9387b2ba0f59,49549,2025-10-21 12:21:08
16.59366772644972,2,34.42163381389766,0,0,0,0x5c48f1aad28bc125961cd78cd0539a9455e68b38,0xcca61afcc57dd0d7d2adcc89f971edbe158a21bf,28864,2025-10-21 12:21:08
5.517142569382814,1,34.314792459175614,1,18,0,0x08b7fe1e66175e5bae4bae7ec98d4d0a5bb0c452,0x2e53d1b4744e5d80f1fd7bbd74d4e57c33dcb09c,86321,2025-10-21 12:21:08
6.368513454791071,3,52.65402156013349,0,2,0,0xb01dbbab2215646b2ea4c235bd3c365bbfc070b8,0xa0644b01d2e41da65f97b07c275c2e140235797e,96712,2025-10-21 12:21:08
10.95539099592439,1,41.6421406102025,1,11,0,0x364b92c7d91ea92b444677a27f9c1314299a2435,0x5e379031fb984e5927cbd37322da22ffad47ec3a,17181,2025-10-21 12:21:08
27.44882671720004,4,49.1905073475346,0,17,0,0x49c423dbc2f2e9895fe910ff2233cd4c3b1ab096,0x85339b33150a9f24573fb3dbd0a9dee7158504ab,80633,2025-10-21 12:21:08
11.929411502748062,1,38.40976173340329,1,2,0,0x88a08d0019aea58488d7ab6292d38bfdd2c77515,0x7bff009184c3c3c40fc325a96db001abc9bc4b8d,11809,2025-10-21 12:21:08
11.812564650308909,2,55.556942488831496,0,20,0,0x3de6a02dd70c9b22b7d0f9463e9295415accc282,0x33890ce296bb5f4ceff611ee671ca0ca409a9847,29364,2025-10-21 12:21:08
10.78171651162089,4,39.473070462165026,0,16,0,0x8578e7ad127f4935bbce5d640dece7d03225745b,0x30e8dad3aed2d108031eb74a2bd32915dd524b8c,85904,2025-10-21 12:21:08
17.603729511150362,3,56.77000636790337,0,9,0,0x5b0ee60bde6cc7375ff5aa85ba4995fb789cccf9,0xfee906fd05cf43c293dba048599340cd33842979,2261,2025-10-21 12:21:08
11.066475606805513,4,49.9576557301551,0,5,0,0xa776c033b23b122906378111715f4f981ff0194e,0x9d67e36a38ce4dc43f40fab0817a1c81df0dfccf,24554,2025-10-21 12:21:08
10.425400551800784,2,40.005488071147866,0,23,0,0x771bcf4bedec1fb6974ab0c6e2c1d51d97f217cc,0x72d646f72446eda17f6b96470ebe6ca87ee37ebb,90557,2025-10-21 12:21:08
86.20827843767414,13,158.28155946590653,1,4,1,0x5c349e6bb3bda6542d07ad6e534d415a4086dadd,0x70de0a809f223cb2d2447c6cb8ebe43b3ccfc1d8,4364,2025-10-21 12:21:08
14.410846839778808,4,49.84591378839275,0,13,0,0x15fde01ee626549d8f94d476091f3861ab707402,0x6a1971e13fe6f9842e581c69a9f35e3e14dfe292,68175,2025-10-21 12:21:08
12.746544093089701,4,45.63383392637718,0,22,0,0xacccf6b67aca35eb67d24f75012dbe6cfd9288bb,0x9d2136134924be410e1bf47f0de5d2c49a049182,14891,2025-10-21 12:21:08
17.914915892203492,2,32.45977347571483,0,21,0,0xba787833e46836bb5c88842ce516dec61e53679c,0xa9aa944d294dd477518e56a6ad493e6563e19863,32245,2025-10-21 12:21:08
19.620183519194235,2,48.99996552943607,0,15,0,0xa048d137b47e9f90d651623dffa520905368d726,0xe177972b931d6b6088469e72643916c699b7af3d,57627,2025-10-21 12:21:08
10.909238490504258,3,46.76762103250264,0,4,0,0x0f1897e6a91ed16659b45fb83b908f7a13225676,0xc9e1a20eab579bbb73f3b9bcb053817c6719b8c3,82152,2025-10-21 12:21:08
538.3885826917253,26,142.08680925297097,1,3,1,0xebe81f93e1fcfea2c90d7447eefaf889816f63f4,0xe053e10572b9781356f33c66643dc5698c45d44d,82791,2025-10-21 12:21:08
16.34014129757289,5,42.36576364880496,1,3,0,0xd56c191ec1cde45eae52be366e5095dc0a45f67f,0x201cf6afb3a92bc376700b3cc8e5ee1ed3fce384,55469,2025-10-21 12:21:08
12.219928149568807,6,53.31498866931662,1,21,0,0xf85a6e3969020a7261bb4e292dfe4d71a33cfedb,0x5283c831574e1043983b6bb5132cbb5a645d3b63,32209,2025-10-21 12:21:08
9.386779503703409,1,48.41753920713539,0,15,0,0xa4584b97425c347aa362377cc83934d4209e0bd7,0x2dc8c264deedb2ac4714ecb0e677f6804d0fdee9,27368,2025-10-21 12:21:08
18.296781896231632,2,34.65402040393345,0,16,0,0x3ca9eda158e423ec1ed6c337942ceb57908dc349,0x6a1177089f9999c1a82b0e2998c128c514a0948a,29515,2025-10-21 12:21:08
41.86697298362239,2,34.84418620349455,0,7,0,0x28cb5fee08a423bff40926853e380532a043937a,0x0e93d817d480db6bb39d3b2be76e1e19ff744ad4,5712,2025-10-21 12:21:08
6.4200617906696,4,47.18718266141488,0,15,0,0xa1a9ad9c3ffa01992b016995109d8094f8fc85e2,0xeacd8a6478a202eff88a2bbd1182831d82106fe9,51538,2025-10-21 12:21:08
5.263832932163707,3,59.14840662825554,1,13,0,0x12ff0217e960043e77e246727982bf1d14b9b056,0x7269089e525d0d49bf833a221f38343b97f8549c,38505,2025-10-21 12:21:08
16.219666644253586,8,48.97637501776279,0,20,0,0xbc4a7508b4c4e0429c2a978c527261572c8a822f,0xe38318c85d01f9b60e585a63a9cfb0a07468f2b5,71993,2025-10-21 12:21:08
11.99713123436926,1,51.11070905110571,1,1,0,0x4f8dbc000e3c6ba1b23011daee53b6bab71f143b,0x55e0a988c78d2c48db937620d093d6febdbbc1d5,29990,2025-10-21 12:21:08
11.711249122510576,1,39.68588598861575,0,8,0,0xd9188c9cb3127ca7fbd6c3098e6c0def421f25b6,0xe5526b110a5ea7adc3367db142e706a51d57bd07,85138,2025-10-21 12:21:08
17.67945548773885,4,61.666632592275235,0,12,0,0x98c9befa6b0c6c0c71108bceda78738e709d4df8,0x9d0c8ee0779d8e9b93ce23dcd7d3824f7e7c06bf,90101,2025-10-21 12:21:08
4.266871189113484,2,41.4745375726338,1,12,0,0xcb705a51af105f87471ba5b17b14cb6637d694d3,0x4b303208661ac633e832457d38d24dfa252df6ba,46187,2025-10-21 12:21:08
15.099662856823997,6,65.52073311421935,0,2,0,0xd1137a581c6d01da8c78d6bf9eba83f234b9fd33,0xb24678b550548ac3c3ddae1a6a5681fcf97a7851,28631,2025-10-21 12:21:08
7.01706794727016,2,45.87391428920122,1,10,0,0xb63388de48a1bbbc4a67bf4b8ba2cb7a8648adfc,0x413b47f98ecaae4a5b000174a924a7f69198b935,13274,2025-10-21 12:21:08
15.448039777666123,5,34.04129189201282,1,10,0,0x7fb7513eb0b94cd90597cd90f5fb3ece8bf7b3ab,0x1a4510ed9aa2af1b5ae21cd608e046942118af5d,14116,2025-10-21 12:21:08
18.974195946013737,4,45.199954862064196,1,15,0,0xffa1cc5d20dda63de8ecf99afdaa2ecbc9fe9e9b,0x39f96e13d0a3698a4568a9af9784871b0dc3b12c,46656,2025-10-21 12:21:08
9.112695029931878,4,29.70225919890664,1,11,0,0xb0b13bba6fd7d3298ee7c5876c592bacf53f46cd,0x69d42186832dd92209f7631e67e0bd7eebc1e57c,75108,2025-10-21 12:21:08
7.859948238365257,0,46.57634558440944,1,5,0,0x6b8f855c1720342d6a4a945aa5827a6f846787bb,0x78d119e427ea77a774cb6acb0074b36cf7e968e8,80946,2025-10-21 12:21:08
3.975211800200711,3,38.867881075240035,0,9,0,0xf1a53ccdf38651ef09d3e831c7503940180eae7b,0x98880a49fe056a41e870d70deba4965e1252018a,54675,2025-10-21 12:21:08
10.060004767721193,0,39.02618938954857,0,14,0,0xa81b169dc8982657d777a9f5843627ee7a497223,0xd224c0a00ddc3c847a2f934b120c6f5a182f2acc,82329,2025-10-21 12:21:08
45.326042636097114,6,42.34079925804448,0,16,0,0xcc8453dc832f120ba705eae1daa28bc85646542d,0xd0c9e60f7a128deaebf9dd75600aa1c95b612cc1,16770,2025-10-21 12:21:08
14.41969702145139,4,35.12477037573005,0,4,0,0x14d7d42f9e2e4df8ede7648fb1566bffacf31002,0xb10cf07ebbfaf91d978fd73dbd8990edd2255699,95392,2025-10-21 12:21:08
24.719151570982515,0,55.219627766781414,0,16,0,0xf6a46bc870d346a773da6ba18535e69738502d05,0x68eecb9514abcf023ae4737e7968ad8a6a52e01a,85143,2025-10-21 12:21:08
16.58244672677753,6,54.7048845961338,0,22,0,0x56004406d65c6b59146142fd890f69f3b404a7cd,0x4dcd886c599b6af54504c04fd1a9493c3e59750a,11091,2025-10-21 12:21:08
16.36510792672507,4,55.48116759269155,1,12,0,0xe5cfc11a8be0b17ec52e2da81e9465df0cb92ed4,0xf83d60be82c297d182148b877e62e2480d286f11,42802,2025-10-21 12:21:08
16.238547570953365,3,57.561974394136826,0,4,0,0xb224cc797d758d4fd960ef30ff9150857e997b11,0x092f3e0dcff0247e4be680410e6609d6f55b0ea9,47033,2025-10-21 12:21:08
10.634564952721577,5,40.37467033686621,0,6,0,0x2a7a74dc1ad336395a1eeff1ba4ff012886c4f11,0x6099bb40b0cdbe7b4aa4a2aa1930671f06e54ed5,40699,2025-10-21 12:21:08
5.2923189779757855,5,54.75200541684766,0,6,0,0x7f26c5ec525c30b78fd2a00089c429898540548d,0xc5c8c30b3a7eb9d34258bdabb41e22320e8ebeae,75214,2025-10-21 12:21:08
22.60497630257012,3,29.330406288326472,0,18,0,0x6f245a16f8984f785b332b89afcea57d1e3e1aa2,0xdf638a1b88163e448c5040ffefd6216843c9c463,2835,2025-10-21 12:21:08
40.59543950743746,1,49.46703610809144,1,1,0,0x1885b6d4903c3fbdd74e20e04789914d3b2a71f1,0x852b1d3ed8122449a60144fce6b6231baf12aff6,53398,2025-10-21 12:21:08
11.792020572840324,3,24.982598325237383,0,5,0,0x49990b68d1e9f08ccff18dc76a03eaaf6506fde1,0xef50806c7dd5b016df48734cd921bbeb4f369c90,34490,2025-10-21 12:21:08
8.303050284003744,5,41.049531478304324,1,7,0,0xbcdc71357ba2b5d5f0508340c0bf8f5c9dc9f545,0xe58581ad7f98d2545bad8d27fbdc69a83a2a82de,57586,2025-10-21 12:21:08
6.959023929908301,3,17.547004463276153,0,22,0,0xfd76688c80baa5e4ff7a9c7749a90c36164ff55e,0xd2dc0eda3f67e196c838939e9e0a5c3d4b71bbd8,83505,2025-10-21 12:21:08
4.474330946231443,4,76.57771283044298,0,1,0,0x4963cf086f8ba86e1fa138c68386708b70dcf7ee,0xccb225d4b5478189b7b0760d25045166ad55d5cc,26399,2025-10-21 12:21:08
19.611050969695054,3,47.15668770933618,0,2,0,0x427aa2747295b534fbb607ae26e8c1c99604af6d,0x8abb8181c2bfddc823d401a51ad1ce36e0ba5153,48201,2025-10-21 12:21:08
21.734719955408256,4,35.31516353038104,0,4,0,0x44599afdda59c1bb9a9cb820af08561adb01c227,0x6eef80b9526ec514f6fbe33ab917f2770e7cd1d9,77626,2025-10-21 12:21:08
19.836337706998542,1,30.233427764819467,0,13,0,0x301f81b84f33217581b07741947dd3d1228cb206,0xe5b03e6a6c5436cf46061da0f8be3e3a3ff12c2f,46825,2025-10-21 12:21:08
6.133492186643187,4,42.407781869959074,0,2,0,0x059366e6d56724d9a875c8d9cf41ef8d4f7733d0,0xec07c729697424ce0a4bb6ebeca0b7cca64a0874,51933,2025-10-21 12:21:08
4.327756595571668,1,28.477573226465104,0,3,0,0x4ef8b44d557fd0ffe48e2ea66fbb92e62fe57f75,0x982c5598a7d4727c9e26d2e60a82fa0e8d896c5b,28498,2025-10-21 12:21:08
13.571018016774572,1,37.04282336479388,0,23,0,0xf102d263f11b67a41f20e9369b82f3b5049ed498,0xcccfd1d64656963b7f0cc01ce7cefe7dd6311b95,47032,2025-10-21 12:21:08
9.801499999703788,5,59.95571736482427,0,17,0,0x8c02c3b081e4dc2e3e3a1a171fed9f6009fff22a,0x84e625833328ad4324f45f47b14f1cf2d4b399df,95209,2025-10-21 12:21:08
12.761348888425788,3,43.96187515597033,0,15,0,0x8de1326e58c71207c131f1e2d9c4791dc4abc3bc,0x68ad05413abd18a96e3fc44fe506b29e7cc048e0,96758,2025-10-21 12:21:08
7.500885114059185,4,50.568747223681456,0,0,0,0xdd295871074190a775445416360f51f2290d4c7b,0x074456a8d15b8d90c564a2606c0e5906a39a40a7,40606,2025-10-21 12:21:08
11.66161468928959,4,41.54092719333172,1,16,0,0xd79ba667c7ed46b135ad9d21b031d2b9aeaa5922,0xdac3f40dc0e6f5564388ac29f03e30a81d6ef967,42475,2025-10-21 12:21:08
11.500195786820676,4,59.929526227538275,0,7,0,0x32e58712ee724fbabb81894e83772490c58bd01d,0x90dc2b5cd0a650efb8e04f034ef009651cf53856,62133,2025-10-21 12:21:08
7.66224384702253,2,39.01720665802152,0,18,0,0x659a2ff169945e8c63a82e3929aeb2be043a8e32,0xedda47f5c70c2edd6c73dda53110e0e4147c73ab,37843,2025-10-21 12:21:08
9.75942806073904,2,36.453753582449345,0,3,0,0x5bb9a43f0ac2dcfc39a78d7890af0d2c31968a53,0x3bd257bd58c31e274ba5fa9ac2b07a4bed2ab23f,12691,2025-10-21 12:21:08
13.799227499481404,6,60.88447176240112,0,13,0,0x505f3258778576b05bfdda322cb9eccbcc7e0e6a,0x158af1382751b7f29005598f89b4a033f5ce9020,2120,2025-10-21 12:21:08
4.787703503223785,5,36.56701688715047,0,8,0,0x93fe0ddf1e6ff90532684569cb552a2dee46bc51,0xaacd29a3763e582c76222c07520c80126e0a1100,1817,2025-10-21 12:21:08
12.063040360128449,1,58.755969643042086,1,9,0,0x2b4ec6cc5cf92649de3b51616717bc6e2c6014fa,0x69b8ebdccec78e8c30022f2904911497afde9b20,25106,2025-10-21 12:21:08
10.04593921867268,4,44.90840961465345,0,7,0,0xc8045dd241a7b24cb0408158250de6144b0ae633,0xf02675604cd9d6e3dfe9f3de821dc76942f2a1d4,66802,2025-10-21 12:21:08
8.384714811581642,1,34.873144366315074,1,10,0,0xf69c0d50cff59e19a0761143fb38a0dc98fb2749,0x70ba09bddd8dd05285785363122e82ae4fe6560f,39130,2025-10-21 12:21:08
11.773280809075082,2,51.42855493962948,1,5,0,0xe288ff7229ebeea92da5b181979f334d035b91da,0x541637aa6fced2b8423a7a0c5ecbe767ddc90241,934,2025-10-21 12:21:08
13.650128970290261,2,47.541276870714356,0,9,0,0x2ad3f285ffa441bdc81462c749b22e2ab2390b29,0xceea472db40a58b006b7dcfb12ed75a554d3e2f7,88850,2025-10-21 12:21:08
8.038594406488778,4,40.48358910823053,0,22,0,0x94c7788c5c9e6bfcfabd32ea21767c5c9eb94071,0x2d7d0b8111ceeb4f1fdc24eb8b86dccb7de01d16,88671,2025-10-21 12:21:08
23.373181367895707,3,36.53960327372366,1,8,0,0x08daa7af842da73d08a3b192585bfb30e1621ffb,0x4455d24dc223d479cc560f03f718dde9a473950c,97582,2025-10-21 12:21:08
8.241226647511366,2,54.38957178234851,0,0,0,0x5d30e8ee8a4756c5ee62da29d2950dbcbc8c8d31,0xcc5eb624ccfa785fe14c8255ea1e2a888128bdc7,91081,2025-10-21 12:21:08
13.263688960074866,2,40.647518029948316,0,12,0,0xd6dc6e572190b27b7e6b12cf6a7859284b389bf1,0x39aa6416df9739a7af622b2f264b397982ac53b4,77988,2025-10-21 12:21:08
2.406228596853956,4,48.918812622455846,0,11,0,0x93cf5fa5ba9e4964e5dd07d44d95573e3e28ff74,0x63fd7cd2a6c2171843bf8714f01429c9e9e0662e,2211,2025-10-21 12:21:08
21.318057832762026,3,41.98201506603747,0,19,0,0xa754c88ea7bc92ce858005fb34f428e051f18918,0xdd647f1b629306caa7c144721cdd1065a2848027,51956,2025-10-21 12:21:08
7.570630101495113,1,31.00657834151229,0,20,0,0xbb767cb8e982e90fe7cc934daf556d921b8d189e,0xb270a386a40eba8a59f58781e244fc517db0db65,82536,2025-10-21 12:21:08
112.94324511971307,13,137.41737694247666,1,2,1,0x3a02f9ed1f31b95a90f48e031fae141c404cdee2,0x8dfd6bb719386ab1e02bfd5940294b8a9edfb9e4,40914,2025-10-21 12:21:08
4.996130816549408,3,61.08067247172729,0,19,0,0xdb1a302a07401862efe01674cbd3934e6dc63046,0xdb908270826b651b90c267db9492bd2db23668fb,55656,2025-10-21 12:21:08
7.495013164922486,4,20.418305694509815,1,18,0,0xb367e1142f3e0a3a3321f3c725f106bdb5c93651,0x04639334f105bb1ec6e97d92864ef3e6ecde5c51,62258,2025-10-21 12:21:08
13.176623944440312,3,39.22771274289429,1,17,0,0xe3d875c06f0d728c4535861a5aaccb87cafcd045,0x37b6232dfde9f86dc74bb408e8bd3d0c245ad87b,25485,2025-10-21 12:21:08
10.2917213977761,4,40.23937442222133,0,1,0,0x83c0d585693c1cf2a01688e8aed0e6d6de880941,0x7096e63a76be0a949e6c6308e470317bfb9edaac,46885,2025-10-21 12:21:08
5.324022364008237,2,34.1681155333395,0,19,0,0xb5f1e56d5bfaec03246b2f0aa8553a0b896b9d6a,0xf4257a7b768cf09ab1c3f19ff07a53bd3e9d7fab,35022,2025-10-21 12:21:08
17.0554656070084,4,27.940409051092647,0,21,0,0x667a727364b3c351c4e714649887df812f3e4e9b,0xe97627938ddf634406fb3240efaf11a8206b17d9,8244,2025-10-21 12:21:08
19.535840682169088,1,48.82921710057263,0,14,0,0x1ca93d34e50cd5fce821b7179383e0704625cfa0,0xaefffca3a50db6d978acd402cdf8548824dde898,56506,2025-10-21 12:21:08
7.492095547655061,4,47.03943857515995,0,5,0,0x5d413bbfabaa65a9f5810128db98b46291554091,0x60b8572a6f0add0ae71d07f81a24f1513a7fe09e,48778,2025-10-21 12:21:08
7.637094003284051,2,44.51234348156885,0,23,0,0x69ee14ea9c3e90402b8614e3cf6de3fd825497cd,0x3203906e8f43090cc6e820c4e9929fdd005c68f4,63467,2025-10-21 12:21:08
8.502625398587973,2,62.52291909122032,0,3,0,0xad09160479448aea4e02d4791d3b32e5f91f219c,0x008811cb846477600d764c1186548275e8d8c465,87246,2025-10-21 12:21:08
7.983634713731407,7,50.647762643141505,0,20,0,0x71f430c659fb08fb30701d4c00e5daf04f9a41dd,0x17e7b89ea0d5e3528cfb5c529cb498d7920cc569,43797,2025-10-21 12:21:08
19.43385495065998,3,60.57905432318357,1,18,0,0xa2222a3d9fcf0c33e7af34342f27bdf0219ea575,0x89709fd3f30501b148b4034993efa28f0555ce4e,95747,2025-10-21 12:21:08
6.5757912658859015,3,51.368701583954035,1,12,0,0x32f3fc787f8f7c4407faf155b938f2714cceee51,0xfd928524a9098779fc6b5ff91d6243b0603b7dcb,49395,2025-10-21 12:21:08
7.758727982335706,4,41.94500536946347,0,9,0,0x6feaa49c331b800328c6a1349bd3cd33763a054a,0x88ab745f181049725c8b751368916d7e9ecc644d,58936,2025-10-21 12:21:08
14.83897916840465,3,43.12669690178699,0,20,0,0x4aebef5b7ff5d56a736758fc53d51a7daf536e7f,0x8ea06d1ef459c33f43dc298050c4d24dd7e7831c,80983,2025-10-21 12:21:08
9.536769260705945,1,60.68518985472554,0,22,0,0x2929221450561065d2c1c1dfb170b27561fdf862,0x7789f61c76dcc5a584d79a8bc5cbc5d0ad9be883,38169,2025-10-21 12:21:08
44.656568481048744,2,38.521277103534786,0,20,0,0x82d97e6ecf2ed462c18f12eb0ec00e92d5923f16,0x2e21791feac64574b33ba739b0400d17a771ef2f,98308,2025-10-21 12:21:08
8.634622538190184,4,38.72951385302259,1,13,0,0xf3a033ea276992f37ec9244e4489c4eadad8c8ed,0x923106798a3bb044f1c4cf483a0ee6c482f3c1f5,24165,2025-10-21 12:21:08
15.828216501316172,4,51.53478981951741,0,5,0,0xead9fb3d8aebc120ea69dad8c27055432cd36d62,0x25dc168fb71c1054eda128771389793677d65171,22590,2025-10-21 12:21:08
17.008921587133425,2,33.28168699527475,0,19,0,0xfa922409acded6fc76f78326b8cb8b7dfc2f5d15,0xef22c1f868165ecf22ee7dfc7f1c019d4c73537a,30136,2025-10-21 12:21:08
9.757082017149207,0,47.0073854075839,0,19,0,0x4ef32f795824351527e9e9ae5b7658a89ff9e3ef,0x3e20374a6d56a678bc280343adce5ef736c678d5,20107,2025-10-21 12:21:08
18.46474732765407,4,48.353172563973075,1,12,0,0x72da4fb2934ce7d9e7d279c3a1d27b41645d1a6e,0x010b0df5a055d7b25989b7ec538ef6e13177fa65,8705,2025-10-21 12:21:08
27.78962795408554,4,43.312152625840504,0,10,0,0x099486dff8807b6a125aa273c63167049d70b21d,0x9632bc0dbad7c1b57d31e29c63f16b3de6b75e76,60837,2025-10-21 12:21:08
23.686604799962964,2,64.23513487603455,1,21,0,0x222c02d1c897cc56d067e756a13f7ae379fdfb38,0x11d58ffe95ca8bf967aa23d0a8ccf2dac0881f6f,16373,2025-10-21 12:21:08
6.940022218669127,3,55.06411040026555,0,1,0,0x05f0b537c7ce86cac7ca2933568d9519e96ec9d8,0xc91e416e157bf4a2886209eda258069d9b261f9f,47142,2025-10-21 12:21:08
19.955942073066947,1,47.12824398669969,0,15,0,0x73175bef7a827d974545099917d0860d41dab00d,0x99208c88cb35dccfa664ffa3a08c3dc32811a132,82971,2025-10-21 12:21:08
10.822171514854878,3,51.40026618384329,0,2,0,0xc4345f0114be98693e4a6d98b96ac139c3da87f5,0x99031d8817c5d977801c2477fcc7fe51ac4bcff3,13994,2025-10-21 12:21:08
4.748672798043006,2,58.69094582762851,0,5,0,0x767ce61abf533e95f74d2b042f2383494e0f6e15,0x246890edddec43fa0f6c19a6658f67336fd3d3e1,53316,2025-10-21 12:21:08
12.542375822221636,2,56.077210959824484,1,10,0,0xdea3ed4fb43d1bf7eee085f3f5a8cdbb82ceeee7,0x14c6508ad1236cca6a1b588227a0f4468c175adb,80296,2025-10-21 12:21:08
33.82935669444839,2,26.58080921068457,1,12,0,0x086df9e650c1af204a45dc698cf6c5ce8154be5e,0xbf40d1dbfb478b612e8d7ae5209595ecf68075c1,55450,2025-10-21 12:21:08
7.152805757146328,2,37.201933242623994,0,7,0,0xe90a4b72d2cca66b1cf7e48c0a3f7f889a006acb,0x6d8075aa1eaa91c0f019bd5523814d09df83e1ae,38087,2025-10-21 12:21:08
206.15105811929297,24,111.31949102896931,1,3,1,0x5d67a59fd9b96a66cd12980c7650819b48b79ed3,0xc98d6f6f6d92ae659b7d46fc20d626db5abb8908,32424,2025-10-21 12:21:08
16.054405305268435,2,35.27172107417043,0,15,0,0xe78bea40a53503f45d4124ae63a58962ea48f427,0xd1118aa60906a90a9617fc92723d2ea7a9fbd38e,22413,2025-10-21 12:21:08
21.78424483062504,5,48.772632593422266,1,4,0,0x6b44075e4c6128457d20dc3d18386ef6016bf46e,0x0331625bdd498934b6750618b39736a98c5bc0e7,26473,2025-10-21 12:21:08
6.794806942305389,3,41.193053762049075,0,21,0,0x273758532ed3ffa671866cb9dfe361a9dd2f1b40,0xc165e891ca9185e2b10406203c4579ac4be03276,51986,2025-10-21 12:21:08
13.303514013349066,1,58.78142680497613,0,16,0,0xdc1eeaf55b7886bff90361b8fc08e6c9f5db619b,0x2c900a346def033d244e14a5b0389e9d95ffdeb7,95212,2025-10-21 12:21:08
25.04635613552632,2,41.248910050564355,0,20,0,0x1d250a377df46435df7b90234087148c2485c47d,0xa7cedd5702ffd4683e703420c95fd5259d97a042,65526,2025-10-21 12:21:08
7.164357402143819,5,36.54447823645386,0,11,0,0x48eac2036fc2c971f8ed2ad5649c4d03088e44c4,0x60755ea72589b0733a778709b174fe311fbdf514,94691,2025-10-21 12:21:08
7.875193016988277,5,44.01279105544327,1,18,0,0xe6e51a9246e1a306eead179bfaf0174d4a6d3827,0x8c3a5d3e76dd0cd99ac1b96fd8c990e592de4613,89360,2025-10-21 12:21:08
185.46936822534894,22,156.46345616724832,1,2,1,0x2e7df09c96b01aabb09280214be6e594c2c6b815,0x9daddbda0b32203d3d76d3b079bc05e92f5d6124,53853,2025-10-21 12:21:08
11.372044820905678,1,67.09605576042378,0,8,0,0xeb487f8643dc7102604def42a0478bc50dce410c,0x09e2b44080fe0343816ea1c43f28097eab70c825,84722,2025-10-21 12:21:08
3.865271221072181,2,31.67321558974796,1,13,0,0x2a948658dd5a36c115c451101da9612ac559a8ba,0x7c384badb348c69c4e07e5a98d86b1f3b8e270e7,39012,2025-10-21 12:21:08
12.336992941884995,2,47.019990107573214,0,9,0,0xbee1e605875c55fe7c1a8f971da70558840bda06,0xca692130f87c7782ce60c0e768db58707a9afce4,68939,2025-10-21 12:21:08
19.186236441882563,5,36.331154151165336,0,0,0,0xaa382e58344c41a1fe0dc0323fabeb5a0776fbea,0x88b0a22295722c5d6e674c558ce8c246b0ade262,5446,2025-10-21 12:21:08
10.235225729002497,2,34.7524924992361,1,8,0,0xfa37f8e45974b3ff7de2e585d87fb89d878d66a3,0x5c7770a245265a51c959fe42a0875c6b154a9018,39136,2025-10-21 12:21:08
2.4154075103982717,0,28.348747036959555,0,7,0,0xfff0e67b808e6620f6cf975d687d4ba3a3319967,0x6486644235b5bc65fe54f52f752700436e1a151f,56766,2025-10-21 12:21:08
9.085596405128035,5,58.57619633050139,0,19,0,0xb6fdeaf9f7aa87434baec045c889db2cca778e04,0x478b1a22d15603e107eeebbd735b3f7586663968,15445,2025-10-21 12:21:08
7.082701587806849,1,39.923058716102894,0,9,0,0x46a7a6e53e815f95fa3c2ad212393d9de6387090,0x380202f4fa4c4a03543f0cc4caa13371a1424138,33758,2025-10-21 12:21:08
10.203306242430523,0,39.537359908225355,0,9,0,0xc539589f47177167652aa273ce97edc952b910b3,0xd68edcd0c9abc6aaec33a076a1ddca739244c354,2676,2025-10-21 12:21:08
20.546175612856032,3,45.52457386889444,0,13,0,0x737cf7a0cf5ae97707c8ad5c6540191a8f522d99,0x1f681bb911b6c53cf71ddd5ca047010ad3836be4,42904,2025-10-21 12:21:08
4.909105103367719,4,53.95796218235928,0,6,0,0x16d00d920cadf2eb86c86ad8ac265152144a1f27,0x8d4550e2ac163b826e41ef0a994c2ec68385096a,53463,2025-10-21 12:21:08
14.300235284712315,2,31.84202591781859,0,11,0,0xef47933c59fadde4485de2a385ad7a6b009d6c18,0xf21083320d3e9075cb11eceeb6210ad11e43bdc4,90555,2025-10-21 12:21:08
3.9207209842060324,4,41.11520093228519,1,7,0,0xdbf9b8db188954915a822a3e9ab3e015493f981e,0x5e7aa5ca8d45334b901c36da113ac388c40f7e5d,61599,2025-10-21 12:21:08
377.69664789919415,19,154.18298890888698,0,3,1,0xb7eba3831dd5cbdf860d8581a67746d62aa1ee43,0xa40aff5ac9a42f6e3ea9da10e1a68dde000ac1c7,38166,2025-10-21 12:21:08
10.04443720448843,4,45.2012112958086,0,4,0,0x7fbd4c86a0179c7ff1c67f3ff2ffe981fd27149b,0xc139b15cc5710b0efbd4b415ff1fa62e1af59049,75229,2025-10-21 12:21:08
32.68710403503291,4,33.75878141139226,0,15,0,0xf763981cfc66e664034c93cf6c11a1924d98255a,0xae57e26ea0506e7f5071c8efaa05445c5a97e387,35747,2025-10-21 12:21:08
7.742853125846239,3,39.53592380536327,0,13,0,0x54dd104794d2216cd15b7715b282f0fc8c7bc19d,0x03ff77f3722865fe1d8007286f96f990b06b816b,66728,2025-10-21 12:21:08
10.639082188442048,6,66.85730616722574,0,21,0,0x926579c4f415bfbacca4f8d2e4288d9c6ed08d89,0xe710eab60e14d24e7de421c40af5e348addbb492,29938,2025-10-21 12:21:08
5.937411502732241,6,53.596307868548465,0,9,0,0x4a1c01330cc79be774913090b923baba2ba27328,0x7707a8f4a497f018f592586c8eb608d31e989fb4,84110,2025-10-21 12:21:08
6.727631284668492,6,43.8034109752685,0,10,0,0xbb074df79f2e5ad676f612f5288500ee3a9f723b,0x18ecc6c604346d5e6306e050c91c22b9c681457f,18482,2025-10-21 12:21:08
23.816473353405573,4,43.979937198727384,0,3,0,0xa5a83299f868a95349b124c228f3d30b6c9c8b7b,0x5fad5aa536cc5e06c05ea1ea40a6ecc0db96732b,55833,2025-10-21 12:21:08
25.75542394589943,4,47.802359460024945,0,1,0,0x1599e47088fcab67c8ce4dadf1defd0479e3337c,0x0613f3712f0671fa100f337c438a5bc0d69b732d,69822,2025-10-21 12:21:08
11.324307198472322,2,47.37731727905986,1,3,0,0x6cfa095312396002122ac0c5740a9a6aec98b689,0xe0ae798a99bdd09a893445fc11a44081d617b5cc,72454,2025-10-21 12:21:08
36.14248831143414,4,35.86541420367777,0,3,0,0xf8cf17be6b61036591f69a819eae4fa10a61560a,0x79e6f6fa7f874e2d87dbfeed51206796964f81f4,61789,2025-10-21 12:21:08
24.843785308517422,4,54.158237815976044,0,13,0,0xb851001b81e0fc3dc8b76714beeb6056f74d79a0,0x7f7e981bfbbb75261191c261c5ac7b7341a0f4ec,38010,2025-10-21 12:21:08
4.804735246691561,2,35.29728674091761,0,15,0,0xed3fca5f3c4aba16860f1ba70f14de5001f28275,0xfc9c83beaab009b3a132ad22fe064f628dc04f81,31384,2025-10-21 12:21:08
34.335448715627344,2,44.818657564919185,1,7,0,0x948e7da26fdd37626f55da923c3e5c8474eef553,0x896c63b2dec502e83ace4a5d728784c6a5e1ea2f,10266,2025-10-21 12:21:08
12.093304305897686,3,51.38543317267599,0,2,0,0x9943f117e3cd8b5bbc4653985233747ca75c4d1e,0xdb5f72eb095ade8a2f8212358b1a88b97b5d41a4,23774,2025-10-21 12:21:08
17.139570379998226,2,59.34177036520327,1,23,0,0x069b9da61ec2a7b34e67062ee4bb0a2401c2c7e4,0xbb61155b021f503d307ba6f8af9ece26c32abd23,35830,2025-10-21 12:21:08
17.610582856936436,3,44.32553441444818,1,8,0,0x4c288bdb1704e677563cf9668ae1a78270c9e400,0x1e6055f218ea1fa02369a3e6d8d8edb8350c4255,9756,2025-10-21 12:21:08
41.99350449935768,2,40.690037997801866,0,16,0,0xc54419d8bf42a65ea5f4356ebdd7e13a6249d685,0x58cdf5b051bcc42fea91eb1b50ad43909c893d1a,94974,2025-10-21 12:21:08
11.606555315892395,3,53.46839945469165,1,19,0,0x1859b1c0efeb3e1b6a62a901c732969312e307a7,0xe6efa0fa1c231f67a50ec444b7a4373c5c3b0f36,48582,2025-10-21 12:21:08
14.773194102698273,7,58.91457966955942,0,11,0,0x4ecd53ad22ec3ce51578c34f79f1918fa598c96c,0x0df99701b63c244203a53e01f7fc4b215be5c33c,1840,2025-10-21 12:21:08
12.795552058796632,2,42.32234481275155,0,2,0,0x4b88f17719f6044941d2c50db5d5f68f831f40ce,0x93df2a0886213a886385cf14a31de1c558dda895,43587,2025-10-21 12:21:08
13.759834605870834,4,36.03414459352808,0,11,0,0xbdbec4eb9ce2d66248312a0481c226b96ea0208d,0x0216030bfc23e5fac00dbc5851ec11404786a1bd,74220,2025-10-21 12:21:08
